Handle,Title,Body (HTML),Vendor,Product Category,Type,Tags,Published,Option1 Name,Option1 Value,Option1 Linked To,Option2 Name,Option2 Value,Option2 Linked To,Option3 Name,Option3 Value,Option3 Linked To,Variant SKU,Variant Grams,Variant Inventory Tracker,Variant Inventory Qty,Variant Inventory Policy,Variant Fulfillment Service,Variant Price,Variant Compare At Price,Variant Requires Shipping,Variant Taxable,Unit Price Total Measure,Unit Price Total Measure Unit,Unit Price Base Measure,Unit Price Base Measure Unit,Variant Barcode,Image Src,Image Position,Image Alt Text,Gift Card,SEO Title,SEO Description,Google Shopping / Google Product Category,Google Shopping / Gender,Google Shopping / Age Group,Google Shopping / MPN,Google Shopping / Condition,Google Shopping / Custom Product,Google Shopping / Custom Label 0,Google Shopping / Custom Label 1,Google Shopping / Custom Label 2,Google Shopping / Custom Label 3,Google Shopping / Custom Label 4,Google: Custom Product (product.metafields.mm-google-shopping.custom_product),Produtos complementares (product.metafields.shopify--discovery--product_recommendation.complementary_products),Produtos relacionados (product.metafields.shopify--discovery--product_recommendation.related_products),Configurações de produtos relacionados (product.metafields.shopify--discovery--product_recommendation.related_products_display),Impulsionamentos de produtos na pesquisa (product.metafields.shopify--discovery--product_search_boost.queries),Variant Image,Variant Weight Unit,Variant Tax Code,Cost per item,Status
chumbada-jig-head-esferica-natural-anzois-menores,Anzol Jig Head 90° Esférica Natural Anzóis Menores (6# - 1#),<p>Chumbada Jig Head Esférica</p>,Chumbada Oficial,Sem categoria,"","90 Graus, Jig Head, jig head esferica, Jig Head Esferica; Jig Head Esferica Menor, natural",true,Peso,1.75g,,Tamanho do Anzol,2#,,,,,JH930701000017501020,2.0,,-129,continue,manual,1.42,,true,false,,,,,,https://cdn.shopify.com/s/files/1/0454/5845/6736/products/jig-head-esferica-natural.png?v=1701357897,1,Chumbada Jig Head Esférica Natural Anzóis Menores (6# - 1#),false,,,,,,,,,,,,,,,,,,,,kg,,,active
chumbada-jig-head-esferica-natural-anzois-menores,,,,,,,,,2g,,,6#,,,,,'40598070113394,2.0,,-601,continue,manual,1.56,,true,false,,,,,,https://cdn.shopify.com/s/files/1/0454/5845/6736/products/Anzol_6_e4406a8c-8685-4586-8130-a8609abec666.jpg?v=1701357897,2,Chumbada Jig Head Esférica Natural Anzóis Menores (6# - 1#),,,,,,,,,,,,,,,,,,,,https://cdn.shopify.com/s/files/1/0454/5845/6736/products/Anzol_6_e4406a8c-8685-4586-8130-a8609abec666.jpg?v=1701357897,kg,,,
chumbada-jig-head-esferica-natural-anzois-menores,,,,,,,,,2g,,,4#,,,,,'40598070113250,2.0,,-502,continue,manual,1.56,,true,false,,,,,,https://cdn.shopify.com/s/files/1/0454/5845/6736/products/Anzol_4_ad7e8bf6-44db-4c50-a380-823f120e7e9c.jpg?v=1701357897,3,Chumbada Jig Head Esférica Natural Anzóis Menores (6# - 1#),,,,,,,,,,,,,,,,,,,,https://cdn.shopify.com/s/files/1/0454/5845/6736/products/Anzol_4_ad7e8bf6-44db-4c50-a380-823f120e7e9c.jpg?v=1701357897,kg,,,
chumbada-jig-head-esferica-natural-anzois-menores,,,,,,,,,2g,,,2#,,,,,'40598070113106,2.0,,-974,continue,manual,1.56,,true,false,,,,,,https://cdn.shopify.com/s/files/1/0454/5845/6736/products/Anzol_2_c932745e-f6e6-41db-924f-02fcaac10581.jpg?v=1701357897,4,Chumbada Jig Head Esférica Natural Anzóis Menores (6# - 1#),,,,,,,,,,,,,,,,,,,,https://cdn.shopify.com/s/files/1/0454/5845/6736/products/Anzol_2_c932745e-f6e6-41db-924f-02fcaac10581.jpg?v=1701357897,kg,,,
chumbada-jig-head-esferica-natural-anzois-menores,,,,,,,,,2g,,,1#,,,,,'40598070112962,2.0,shopify,-721,deny,manual,1.56,,true,false,,,,,,https://cdn.shopify.com/s/files/1/0454/5845/6736/products/Anzol_1_6dc5591b-19e6-4326-a2e0-1ca7b71dab02.jpg?v=1701357897,5,Chumbada Jig Head Esférica Natural Anzóis Menores (6# - 1#),,,,,,,,,,,,,,,,,,,,https://cdn.shopify.com/s/files/1/0454/5845/6736/products/Anzol_1_6dc5591b-19e6-4326-a2e0-1ca7b71dab02.jpg?v=1701357897,kg,,,
chumbada-jig-head-esferica-natural-anzois-menores,,,,,,,,,3g,,,2#,,,,,JH9307010000301020,2.0,,-226,continue,manual,1.56,,true,false,,,,,,,,,,,,,,,,,,,,,,,,,,,,,kg,,,
chumbada-jig-head-esferica-natural-anzois-menores,,,,,,,,,4g,,,6#,,,,,'40598070113395,4.0,,-576,continue,manual,1.56,,true,false,,,,,,,,,,,,,,,,,,,,,,,,,,,,https://cdn.shopify.com/s/files/1/0454/5845/6736/products/Anzol_6_e4406a8c-8685-4586-8130-a8609abec666.jpg?v=1701357897,kg,,,
chumbada-jig-head-esferica-natural-anzois-menores,,,,,,,,,4g,,,4#,,,,,'40598070113251,4.0,,-521,continue,manual,1.56,,true,false,,,,,,,,,,,,,,,,,,,,,,,,,,,,https://cdn.shopify.com/s/files/1/0454/5845/6736/products/Anzol_4_ad7e8bf6-44db-4c50-a380-823f120e7e9c.jpg?v=1701357897,kg,,,
chumbada-jig-head-esferica-natural-anzois-menores,,,,,,,,,4g,,,2#,,,,,'40598070113107,4.0,,-489,continue,manual,1.56,,true,false,,,,,,,,,,,,,,,,,,,,,,,,,,,,https://cdn.shopify.com/s/files/1/0454/5845/6736/products/Anzol_2_c932745e-f6e6-41db-924f-02fcaac10581.jpg?v=1701357897,kg,,,
chumbada-jig-head-esferica-natural-anzois-menores,,,,,,,,,4g,,,1#,,,,,'40598070112963,4.0,shopify,-738,deny,manual,1.56,,true,false,,,,,,,,,,,,,,,,,,,,,,,,,,,,https://cdn.shopify.com/s/files/1/0454/5845/6736/products/Anzol_1_6dc5591b-19e6-4326-a2e0-1ca7b71dab02.jpg?v=1701357897,kg,,,
chumbada-jig-head-esferica-natural-anzois-menores,,,,,,,,,6g,,,6#,,,,,'40598070113397,6.0,,-191,continue,manual,1.83,,true,false,,,,,,,,,,,,,,,,,,,,,,,,,,,,https://cdn.shopify.com/s/files/1/0454/5845/6736/products/Anzol_6_e4406a8c-8685-4586-8130-a8609abec666.jpg?v=1701357897,kg,,,
chumbada-jig-head-esferica-natural-anzois-menores,,,,,,,,,6g,,,4#,,,,,'40598070113253,6.0,,-389,continue,manual,1.83,,true,false,,,,,,,,,,,,,,,,,,,,,,,,,,,,https://cdn.shopify.com/s/files/1/0454/5845/6736/products/Anzol_4_ad7e8bf6-44db-4c50-a380-823f120e7e9c.jpg?v=1701357897,kg,,,
chumbada-jig-head-esferica-natural-anzois-menores,,,,,,,,,6g,,,2#,,,,,'40598070113109,6.0,,-596,continue,manual,1.83,,true,false,,,,,,,,,,,,,,,,,,,,,,,,,,,,https://cdn.shopify.com/s/files/1/0454/5845/6736/products/Anzol_2_c932745e-f6e6-41db-924f-02fcaac10581.jpg?v=1701357897,kg,,,
chumbada-jig-head-esferica-natural-anzois-menores,,,,,,,,,6g,,,1#,,,,,'40598070112965,6.0,shopify,-943,deny,manual,1.83,,true,false,,,,,,,,,,,,,,,,,,,,,,,,,,,,https://cdn.shopify.com/s/files/1/0454/5845/6736/products/Anzol_1_6dc5591b-19e6-4326-a2e0-1ca7b71dab02.jpg?v=1701357897,kg,,,
chumbada-jig-head-esferica-natural-anzois-menores,,,,,,,,,8g,,,4#,,,,,'40598070113255,8.0,,-82,continue,manual,1.83,,true,false,,,,,,,,,,,,,,,,,,,,,,,,,,,,https://cdn.shopify.com/s/files/1/0454/5845/6736/products/Anzol_4_ad7e8bf6-44db-4c50-a380-823f120e7e9c.jpg?v=1701357897,kg,,,
chumbada-jig-head-esferica-natural-anzois-menores,,,,,,,,,8g,,,2#,,,,,'40598070113111,8.0,,-315,continue,manual,1.83,,true,false,,,,,,,,,,,,,,,,,,,,,,,,,,,,https://cdn.shopify.com/s/files/1/0454/5845/6736/products/Anzol_2_c932745e-f6e6-41db-924f-02fcaac10581.jpg?v=1701357897,kg,,,
chumbada-jig-head-esferica-natural-anzois-menores,,,,,,,,,8g,,,1#,,,,,'40598070112967,8.0,shopify,-479,deny,manual,1.83,,true,false,,,,,,,,,,,,,,,,,,,,,,,,,,,,https://cdn.shopify.com/s/files/1/0454/5845/6736/products/Anzol_1_6dc5591b-19e6-4326-a2e0-1ca7b71dab02.jpg?v=1701357897,kg,,,
chumbada-jig-head-esferica-natural-anzois-menores,,,,,,,,,10g,,,2#,,,,,'40598070113112,10.0,,-167,continue,manual,2.29,,true,false,,,,,,,,,,,,,,,,,,,,,,,,,,,,https://cdn.shopify.com/s/files/1/0454/5845/6736/products/Anzol_2_c932745e-f6e6-41db-924f-02fcaac10581.jpg?v=1701357897,kg,,,
chumbada-jig-head-esferica-natural-anzois-menores,,,,,,,,,10g,,,1#,,,,,'40598070112968,10.0,shopify,-580,deny,manual,2.29,,true,false,,,,,,,,,,,,,,,,,,,,,,,,,,,,https://cdn.shopify.com/s/files/1/0454/5845/6736/products/Anzol_1_6dc5591b-19e6-4326-a2e0-1ca7b71dab02.jpg?v=1701357897,kg,,,
chumbada-jig-head-esferica-natural-anzois-menores,,,,,,,,,12g,,,2#,,,,,'40598070113113,12.0,,-33,continue,manual,2.29,,true,false,,,,,,,,,,,,,,,,,,,,,,,,,,,,https://cdn.shopify.com/s/files/1/0454/5845/6736/products/Anzol_2_c932745e-f6e6-41db-924f-02fcaac10581.jpg?v=1701357897,kg,,,
chumbada-jig-head-esferica-natural-anzois-menores,,,,,,,,,12g,,,1#,,,,,'40598070112969,12.0,shopify,-90,deny,manual,2.29,,true,false,,,,,,,,,,,,,,,,,,,,,,,,,,,,https://cdn.shopify.com/s/files/1/0454/5845/6736/products/Anzol_1_6dc5591b-19e6-4326-a2e0-1ca7b71dab02.jpg?v=1701357897,kg,,,
chumbada-jig-head-esferica-natural-anzois-menores,,,,,,,,,14g,,,2#,,,,,'40598070113114,14.0,,-43,continue,manual,2.29,,true,false,,,,,,,,,,,,,,,,,,,,,,,,,,,,https://cdn.shopify.com/s/files/1/0454/5845/6736/products/Anzol_2_c932745e-f6e6-41db-924f-02fcaac10581.jpg?v=1701357897,kg,,,
chumbada-jig-head-esferica-natural-anzois-menores,,,,,,,,,14g,,,1#,,,,,'40598070112970,14.0,shopify,-20,deny,manual,2.29,,true,false,,,,,,,,,,,,,,,,,,,,,,,,,,,,https://cdn.shopify.com/s/files/1/0454/5845/6736/products/Anzol_1_6dc5591b-19e6-4326-a2e0-1ca7b71dab02.jpg?v=1701357897,kg,,,
chumbada-jig-head-esferica-amarela-anzois-menores,Anzol Jig Head 90° Esférica Amarela Anzóis Menores (6# - 1#),<p>Chumbada Jig Head Esférica</p>,Chumbada Oficial,,"","90 Graus, Jig Head, jig head esferica, Jig Head Esferica; Jig Head Esferica Menor",true,Peso,6g,,Tamanho do Anzol,6#,,,,,'40598080613493,6.0,,-129,continue,manual,2.63,,true,false,,,,,,https://cdn.shopify.com/s/files/1/0454/5845/6736/products/chumbada-jig-head-esferica-amarela-anzois-menores-6-1.jpg?v=1630522578,1,Chumbada Jig Head Esférica Amarela Anzóis Menores (6# - 1#),false,,,,,,,,,,,,,,,,,,,https://cdn.shopify.com/s/files/1/0454/5845/6736/products/chumbada-jig-head-esferica-amarela-anzois-menores-6-1-6.jpg?v=1630522589,kg,,,active
chumbada-jig-head-esferica-amarela-anzois-menores,,,,,,,,,6g,,,4#,,,,,'40598080613349,6.0,,-150,continue,manual,2.63,,true,false,,,,,,https://cdn.shopify.com/s/files/1/0454/5845/6736/products/chumbada-jig-head-esferica-amarela-anzois-menores-6-1-2.jpg?v=1630522580,2,Chumbada Jig Head Esférica Amarela Anzóis Menores (6# - 1#),,,,,,,,,,,,,,,,,,,,https://cdn.shopify.com/s/files/1/0454/5845/6736/products/chumbada-jig-head-esferica-amarela-anzois-menores-6-1-6.jpg?v=1630522589,kg,,,
chumbada-jig-head-esferica-amarela-anzois-menores,,,,,,,,,6g,,,2#,,,,,'40598080613205,6.0,,-105,continue,manual,2.63,,true,false,,,,,,https://cdn.shopify.com/s/files/1/0454/5845/6736/products/chumbada-jig-head-esferica-amarela-anzois-menores-6-1-3.jpg?v=1630522582,3,Chumbada Jig Head Esférica Amarela Anzóis Menores (6# - 1#),,,,,,,,,,,,,,,,,,,,https://cdn.shopify.com/s/files/1/0454/5845/6736/products/chumbada-jig-head-esferica-amarela-anzois-menores-6-1-6.jpg?v=1630522589,kg,,,
chumbada-jig-head-esferica-amarela-anzois-menores,,,,,,,,,6g,,,1#,,,,,'40598080613061,6.0,shopify,-200,deny,manual,2.63,,true,false,,,,,,https://cdn.shopify.com/s/files/1/0454/5845/6736/products/chumbada-jig-head-esferica-amarela-anzois-menores-6-1-4.jpg?v=1630522584,4,Chumbada Jig Head Esférica Amarela Anzóis Menores (6# - 1#),,,,,,,,,,,,,,,,,,,,https://cdn.shopify.com/s/files/1/0454/5845/6736/products/chumbada-jig-head-esferica-amarela-anzois-menores-6-1-6.jpg?v=1630522589,kg,,,
chumbada-jig-head-esferica-amarela-anzois-menores,,,,,,,,,8g,,,4#,,,,,'40598080613351,8.0,,-21,continue,manual,2.63,,true,false,,,,,,https://cdn.shopify.com/s/files/1/0454/5845/6736/products/chumbada-jig-head-esferica-amarela-anzois-menores-6-1-5.jpg?v=1630522587,5,Chumbada Jig Head Esférica Amarela Anzóis Menores (6# - 1#),,,,,,,,,,,,,,,,,,,,https://cdn.shopify.com/s/files/1/0454/5845/6736/products/chumbada-jig-head-esferica-amarela-anzois-menores-6-1-6.jpg?v=1630522589,kg,,,
chumbada-jig-head-esferica-amarela-anzois-menores,,,,,,,,,8g,,,2#,,,,,'40598080613207,8.0,,-105,continue,manual,2.63,,true,false,,,,,,https://cdn.shopify.com/s/files/1/0454/5845/6736/products/chumbada-jig-head-esferica-amarela-anzois-menores-6-1-6.jpg?v=1630522589,6,Chumbada Jig Head Esférica Amarela Anzóis Menores (6# - 1#),,,,,,,,,,,,,,,,,,,,https://cdn.shopify.com/s/files/1/0454/5845/6736/products/chumbada-jig-head-esferica-amarela-anzois-menores-6-1-6.jpg?v=1630522589,kg,,,
chumbada-jig-head-esferica-amarela-anzois-menores,,,,,,,,,8g,,,1#,,,,,'40598080613063,8.0,shopify,-101,deny,manual,2.63,,true,false,,,,,,,,,,,,,,,,,,,,,,,,,,,,https://cdn.shopify.com/s/files/1/0454/5845/6736/products/chumbada-jig-head-esferica-amarela-anzois-menores-6-1-6.jpg?v=1630522589,kg,,,
chumbada-jig-head-esferica-amarela-anzois-menores,,,,,,,,,10g,,,2#,,,,,'40598080613208,10.0,,-105,continue,manual,3.49,,true,false,,,,,,,,,,,,,,,,,,,,,,,,,,,,https://cdn.shopify.com/s/files/1/0454/5845/6736/products/chumbada-jig-head-esferica-amarela-anzois-menores-6-1-6.jpg?v=1630522589,kg,,,
chumbada-jig-head-esferica-amarela-anzois-menores,,,,,,,,,10g,,,1#,,,,,'40598080613064,10.0,shopify,-100,deny,manual,3.49,,true,false,,,,,,,,,,,,,,,,,,,,,,,,,,,,https://cdn.shopify.com/s/files/1/0454/5845/6736/products/chumbada-jig-head-esferica-amarela-anzois-menores-6-1-6.jpg?v=1630522589,kg,,,
chumbada-jig-head-esferica-amarela-anzois-menores,,,,,,,,,12g,,,2#,,,,,'40598080613209,12.0,,0,continue,manual,3.49,,true,false,,,,,,,,,,,,,,,,,,,,,,,,,,,,https://cdn.shopify.com/s/files/1/0454/5845/6736/products/chumbada-jig-head-esferica-amarela-anzois-menores-6-1-6.jpg?v=1630522589,kg,,,
chumbada-jig-head-esferica-amarela-anzois-menores,,,,,,,,,12g,,,1#,,,,,'40598080613065,12.0,shopify,0,deny,manual,3.49,,true,false,,,,,,,,,,,,,,,,,,,,,,,,,,,,https://cdn.shopify.com/s/files/1/0454/5845/6736/products/chumbada-jig-head-esferica-amarela-anzois-menores-6-1-6.jpg?v=1630522589,kg,,,
chumbada-jig-head-esferica-amarela-anzois-menores,,,,,,,,,14g,,,2#,,,,,'40598080613210,14.0,,-10,continue,manual,3.49,,true,false,,,,,,,,,,,,,,,,,,,,,,,,,,,,https://cdn.shopify.com/s/files/1/0454/5845/6736/products/chumbada-jig-head-esferica-amarela-anzois-menores-6-1-6.jpg?v=1630522589,kg,,,
chumbada-jig-head-esferica-amarela-anzois-menores,,,,,,,,,14g,,,1#,,,,,'40598080613066,14.0,shopify,0,deny,manual,3.49,,true,false,,,,,,,,,,,,,,,,,,,,,,,,,,,,https://cdn.shopify.com/s/files/1/0454/5845/6736/products/chumbada-jig-head-esferica-amarela-anzois-menores-6-1-6.jpg?v=1630522589,kg,,,
chumbada-jig-head-esferica-laranja-anzois-menores,Anzol Jig Head 90° Esférica Laranja Anzóis Menores (6# - 1#),<p>Chumbada Jig Head Esférica</p>,Chumbada Oficial,Sem categoria,"","90 Graus, Jig Head, jig head esferica, Jig Head Esferica; Jig Head Esferica Menor",true,Peso,6g,,Tamanho do Anzol,6#,,,,,'40598080513477,6.0,,-32,continue,manual,2.63,,true,false,,,,,,https://cdn.shopify.com/s/files/1/0454/5845/6736/files/AnzolJigHead90_EsfericaAnzoisMenores_6_-1.png?v=1780324818,1,"",false,,,,,,,,,,,,,,,,,,,https://cdn.shopify.com/s/files/1/0454/5845/6736/products/chumbada-jig-head-esferica-laranja-anzois-menores-6-1-6.jpg?v=1630522646,kg,,,active
chumbada-jig-head-esferica-laranja-anzois-menores,,,,,,,,,6g,,,4#,,,,,'40598080513333,6.0,,0,continue,manual,2.63,,true,false,,,,,,https://cdn.shopify.com/s/files/1/0454/5845/6736/products/chumbada-jig-head-esferica-laranja-anzois-menores-6-1.jpg?v=1630522634,2,Chumbada Jig Head Esférica Laranja Anzóis Menores (6# - 1#),,,,,,,,,,,,,,,,,,,,https://cdn.shopify.com/s/files/1/0454/5845/6736/products/chumbada-jig-head-esferica-laranja-anzois-menores-6-1-6.jpg?v=1630522646,kg,,,
chumbada-jig-head-esferica-laranja-anzois-menores,,,,,,,,,6g,,,2#,,,,,'40598080513189,6.0,,-30,continue,manual,2.63,,true,false,,,,,,https://cdn.shopify.com/s/files/1/0454/5845/6736/products/chumbada-jig-head-esferica-laranja-anzois-menores-6-1-2.jpg?v=1630522636,3,Chumbada Jig Head Esférica Laranja Anzóis Menores (6# - 1#),,,,,,,,,,,,,,,,,,,,https://cdn.shopify.com/s/files/1/0454/5845/6736/products/chumbada-jig-head-esferica-laranja-anzois-menores-6-1-6.jpg?v=1630522646,kg,,,
chumbada-jig-head-esferica-laranja-anzois-menores,,,,,,,,,6g,,,1#,,,,,'40598080513045,6.0,shopify,-81,deny,manual,2.63,,true,false,,,,,,https://cdn.shopify.com/s/files/1/0454/5845/6736/products/chumbada-jig-head-esferica-laranja-anzois-menores-6-1-3.jpg?v=1630522638,4,Chumbada Jig Head Esférica Laranja Anzóis Menores (6# - 1#),,,,,,,,,,,,,,,,,,,,https://cdn.shopify.com/s/files/1/0454/5845/6736/products/chumbada-jig-head-esferica-laranja-anzois-menores-6-1-6.jpg?v=1630522646,kg,,,
chumbada-jig-head-esferica-laranja-anzois-menores,,,,,,,,,8g,,,4#,,,,,'40598080513335,8.0,,0,continue,manual,2.63,,true,false,,,,,,https://cdn.shopify.com/s/files/1/0454/5845/6736/products/chumbada-jig-head-esferica-laranja-anzois-menores-6-1-4.jpg?v=1630522640,5,Chumbada Jig Head Esférica Laranja Anzóis Menores (6# - 1#),,,,,,,,,,,,,,,,,,,,https://cdn.shopify.com/s/files/1/0454/5845/6736/products/chumbada-jig-head-esferica-laranja-anzois-menores-6-1-6.jpg?v=1630522646,kg,,,
chumbada-jig-head-esferica-laranja-anzois-menores,,,,,,,,,8g,,,2#,,,,,'40598080513191,8.0,,-50,continue,manual,2.63,,true,false,,,,,,https://cdn.shopify.com/s/files/1/0454/5845/6736/products/chumbada-jig-head-esferica-laranja-anzois-menores-6-1-5.jpg?v=1630522642,6,Chumbada Jig Head Esférica Laranja Anzóis Menores (6# - 1#),,,,,,,,,,,,,,,,,,,,https://cdn.shopify.com/s/files/1/0454/5845/6736/products/chumbada-jig-head-esferica-laranja-anzois-menores-6-1-6.jpg?v=1630522646,kg,,,
chumbada-jig-head-esferica-laranja-anzois-menores,,,,,,,,,8g,,,1#,,,,,'40598080513047,8.0,shopify,-41,deny,manual,2.63,,true,false,,,,,,https://cdn.shopify.com/s/files/1/0454/5845/6736/products/chumbada-jig-head-esferica-laranja-anzois-menores-6-1-6.jpg?v=1630522646,7,Chumbada Jig Head Esférica Laranja Anzóis Menores (6# - 1#),,,,,,,,,,,,,,,,,,,,https://cdn.shopify.com/s/files/1/0454/5845/6736/products/chumbada-jig-head-esferica-laranja-anzois-menores-6-1-6.jpg?v=1630522646,kg,,,
chumbada-jig-head-esferica-laranja-anzois-menores,,,,,,,,,10g,,,2#,,,,,'40598080513192,10.0,,-60,continue,manual,3.49,,true,false,,,,,,,,,,,,,,,,,,,,,,,,,,,,https://cdn.shopify.com/s/files/1/0454/5845/6736/products/chumbada-jig-head-esferica-laranja-anzois-menores-6-1-6.jpg?v=1630522646,kg,,,
chumbada-jig-head-esferica-laranja-anzois-menores,,,,,,,,,10g,,,1#,,,,,'40598080513048,10.0,shopify,-40,deny,manual,3.49,,true,false,,,,,,,,,,,,,,,,,,,,,,,,,,,,https://cdn.shopify.com/s/files/1/0454/5845/6736/products/chumbada-jig-head-esferica-laranja-anzois-menores-6-1-6.jpg?v=1630522646,kg,,,
chumbada-jig-head-esferica-laranja-anzois-menores,,,,,,,,,12g,,,2#,,,,,'40598080513193,12.0,,0,continue,manual,3.49,,true,false,,,,,,,,,,,,,,,,,,,,,,,,,,,,https://cdn.shopify.com/s/files/1/0454/5845/6736/products/chumbada-jig-head-esferica-laranja-anzois-menores-6-1-6.jpg?v=1630522646,kg,,,
chumbada-jig-head-esferica-laranja-anzois-menores,,,,,,,,,12g,,,1#,,,,,'40598080513049,12.0,shopify,0,deny,manual,3.49,,true,false,,,,,,,,,,,,,,,,,,,,,,,,,,,,https://cdn.shopify.com/s/files/1/0454/5845/6736/products/chumbada-jig-head-esferica-laranja-anzois-menores-6-1-6.jpg?v=1630522646,kg,,,
chumbada-jig-head-esferica-laranja-anzois-menores,,,,,,,,,14g,,,2#,,,,,'40598080513194,14.0,,-10,continue,manual,3.49,,true,false,,,,,,,,,,,,,,,,,,,,,,,,,,,,https://cdn.shopify.com/s/files/1/0454/5845/6736/products/chumbada-jig-head-esferica-laranja-anzois-menores-6-1-6.jpg?v=1630522646,kg,,,
chumbada-jig-head-esferica-laranja-anzois-menores,,,,,,,,,14g,,,1#,,,,,'40598080513050,14.0,shopify,0,deny,manual,3.49,,true,false,,,,,,,,,,,,,,,,,,,,,,,,,,,,https://cdn.shopify.com/s/files/1/0454/5845/6736/products/chumbada-jig-head-esferica-laranja-anzois-menores-6-1-6.jpg?v=1630522646,kg,,,
chumbada-jig-head-esferica-laranja-anzois-menores,,,,,,,,,4g,,,1#,,,,,'40598080513043,6.0,shopify,0,deny,manual,1.56,,true,false,,,,,,,,,,,,,,,,,,,,,,,,,,,,,kg,,,
chumbada-jig-head-esferica-preta-anzois-menores,Anzol Jig Head 90° Esférica Preta Anzóis Menores (6# - 1#),<p>Chumbada Jig Head Esférica</p>,Chumbada Oficial,,"","90 Graus, Jig Head, jig head esferica, Jig Head Esferica; Jig Head Esferica Menor",true,Peso,6g,,Tamanho do Anzol,6#,,,,,'40598080213429,6.0,,0,continue,manual,2.63,,true,false,,,,,,https://cdn.shopify.com/s/files/1/0454/5845/6736/products/chumbada-jig-head-esferica-preta-anzois-menores-6-1.jpg?v=1630522648,1,Chumbada Jig Head Esférica Preta Anzóis Menores (6# - 1#),false,,,,,,,,,,,,,,,,,,,https://cdn.shopify.com/s/files/1/0454/5845/6736/products/chumbada-jig-head-esferica-preta-anzois-menores-6-1-6.jpg?v=1630522660,kg,,,active
chumbada-jig-head-esferica-preta-anzois-menores,,,,,,,,,6g,,,4#,,,,,'40598080213285,6.0,,0,continue,manual,2.63,,true,false,,,,,,https://cdn.shopify.com/s/files/1/0454/5845/6736/products/chumbada-jig-head-esferica-preta-anzois-menores-6-1-2.jpg?v=1630522650,2,Chumbada Jig Head Esférica Preta Anzóis Menores (6# - 1#),,,,,,,,,,,,,,,,,,,,https://cdn.shopify.com/s/files/1/0454/5845/6736/products/chumbada-jig-head-esferica-preta-anzois-menores-6-1-6.jpg?v=1630522660,kg,,,
chumbada-jig-head-esferica-preta-anzois-menores,,,,,,,,,6g,,,2#,,,,,'40598080213141,6.0,,-10,continue,manual,2.63,,true,false,,,,,,https://cdn.shopify.com/s/files/1/0454/5845/6736/products/chumbada-jig-head-esferica-preta-anzois-menores-6-1-3.jpg?v=1630522653,3,Chumbada Jig Head Esférica Preta Anzóis Menores (6# - 1#),,,,,,,,,,,,,,,,,,,,https://cdn.shopify.com/s/files/1/0454/5845/6736/products/chumbada-jig-head-esferica-preta-anzois-menores-6-1-6.jpg?v=1630522660,kg,,,
chumbada-jig-head-esferica-preta-anzois-menores,,,,,,,,,6g,,,1#,,,,,'40598080212997,6.0,shopify,-40,deny,manual,2.63,,true,false,,,,,,https://cdn.shopify.com/s/files/1/0454/5845/6736/products/chumbada-jig-head-esferica-preta-anzois-menores-6-1-4.jpg?v=1630522655,4,Chumbada Jig Head Esférica Preta Anzóis Menores (6# - 1#),,,,,,,,,,,,,,,,,,,,https://cdn.shopify.com/s/files/1/0454/5845/6736/products/chumbada-jig-head-esferica-preta-anzois-menores-6-1-6.jpg?v=1630522660,kg,,,
chumbada-jig-head-esferica-preta-anzois-menores,,,,,,,,,8g,,,4#,,,,,'40598080213287,8.0,,0,continue,manual,2.63,,true,false,,,,,,https://cdn.shopify.com/s/files/1/0454/5845/6736/products/chumbada-jig-head-esferica-preta-anzois-menores-6-1-5.jpg?v=1630522657,5,Chumbada Jig Head Esférica Preta Anzóis Menores (6# - 1#),,,,,,,,,,,,,,,,,,,,https://cdn.shopify.com/s/files/1/0454/5845/6736/products/chumbada-jig-head-esferica-preta-anzois-menores-6-1-6.jpg?v=1630522660,kg,,,
chumbada-jig-head-esferica-preta-anzois-menores,,,,,,,,,8g,,,2#,,,,,'40598080213143,8.0,,-10,continue,manual,2.63,,true,false,,,,,,https://cdn.shopify.com/s/files/1/0454/5845/6736/products/chumbada-jig-head-esferica-preta-anzois-menores-6-1-6.jpg?v=1630522660,6,Chumbada Jig Head Esférica Preta Anzóis Menores (6# - 1#),,,,,,,,,,,,,,,,,,,,https://cdn.shopify.com/s/files/1/0454/5845/6736/products/chumbada-jig-head-esferica-preta-anzois-menores-6-1-6.jpg?v=1630522660,kg,,,
chumbada-jig-head-esferica-preta-anzois-menores,,,,,,,,,8g,,,1#,,,,,'40598080212999,8.0,shopify,-20,deny,manual,2.63,,true,false,,,,,,,,,,,,,,,,,,,,,,,,,,,,https://cdn.shopify.com/s/files/1/0454/5845/6736/products/chumbada-jig-head-esferica-preta-anzois-menores-6-1-6.jpg?v=1630522660,kg,,,
chumbada-jig-head-esferica-preta-anzois-menores,,,,,,,,,10g,,,2#,,,,,'40598080213144,10.0,,0,continue,manual,3.49,,true,false,,,,,,,,,,,,,,,,,,,,,,,,,,,,https://cdn.shopify.com/s/files/1/0454/5845/6736/products/chumbada-jig-head-esferica-preta-anzois-menores-6-1-6.jpg?v=1630522660,kg,,,
chumbada-jig-head-esferica-preta-anzois-menores,,,,,,,,,10g,,,1#,,,,,'40598080213000,10.0,shopify,0,deny,manual,3.49,,true,false,,,,,,,,,,,,,,,,,,,,,,,,,,,,https://cdn.shopify.com/s/files/1/0454/5845/6736/products/chumbada-jig-head-esferica-preta-anzois-menores-6-1-6.jpg?v=1630522660,kg,,,
chumbada-jig-head-esferica-preta-anzois-menores,,,,,,,,,12g,,,2#,,,,,'40598080213145,12.0,,0,continue,manual,3.49,,true,false,,,,,,,,,,,,,,,,,,,,,,,,,,,,https://cdn.shopify.com/s/files/1/0454/5845/6736/products/chumbada-jig-head-esferica-preta-anzois-menores-6-1-6.jpg?v=1630522660,kg,,,
chumbada-jig-head-esferica-preta-anzois-menores,,,,,,,,,12g,,,1#,,,,,'40598080213001,12.0,shopify,0,deny,manual,3.49,,true,false,,,,,,,,,,,,,,,,,,,,,,,,,,,,https://cdn.shopify.com/s/files/1/0454/5845/6736/products/chumbada-jig-head-esferica-preta-anzois-menores-6-1-6.jpg?v=1630522660,kg,,,
chumbada-jig-head-esferica-preta-anzois-menores,,,,,,,,,14g,,,2#,,,,,'40598080213146,14.0,,0,continue,manual,3.49,,true,false,,,,,,,,,,,,,,,,,,,,,,,,,,,,https://cdn.shopify.com/s/files/1/0454/5845/6736/products/chumbada-jig-head-esferica-preta-anzois-menores-6-1-6.jpg?v=1630522660,kg,,,
chumbada-jig-head-esferica-preta-anzois-menores,,,,,,,,,14g,,,1#,,,,,'40598080213002,14.0,shopify,0,deny,manual,3.49,,true,false,,,,,,,,,,,,,,,,,,,,,,,,,,,,https://cdn.shopify.com/s/files/1/0454/5845/6736/products/chumbada-jig-head-esferica-preta-anzois-menores-6-1-6.jpg?v=1630522660,kg,,,
chumbada-jig-head-esferica-vermelha-anzois-menores,Anzol Jig Head 90° Esférica Vermelha Anzóis Menores (6# - 1#),<p>Chumbada Jig Head Esférica</p>,Chumbada Oficial,,"","90 Graus, Jig Head, jig head esferica, Jig Head Esferica; Jig Head Esferica Menor",true,Peso,6g,,Tamanho do Anzol,6#,,,,,'40598080413461,6.0,,0,continue,manual,2.63,,true,false,,,,,,https://cdn.shopify.com/s/files/1/0454/5845/6736/products/chumbada-jig-head-esferica-vermelha-anzois-menores-6-1.jpg?v=1630522692,1,Chumbada Jig Head Esférica Vermelha Anzóis Menores (6# - 1#),false,,,,,,,,,,,,,,,,,,,https://cdn.shopify.com/s/files/1/0454/5845/6736/products/chumbada-jig-head-esferica-vermelha-anzois-menores-6-1-6.jpg?v=1630522703,kg,,,active
chumbada-jig-head-esferica-vermelha-anzois-menores,,,,,,,,,6g,,,4#,,,,,'40598080413317,6.0,,0,continue,manual,2.63,,true,false,,,,,,https://cdn.shopify.com/s/files/1/0454/5845/6736/products/chumbada-jig-head-esferica-vermelha-anzois-menores-6-1-2.jpg?v=1630522694,2,Chumbada Jig Head Esférica Vermelha Anzóis Menores (6# - 1#),,,,,,,,,,,,,,,,,,,,https://cdn.shopify.com/s/files/1/0454/5845/6736/products/chumbada-jig-head-esferica-vermelha-anzois-menores-6-1-6.jpg?v=1630522703,kg,,,
chumbada-jig-head-esferica-vermelha-anzois-menores,,,,,,,,,6g,,,2#,,,,,'40598080413173,6.0,,0,continue,manual,2.63,,true,false,,,,,,https://cdn.shopify.com/s/files/1/0454/5845/6736/products/chumbada-jig-head-esferica-vermelha-anzois-menores-6-1-3.jpg?v=1630522696,3,Chumbada Jig Head Esférica Vermelha Anzóis Menores (6# - 1#),,,,,,,,,,,,,,,,,,,,https://cdn.shopify.com/s/files/1/0454/5845/6736/products/chumbada-jig-head-esferica-vermelha-anzois-menores-6-1-6.jpg?v=1630522703,kg,,,
chumbada-jig-head-esferica-vermelha-anzois-menores,,,,,,,,,6g,,,1#,,,,,'40598080413029,6.0,shopify,-41,deny,manual,2.63,,true,false,,,,,,https://cdn.shopify.com/s/files/1/0454/5845/6736/products/chumbada-jig-head-esferica-vermelha-anzois-menores-6-1-4.jpg?v=1630522699,4,Chumbada Jig Head Esférica Vermelha Anzóis Menores (6# - 1#),,,,,,,,,,,,,,,,,,,,https://cdn.shopify.com/s/files/1/0454/5845/6736/products/chumbada-jig-head-esferica-vermelha-anzois-menores-6-1-6.jpg?v=1630522703,kg,,,
chumbada-jig-head-esferica-vermelha-anzois-menores,,,,,,,,,8g,,,4#,,,,,'40598080413319,8.0,,0,continue,manual,2.63,,true,false,,,,,,https://cdn.shopify.com/s/files/1/0454/5845/6736/products/chumbada-jig-head-esferica-vermelha-anzois-menores-6-1-5.jpg?v=1630522701,5,Chumbada Jig Head Esférica Vermelha Anzóis Menores (6# - 1#),,,,,,,,,,,,,,,,,,,,https://cdn.shopify.com/s/files/1/0454/5845/6736/products/chumbada-jig-head-esferica-vermelha-anzois-menores-6-1-6.jpg?v=1630522703,kg,,,
chumbada-jig-head-esferica-vermelha-anzois-menores,,,,,,,,,8g,,,2#,,,,,'40598080413175,8.0,,0,continue,manual,2.63,,true,false,,,,,,https://cdn.shopify.com/s/files/1/0454/5845/6736/products/chumbada-jig-head-esferica-vermelha-anzois-menores-6-1-6.jpg?v=1630522703,6,Chumbada Jig Head Esférica Vermelha Anzóis Menores (6# - 1#),,,,,,,,,,,,,,,,,,,,https://cdn.shopify.com/s/files/1/0454/5845/6736/products/chumbada-jig-head-esferica-vermelha-anzois-menores-6-1-6.jpg?v=1630522703,kg,,,
chumbada-jig-head-esferica-vermelha-anzois-menores,,,,,,,,,8g,,,1#,,,,,'40598080413031,8.0,shopify,-1,deny,manual,2.63,,true,false,,,,,,,,,,,,,,,,,,,,,,,,,,,,https://cdn.shopify.com/s/files/1/0454/5845/6736/products/chumbada-jig-head-esferica-vermelha-anzois-menores-6-1-6.jpg?v=1630522703,kg,,,
chumbada-jig-head-esferica-vermelha-anzois-menores,,,,,,,,,10g,,,2#,,,,,'40598080413176,10.0,,0,continue,manual,3.49,,true,false,,,,,,,,,,,,,,,,,,,,,,,,,,,,https://cdn.shopify.com/s/files/1/0454/5845/6736/products/chumbada-jig-head-esferica-vermelha-anzois-menores-6-1-6.jpg?v=1630522703,kg,,,
chumbada-jig-head-esferica-vermelha-anzois-menores,,,,,,,,,10g,,,1#,,,,,'40598080413032,10.0,shopify,0,deny,manual,3.49,,true,false,,,,,,,,,,,,,,,,,,,,,,,,,,,,https://cdn.shopify.com/s/files/1/0454/5845/6736/products/chumbada-jig-head-esferica-vermelha-anzois-menores-6-1-6.jpg?v=1630522703,kg,,,
chumbada-jig-head-esferica-vermelha-anzois-menores,,,,,,,,,12g,,,2#,,,,,'40598080413177,12.0,,0,continue,manual,3.49,,true,false,,,,,,,,,,,,,,,,,,,,,,,,,,,,https://cdn.shopify.com/s/files/1/0454/5845/6736/products/chumbada-jig-head-esferica-vermelha-anzois-menores-6-1-6.jpg?v=1630522703,kg,,,
chumbada-jig-head-esferica-vermelha-anzois-menores,,,,,,,,,12g,,,1#,,,,,'40598080413033,12.0,shopify,0,deny,manual,3.49,,true,false,,,,,,,,,,,,,,,,,,,,,,,,,,,,https://cdn.shopify.com/s/files/1/0454/5845/6736/products/chumbada-jig-head-esferica-vermelha-anzois-menores-6-1-6.jpg?v=1630522703,kg,,,
chumbada-jig-head-esferica-vermelha-anzois-menores,,,,,,,,,14g,,,2#,,,,,'40598080413178,14.0,,0,continue,manual,3.49,,true,false,,,,,,,,,,,,,,,,,,,,,,,,,,,,https://cdn.shopify.com/s/files/1/0454/5845/6736/products/chumbada-jig-head-esferica-vermelha-anzois-menores-6-1-6.jpg?v=1630522703,kg,,,
chumbada-jig-head-esferica-vermelha-anzois-menores,,,,,,,,,14g,,,1#,,,,,'40598080413034,14.0,shopify,0,deny,manual,3.49,,true,false,,,,,,,,,,,,,,,,,,,,,,,,,,,,https://cdn.shopify.com/s/files/1/0454/5845/6736/products/chumbada-jig-head-esferica-vermelha-anzois-menores-6-1-6.jpg?v=1630522703,kg,,,
chumbada-jig-head-esferica-natural-anzois-maiores,Anzol Jig Head 90° Esférica Natural Anzóis Maiores (1/0 - 6/0),<p>Anzol Jig Head Esférica</p>,Chumbada Oficial,Sem categoria,"","90 Graus, Jig Head, jig head esferica, Jig Head Esferica Maior, jig head esferica natural, natural",true,Peso,2g,,Tamanho do Anzol,1/0,,,,,'40598070113538,2.0,,-838,continue,manual,1.93,,true,false,,,,,,https://cdn.shopify.com/s/files/1/0454/5845/6736/products/jig-head-esferica-natural_2cfc3b3e-7ca0-4fca-a6c6-36ed075477a3.png?v=1701357884,1,Chumbada Jig Head Esférica Natural Anzóis Maiores (1/0 - 6/0),false,,,,,,,,,,,,,,,,,,,https://cdn.shopify.com/s/files/1/0454/5845/6736/products/jig-hook-90-tamanho-1-0.png?v=1701357884,kg,,,active
chumbada-jig-head-esferica-natural-anzois-maiores,,,,,,,,,2g,,,2/0,,,,,'40598070113682,2.0,,-454,deny,manual,1.93,,true,false,,,,,,https://cdn.shopify.com/s/files/1/0454/5845/6736/products/jig-hook-90-tamanho-1-0.png?v=1701357884,2,Chumbada Jig Head Esférica Natural Anzóis Maiores (1/0 - 6/0),,,,,,,,,,,,,,,,,,,,https://cdn.shopify.com/s/files/1/0454/5845/6736/products/jig-hook-90-tamanho-2-0.png?v=1701357884,kg,,,
chumbada-jig-head-esferica-natural-anzois-maiores,,,,,,,,,2g,,,3/0,,,,,'40598070113826,2.0,,-150,continue,manual,1.93,,true,false,,,,,,https://cdn.shopify.com/s/files/1/0454/5845/6736/products/jig-hook-90-tamanho-2-0.png?v=1701357884,3,Chumbada Jig Head Esférica Natural Anzóis Maiores (1/0 - 6/0),,,,,,,,,,,,,,,,,,,,https://cdn.shopify.com/s/files/1/0454/5845/6736/products/jig-hook-90-tamanho-3-0.png?v=1701357884,kg,,,
chumbada-jig-head-esferica-natural-anzois-maiores,,,,,,,,,2g,,,4/0,,,,,'40598070113970,2.0,,-25,continue,manual,2.02,,true,false,,,,,,https://cdn.shopify.com/s/files/1/0454/5845/6736/products/jig-hook-90-tamanho-3-0.png?v=1701357884,4,Chumbada Jig Head Esférica Natural Anzóis Maiores (1/0 - 6/0),,,,,,,,,,,,,,,,,,,,https://cdn.shopify.com/s/files/1/0454/5845/6736/products/jig-hook-90-tamanho-4-0_fb5f71af-28d0-4893-a296-e9be828f64e7.png?v=1701357884,kg,,,
chumbada-jig-head-esferica-natural-anzois-maiores,,,,,,,,,2g,,,5/0,,,,,'40598070114114,2.0,,-125,continue,manual,2.62,,true,false,,,,,,https://cdn.shopify.com/s/files/1/0454/5845/6736/products/jig-hook-90-tamanho-4-0_fb5f71af-28d0-4893-a296-e9be828f64e7.png?v=1701357884,5,Chumbada Jig Head Esférica Natural Anzóis Maiores (1/0 - 6/0),,,,,,,,,,,,,,,,,,,,https://cdn.shopify.com/s/files/1/0454/5845/6736/products/jig-hook-90-tamanho-5-0.png?v=1701357884,kg,,,
chumbada-jig-head-esferica-natural-anzois-maiores,,,,,,,,,2g,,,6/0,,,,,'40598070114258,2.0,shopify,0,deny,manual,2.62,,true,false,,,,,,https://cdn.shopify.com/s/files/1/0454/5845/6736/products/jig-hook-90-tamanho-5-0.png?v=1701357884,6,Chumbada Jig Head Esférica Natural Anzóis Maiores (1/0 - 6/0),,,,,,,,,,,,,,,,,,,,https://cdn.shopify.com/s/files/1/0454/5845/6736/products/jig-hook-90-tamanho-6-0.png?v=1701357884,kg,,,
chumbada-jig-head-esferica-natural-anzois-maiores,,,,,,,,,4g,,,1/0,,,,,'40598070113539,4.0,,-1668,continue,manual,1.93,,true,false,,,,,,https://cdn.shopify.com/s/files/1/0454/5845/6736/products/jig-hook-90-tamanho-6-0.png?v=1701357884,7,Chumbada Jig Head Esférica Natural Anzóis Maiores (1/0 - 6/0),,,,,,,,,,,,,,,,,,,,https://cdn.shopify.com/s/files/1/0454/5845/6736/products/jig-hook-90-tamanho-1-0.png?v=1701357884,kg,,,
chumbada-jig-head-esferica-natural-anzois-maiores,,,,,,,,,4g,,,2/0,,,,,'40598070113683,4.0,,-937,deny,manual,1.93,,true,false,,,,,,,,,,,,,,,,,,,,,,,,,,,,https://cdn.shopify.com/s/files/1/0454/5845/6736/products/jig-hook-90-tamanho-2-0.png?v=1701357884,kg,,,
chumbada-jig-head-esferica-natural-anzois-maiores,,,,,,,,,4g,,,3/0,,,,,'40598070113827,4.0,,-242,continue,manual,1.93,,true,false,,,,,,,,,,,,,,,,,,,,,,,,,,,,https://cdn.shopify.com/s/files/1/0454/5845/6736/products/jig-hook-90-tamanho-3-0.png?v=1701357884,kg,,,
chumbada-jig-head-esferica-natural-anzois-maiores,,,,,,,,,4g,,,4/0,,,,,'40598070113971,4.0,,-100,continue,manual,2.02,,true,false,,,,,,,,,,,,,,,,,,,,,,,,,,,,https://cdn.shopify.com/s/files/1/0454/5845/6736/products/jig-hook-90-tamanho-4-0_fb5f71af-28d0-4893-a296-e9be828f64e7.png?v=1701357884,kg,,,
chumbada-jig-head-esferica-natural-anzois-maiores,,,,,,,,,4g,,,5/0,,,,,'40598070114115,4.0,,-55,continue,manual,2.62,,true,false,,,,,,,,,,,,,,,,,,,,,,,,,,,,https://cdn.shopify.com/s/files/1/0454/5845/6736/products/jig-hook-90-tamanho-5-0.png?v=1701357884,kg,,,
chumbada-jig-head-esferica-natural-anzois-maiores,,,,,,,,,4g,,,6/0,,,,,'40598070114259,4.0,shopify,-15,deny,manual,2.62,,true,false,,,,,,,,,,,,,,,,,,,,,,,,,,,,https://cdn.shopify.com/s/files/1/0454/5845/6736/products/jig-hook-90-tamanho-6-0.png?v=1701357884,kg,,,
chumbada-jig-head-esferica-natural-anzois-maiores,,,,,,,,,5g,,,1/0,,,,,'40598070113540,5.0,shopify,-763,continue,manual,2.20,,true,false,,,,,,,,,,,,,,,,,,,,,,,,,,,,https://cdn.shopify.com/s/files/1/0454/5845/6736/products/jig-hook-90-tamanho-6-0.png?v=1701357884,kg,,,
chumbada-jig-head-esferica-natural-anzois-maiores,,,,,,,,,5g,,,2/0,,,,,'40598070113684,5.0,,-908,deny,manual,2.20,,true,false,,,,,,,,,,,,,,,,,,,,,,,,,,,,https://cdn.shopify.com/s/files/1/0454/5845/6736/products/jig-hook-90-tamanho-6-0.png?v=1701357884,kg,,,
chumbada-jig-head-esferica-natural-anzois-maiores,,,,,,,,,5g,,,3/0,,,,,'40598070113828,5.0,shopify,-542,continue,manual,2.20,,true,false,,,,,,,,,,,,,,,,,,,,,,,,,,,,https://cdn.shopify.com/s/files/1/0454/5845/6736/products/jig-hook-90-tamanho-6-0.png?v=1701357884,kg,,,
chumbada-jig-head-esferica-natural-anzois-maiores,,,,,,,,,5g,,,4/0,,,,,'40598070113972,5.0,shopify,-175,continue,manual,2.29,,true,false,,,,,,,,,,,,,,,,,,,,,,,,,,,,https://cdn.shopify.com/s/files/1/0454/5845/6736/products/jig-hook-90-tamanho-6-0.png?v=1701357884,kg,,,
chumbada-jig-head-esferica-natural-anzois-maiores,,,,,,,,,5g,,,5/0,,,,,'40598070114116,5.0,shopify,-230,continue,manual,2.89,,true,false,,,,,,,,,,,,,,,,,,,,,,,,,,,,https://cdn.shopify.com/s/files/1/0454/5845/6736/products/jig-hook-90-tamanho-6-0.png?v=1701357884,kg,,,
chumbada-jig-head-esferica-natural-anzois-maiores,,,,,,,,,6g,,,1/0,,,,,'40598070113541,6.0,,-1322,continue,manual,2.20,,true,false,,,,,,,,,,,,,,,,,,,,,,,,,,,,https://cdn.shopify.com/s/files/1/0454/5845/6736/products/jig-hook-90-tamanho-1-0.png?v=1701357884,kg,,,
chumbada-jig-head-esferica-natural-anzois-maiores,,,,,,,,,6g,,,2/0,,,,,'40598070113685,6.0,,-1928,deny,manual,2.20,,true,false,,,,,,,,,,,,,,,,,,,,,,,,,,,,https://cdn.shopify.com/s/files/1/0454/5845/6736/products/jig-hook-90-tamanho-2-0.png?v=1701357884,kg,,,
chumbada-jig-head-esferica-natural-anzois-maiores,,,,,,,,,6g,,,3/0,,,,,'40598070113829,6.0,,-558,continue,manual,2.20,,true,false,,,,,,,,,,,,,,,,,,,,,,,,,,,,https://cdn.shopify.com/s/files/1/0454/5845/6736/products/jig-hook-90-tamanho-3-0.png?v=1701357884,kg,,,
chumbada-jig-head-esferica-natural-anzois-maiores,,,,,,,,,6g,,,4/0,,,,,'40598070113973,6.0,,-260,continue,manual,2.29,,true,false,,,,,,,,,,,,,,,,,,,,,,,,,,,,https://cdn.shopify.com/s/files/1/0454/5845/6736/products/jig-hook-90-tamanho-4-0_fb5f71af-28d0-4893-a296-e9be828f64e7.png?v=1701357884,kg,,,
chumbada-jig-head-esferica-natural-anzois-maiores,,,,,,,,,6g,,,5/0,,,,,'40598070114117,6.0,,-205,continue,manual,2.89,,true,false,,,,,,,,,,,,,,,,,,,,,,,,,,,,https://cdn.shopify.com/s/files/1/0454/5845/6736/products/jig-hook-90-tamanho-5-0.png?v=1701357884,kg,,,
chumbada-jig-head-esferica-natural-anzois-maiores,,,,,,,,,6g,,,6/0,,,,,'40598070114261,6.0,shopify,-18,deny,manual,2.89,,true,false,,,,,,,,,,,,,,,,,,,,,,,,,,,,https://cdn.shopify.com/s/files/1/0454/5845/6736/products/jig-hook-90-tamanho-6-0.png?v=1701357884,kg,,,
chumbada-jig-head-esferica-natural-anzois-maiores,,,,,,,,,8g,,,1/0,,,,,'40598070113543,8.0,,-1910,continue,manual,2.20,,true,false,,,,,,,,,,,,,,,,,,,,,,,,,,,,https://cdn.shopify.com/s/files/1/0454/5845/6736/products/jig-hook-90-tamanho-1-0.png?v=1701357884,kg,,,
chumbada-jig-head-esferica-natural-anzois-maiores,,,,,,,,,8g,,,2/0,,,,,'40598070113687,8.0,,-2248,deny,manual,2.20,,true,false,,,,,,,,,,,,,,,,,,,,,,,,,,,,https://cdn.shopify.com/s/files/1/0454/5845/6736/products/jig-hook-90-tamanho-2-0.png?v=1701357884,kg,,,
chumbada-jig-head-esferica-natural-anzois-maiores,,,,,,,,,8g,,,3/0,,,,,'40598070113831,8.0,,-1610,continue,manual,2.20,,true,false,,,,,,,,,,,,,,,,,,,,,,,,,,,,https://cdn.shopify.com/s/files/1/0454/5845/6736/products/jig-hook-90-tamanho-3-0.png?v=1701357884,kg,,,
chumbada-jig-head-esferica-natural-anzois-maiores,,,,,,,,,8g,,,4/0,,,,,'40598070113975,8.0,,-706,continue,manual,2.29,,true,false,,,,,,,,,,,,,,,,,,,,,,,,,,,,https://cdn.shopify.com/s/files/1/0454/5845/6736/products/jig-hook-90-tamanho-4-0_fb5f71af-28d0-4893-a296-e9be828f64e7.png?v=1701357884,kg,,,
chumbada-jig-head-esferica-natural-anzois-maiores,,,,,,,,,8g,,,5/0,,,,,'40598070114119,8.0,,-216,continue,manual,2.89,,true,false,,,,,,,,,,,,,,,,,,,,,,,,,,,,https://cdn.shopify.com/s/files/1/0454/5845/6736/products/jig-hook-90-tamanho-5-0.png?v=1701357884,kg,,,
chumbada-jig-head-esferica-natural-anzois-maiores,,,,,,,,,8g,,,6/0,,,,,'40598070114263,8.0,shopify,-98,deny,manual,2.89,,true,false,,,,,,,,,,,,,,,,,,,,,,,,,,,,https://cdn.shopify.com/s/files/1/0454/5845/6736/products/jig-hook-90-tamanho-6-0.png?v=1701357884,kg,,,
chumbada-jig-head-esferica-natural-anzois-maiores,,,,,,,,,10g,,,1/0,,,,,'40598070113544,10.0,,-971,continue,manual,2.66,,true,false,,,,,,,,,,,,,,,,,,,,,,,,,,,,https://cdn.shopify.com/s/files/1/0454/5845/6736/products/jig-hook-90-tamanho-1-0.png?v=1701357884,kg,,,
chumbada-jig-head-esferica-natural-anzois-maiores,,,,,,,,,10g,,,2/0,,,,,'40598070113688,10.0,,-1455,deny,manual,2.66,,true,false,,,,,,,,,,,,,,,,,,,,,,,,,,,,https://cdn.shopify.com/s/files/1/0454/5845/6736/products/jig-hook-90-tamanho-2-0.png?v=1701357884,kg,,,
chumbada-jig-head-esferica-natural-anzois-maiores,,,,,,,,,10g,,,3/0,,,,,'40598070113832,10.0,,-1225,continue,manual,2.66,,true,false,,,,,,,,,,,,,,,,,,,,,,,,,,,,https://cdn.shopify.com/s/files/1/0454/5845/6736/products/jig-hook-90-tamanho-3-0.png?v=1701357884,kg,,,
chumbada-jig-head-esferica-natural-anzois-maiores,,,,,,,,,10g,,,4/0,,,,,'40598070113976,10.0,,-1323,continue,manual,2.75,,true,false,,,,,,,,,,,,,,,,,,,,,,,,,,,,https://cdn.shopify.com/s/files/1/0454/5845/6736/products/jig-hook-90-tamanho-4-0_fb5f71af-28d0-4893-a296-e9be828f64e7.png?v=1701357884,kg,,,
chumbada-jig-head-esferica-natural-anzois-maiores,,,,,,,,,10g,,,5/0,,,,,'40598070114120,10.0,,-283,continue,manual,3.35,,true,false,,,,,,,,,,,,,,,,,,,,,,,,,,,,https://cdn.shopify.com/s/files/1/0454/5845/6736/products/jig-hook-90-tamanho-5-0.png?v=1701357884,kg,,,
chumbada-jig-head-esferica-natural-anzois-maiores,,,,,,,,,10g,,,6/0,,,,,'40598070114264,10.0,shopify,-175,deny,manual,3.35,,true,false,,,,,,,,,,,,,,,,,,,,,,,,,,,,https://cdn.shopify.com/s/files/1/0454/5845/6736/products/jig-hook-90-tamanho-6-0.png?v=1701357884,kg,,,
chumbada-jig-head-esferica-natural-anzois-maiores,,,,,,,,,12g,,,1/0,,,,,'40598070113545,12.0,,-330,continue,manual,2.66,,true,false,,,,,,,,,,,,,,,,,,,,,,,,,,,,https://cdn.shopify.com/s/files/1/0454/5845/6736/products/jig-hook-90-tamanho-1-0.png?v=1701357884,kg,,,
chumbada-jig-head-esferica-natural-anzois-maiores,,,,,,,,,12g,,,2/0,,,,,'40598070113689,12.0,,-1022,deny,manual,2.66,,true,false,,,,,,,,,,,,,,,,,,,,,,,,,,,,https://cdn.shopify.com/s/files/1/0454/5845/6736/products/jig-hook-90-tamanho-2-0.png?v=1701357884,kg,,,
chumbada-jig-head-esferica-natural-anzois-maiores,,,,,,,,,12g,,,3/0,,,,,'40598070113833,12.0,,-751,continue,manual,2.66,,true,false,,,,,,,,,,,,,,,,,,,,,,,,,,,,https://cdn.shopify.com/s/files/1/0454/5845/6736/products/jig-hook-90-tamanho-3-0.png?v=1701357884,kg,,,
chumbada-jig-head-esferica-natural-anzois-maiores,,,,,,,,,12g,,,4/0,,,,,'40598070113977,12.0,,-249,continue,manual,2.75,,true,false,,,,,,,,,,,,,,,,,,,,,,,,,,,,https://cdn.shopify.com/s/files/1/0454/5845/6736/products/jig-hook-90-tamanho-4-0_fb5f71af-28d0-4893-a296-e9be828f64e7.png?v=1701357884,kg,,,
chumbada-jig-head-esferica-natural-anzois-maiores,,,,,,,,,12g,,,5/0,,,,,'40598070114121,12.0,,-587,continue,manual,3.35,,true,false,,,,,,,,,,,,,,,,,,,,,,,,,,,,https://cdn.shopify.com/s/files/1/0454/5845/6736/products/jig-hook-90-tamanho-5-0.png?v=1701357884,kg,,,
chumbada-jig-head-esferica-natural-anzois-maiores,,,,,,,,,12g,,,6/0,,,,,'40598070114265,12.0,shopify,-85,deny,manual,3.35,,true,false,,,,,,,,,,,,,,,,,,,,,,,,,,,,https://cdn.shopify.com/s/files/1/0454/5845/6736/products/jig-hook-90-tamanho-6-0.png?v=1701357884,kg,,,
chumbada-jig-head-esferica-natural-anzois-maiores,,,,,,,,,14g,,,1/0,,,,,'40598070113546,14.0,,-150,continue,manual,2.66,,true,false,,,,,,,,,,,,,,,,,,,,,,,,,,,,https://cdn.shopify.com/s/files/1/0454/5845/6736/products/jig-hook-90-tamanho-1-0.png?v=1701357884,kg,,,
chumbada-jig-head-esferica-natural-anzois-maiores,,,,,,,,,14g,,,2/0,,,,,'40598070113690,14.0,,-282,deny,manual,2.66,,true,false,,,,,,,,,,,,,,,,,,,,,,,,,,,,https://cdn.shopify.com/s/files/1/0454/5845/6736/products/jig-hook-90-tamanho-2-0.png?v=1701357884,kg,,,
chumbada-jig-head-esferica-natural-anzois-maiores,,,,,,,,,14g,,,3/0,,,,,'40598070113834,14.0,,-380,continue,manual,2.66,,true,false,,,,,,,,,,,,,,,,,,,,,,,,,,,,https://cdn.shopify.com/s/files/1/0454/5845/6736/products/jig-hook-90-tamanho-3-0.png?v=1701357884,kg,,,
chumbada-jig-head-esferica-natural-anzois-maiores,,,,,,,,,14g,,,4/0,,,,,'40598070113978,14.0,,-300,continue,manual,2.75,,true,false,,,,,,,,,,,,,,,,,,,,,,,,,,,,https://cdn.shopify.com/s/files/1/0454/5845/6736/products/jig-hook-90-tamanho-4-0_fb5f71af-28d0-4893-a296-e9be828f64e7.png?v=1701357884,kg,,,
chumbada-jig-head-esferica-natural-anzois-maiores,,,,,,,,,14g,,,5/0,,,,,'40598070114122,14.0,,-40,continue,manual,3.35,,true,false,,,,,,,,,,,,,,,,,,,,,,,,,,,,https://cdn.shopify.com/s/files/1/0454/5845/6736/products/jig-hook-90-tamanho-5-0.png?v=1701357884,kg,,,
chumbada-jig-head-esferica-natural-anzois-maiores,,,,,,,,,14g,,,6/0,,,,,'40598070114266,14.0,shopify,-160,deny,manual,3.35,,true,false,,,,,,,,,,,,,,,,,,,,,,,,,,,,https://cdn.shopify.com/s/files/1/0454/5845/6736/products/jig-hook-90-tamanho-6-0.png?v=1701357884,kg,,,
chumbada-jig-head-esferica-natural-anzois-maiores,,,,,,,,,15g,,,2/0,,,,,'40598070113691,15.0,,-300,deny,manual,2.66,,true,false,,,,,,,,,,,,,,,,,,,,,,,,,,,,https://cdn.shopify.com/s/files/1/0454/5845/6736/products/jig-hook-90-tamanho-6-0.png?v=1701357884,kg,,,
chumbada-jig-head-esferica-natural-anzois-maiores,,,,,,,,,15g,,,3/0,,,,,'40598070113835,15.0,,-394,continue,manual,2.66,,true,false,,,,,,,,,,,,,,,,,,,,,,,,,,,,https://cdn.shopify.com/s/files/1/0454/5845/6736/products/jig-hook-90-tamanho-6-0.png?v=1701357884,kg,,,
chumbada-jig-head-esferica-natural-anzois-maiores,,,,,,,,,15g,,,4/0,,,,,'40598070113979,15.0,,-341,continue,manual,2.75,,true,false,,,,,,,,,,,,,,,,,,,,,,,,,,,,https://cdn.shopify.com/s/files/1/0454/5845/6736/products/jig-hook-90-tamanho-6-0.png?v=1701357884,kg,,,
chumbada-jig-head-esferica-natural-anzois-maiores,,,,,,,,,15g,,,5/0,,,,,'40598070114123,15.0,,-553,continue,manual,3.35,,true,false,,,,,,,,,,,,,,,,,,,,,,,,,,,,https://cdn.shopify.com/s/files/1/0454/5845/6736/products/jig-hook-90-tamanho-6-0.png?v=1701357884,kg,,,
chumbada-jig-head-esferica-natural-anzois-maiores,,,,,,,,,15g,,,6/0,,,,,'40598070114267,15.0,shopify,-35,deny,manual,3.35,,true,false,,,,,,,,,,,,,,,,,,,,,,,,,,,,https://cdn.shopify.com/s/files/1/0454/5845/6736/products/jig-hook-90-tamanho-6-0.png?v=1701357884,kg,,,
chumbada-jig-head-esferica-natural-anzois-maiores,,,,,,,,,20g,,,3/0,,,,,'40598070113837,20.0,,-135,continue,manual,3.17,,true,false,,,,,,,,,,,,,,,,,,,,,,,,,,,,https://cdn.shopify.com/s/files/1/0454/5845/6736/products/jig-hook-90-tamanho-6-0.png?v=1701357884,kg,,,
chumbada-jig-head-esferica-natural-anzois-maiores,,,,,,,,,20g,,,4/0,,,,,'40598070113981,20.0,,-101,continue,manual,3.26,,true,false,,,,,,,,,,,,,,,,,,,,,,,,,,,,https://cdn.shopify.com/s/files/1/0454/5845/6736/products/jig-hook-90-tamanho-6-0.png?v=1701357884,kg,,,
chumbada-jig-head-esferica-natural-anzois-maiores,,,,,,,,,20g,,,5/0,,,,,'40598070114125,20.0,,-377,continue,manual,3.86,,true,false,,,,,,,,,,,,,,,,,,,,,,,,,,,,https://cdn.shopify.com/s/files/1/0454/5845/6736/products/jig-hook-90-tamanho-6-0.png?v=1701357884,kg,,,
chumbada-jig-head-esferica-natural-anzois-maiores,,,,,,,,,20g,,,6/0,,,,,'40598070114269,20.0,shopify,-57,deny,manual,3.86,,true,false,,,,,,,,,,,,,,,,,,,,,,,,,,,,https://cdn.shopify.com/s/files/1/0454/5845/6736/products/jig-hook-90-tamanho-6-0.png?v=1701357884,kg,,,
chumbada-jig-head-esferica-natural-anzois-maiores,,,,,,,,,25g,,,4/0,,,,,'4059070108002540,25.0,,-45,continue,manual,3.26,,true,false,,,,,,,,,,,,,,,,,,,,,,,,,,,,https://cdn.shopify.com/s/files/1/0454/5845/6736/products/jig-hook-90-tamanho-6-0.png?v=1701357884,kg,,,
chumbada-jig-head-esferica-natural-anzois-maiores,,,,,,,,,25g,,,5/0,,,,,'4059070108002550,25.0,,-197,continue,manual,3.86,,true,false,,,,,,,,,,,,,,,,,,,,,,,,,,,,https://cdn.shopify.com/s/files/1/0454/5845/6736/products/jig-hook-90-tamanho-6-0.png?v=1701357884,kg,,,
chumbada-jig-head-esferica-natural-anzois-maiores,,,,,,,,,25g,,,6/0,,,,,'4059070108002560,25.0,shopify,-5,deny,manual,3.86,,true,false,,,,,,,,,,,,,,,,,,,,,,,,,,,,https://cdn.shopify.com/s/files/1/0454/5845/6736/products/jig-hook-90-tamanho-6-0.png?v=1701357884,kg,,,
chumbada-jig-head-esferica-natural-anzois-maiores,,,,,,,,,30g,,,5/0,,,,,'4059070108003050,30.0,,-240,continue,manual,3.86,,true,false,,,,,,,,,,,,,,,,,,,,,,,,,,,,https://cdn.shopify.com/s/files/1/0454/5845/6736/products/jig-hook-90-tamanho-6-0.png?v=1701357884,kg,,,
chumbada-jig-head-esferica-natural-anzois-maiores,,,,,,,,,30g,,,6/0,,,,,'4059070108003060,30.0,shopify,-37,deny,manual,3.86,,true,false,,,,,,,,,,,,,,,,,,,,,,,,,,,,https://cdn.shopify.com/s/files/1/0454/5845/6736/products/jig-hook-90-tamanho-6-0.png?v=1701357884,kg,,,
chumbada-jig-head-esferica-natural-anzois-maiores,,,,,,,,,40g,,,4/0,,,,,'40598070113982,40.0,,-28,continue,manual,3.91,,true,false,,,,,,,,,,,,,,,,,,,,,,,,,,,,https://cdn.shopify.com/s/files/1/0454/5845/6736/products/jig-hook-90-tamanho-6-0.png?v=1701357884,kg,,,
chumbada-jig-head-esferica-natural-anzois-maiores,,,,,,,,,40g,,,5/0,,,,,'40598070114126,40.0,,-140,continue,manual,4.51,,true,false,,,,,,,,,,,,,,,,,,,,,,,,,,,,https://cdn.shopify.com/s/files/1/0454/5845/6736/products/jig-hook-90-tamanho-6-0.png?v=1701357884,kg,,,
chumbada-jig-head-esferica-natural-anzois-maiores,,,,,,,,,40g,,,6/0,,,,,'40598070114270,40.0,shopify,-50,deny,manual,4.51,,true,false,,,,,,,,,,,,,,,,,,,,,,,,,,,,https://cdn.shopify.com/s/files/1/0454/5845/6736/products/jig-hook-90-tamanho-6-0.png?v=1701357884,kg,,,
chumbada-jig-head-esferica-natural-anzois-maiores,,,,,,,,,50g,,,4/0,,,,,'40598070113983,50.0,,-15,continue,manual,5.15,,true,false,,,,,,,,,,,,,,,,,,,,,,,,,,,,https://cdn.shopify.com/s/files/1/0454/5845/6736/products/jig-hook-90-tamanho-6-0.png?v=1701357884,kg,,,
chumbada-jig-head-esferica-natural-anzois-maiores,,,,,,,,,50g,,,5/0,,,,,'40598070114127,50.0,,-78,continue,manual,5.75,,true,false,,,,,,,,,,,,,,,,,,,,,,,,,,,,https://cdn.shopify.com/s/files/1/0454/5845/6736/products/jig-hook-90-tamanho-6-0.png?v=1701357884,kg,,,
chumbada-jig-head-esferica-natural-anzois-maiores,,,,,,,,,50g,,,6/0,,,,,'40598070114271,50.0,shopify,-18,deny,manual,5.75,,true,false,,,,,,,,,,,,,,,,,,,,,,,,,,,,https://cdn.shopify.com/s/files/1/0454/5845/6736/products/jig-hook-90-tamanho-6-0.png?v=1701357884,kg,,,
chumbada-jig-head-esferica-natural-anzois-maiores,,,,,,,,,60g,,,4/0,,,,,'40598070113984,60.0,,-15,continue,manual,5.15,,true,false,,,,,,,,,,,,,,,,,,,,,,,,,,,,https://cdn.shopify.com/s/files/1/0454/5845/6736/products/jig-hook-90-tamanho-6-0.png?v=1701357884,kg,,,
chumbada-jig-head-esferica-natural-anzois-maiores,,,,,,,,,60g,,,5/0,,,,,'40598070114128,60.0,,-15,continue,manual,5.75,,true,false,,,,,,,,,,,,,,,,,,,,,,,,,,,,https://cdn.shopify.com/s/files/1/0454/5845/6736/products/jig-hook-90-tamanho-6-0.png?v=1701357884,kg,,,
chumbada-jig-head-esferica-natural-anzois-maiores,,,,,,,,,60g,,,6/0,,,,,'40598070114272,60.0,shopify,-15,deny,manual,5.75,,true,false,,,,,,,,,,,,,,,,,,,,,,,,,,,,https://cdn.shopify.com/s/files/1/0454/5845/6736/products/jig-hook-90-tamanho-6-0.png?v=1701357884,kg,,,
chumbada-jig-head-esferica-natural-anzois-maiores,,,,,,,,,70g,,,4/0,,,,,'40598070113985,70.0,,0,continue,manual,5.15,,true,false,,,,,,,,,,,,,,,,,,,,,,,,,,,,https://cdn.shopify.com/s/files/1/0454/5845/6736/products/jig-hook-90-tamanho-6-0.png?v=1701357884,kg,,,
chumbada-jig-head-esferica-natural-anzois-maiores,,,,,,,,,70g,,,5/0,,,,,'40598070114129,70.0,,-15,continue,manual,5.75,,true,false,,,,,,,,,,,,,,,,,,,,,,,,,,,,https://cdn.shopify.com/s/files/1/0454/5845/6736/products/jig-hook-90-tamanho-6-0.png?v=1701357884,kg,,,
chumbada-jig-head-esferica-natural-anzois-maiores,,,,,,,,,70g,,,6/0,,,,,'40598070114273,70.0,shopify,-15,deny,manual,5.75,,true,false,,,,,,,,,,,,,,,,,,,,,,,,,,,,https://cdn.shopify.com/s/files/1/0454/5845/6736/products/jig-hook-90-tamanho-6-0.png?v=1701357884,kg,,,
chumbada-jig-head-esferica-amarela-anzois-maiores,Anzol Jig Head 90° Esférica Amarela Anzóis Maiores (1/0 - 6/0),<p>Anzol Jig Head Esférica</p>,Chumbada Oficial,Sem categoria,"","90 Graus, Jig Head, jig head esferica, Jig Head Esferica Maior",true,Peso,5g,,Tamanho do Anzol,1/0,,,,,'40598080613636,5.0,shopify,-985,continue,manual,3.00,,true,false,,,,,,https://cdn.shopify.com/s/files/1/0454/5845/6736/products/chumbada-jig-head-esferica-amarela-anzois-maiores-10-60.jpg?v=1630522739,1,Chumbada Jig Head Esférica Amarela Anzóis Maiores (1/0 - 6/0),false,,,,,,,,,,,,,,,,,,,https://cdn.shopify.com/s/files/1/0454/5845/6736/products/chumbada-jig-head-esferica-amarela-anzois-maiores-10-60-8.jpg?v=1630522754,kg,,,active
chumbada-jig-head-esferica-amarela-anzois-maiores,,,,,,,,,5g,,,2/0,,,,,'40598080613780,5.0,,-272,deny,manual,3.00,,true,false,,,,,,https://cdn.shopify.com/s/files/1/0454/5845/6736/products/chumbada-jig-head-esferica-amarela-anzois-maiores-10-60-2.jpg?v=1630522742,2,Chumbada Jig Head Esférica Amarela Anzóis Maiores (1/0 - 6/0),,,,,,,,,,,,,,,,,,,,https://cdn.shopify.com/s/files/1/0454/5845/6736/products/chumbada-jig-head-esferica-amarela-anzois-maiores-10-60-8.jpg?v=1630522754,kg,,,
chumbada-jig-head-esferica-amarela-anzois-maiores,,,,,,,,,5g,,,3/0,,,,,'40598080613924,5.0,shopify,-358,continue,manual,3.00,,true,false,,,,,,https://cdn.shopify.com/s/files/1/0454/5845/6736/products/chumbada-jig-head-esferica-amarela-anzois-maiores-10-60-3.jpg?v=1630522744,3,Chumbada Jig Head Esférica Amarela Anzóis Maiores (1/0 - 6/0),,,,,,,,,,,,,,,,,,,,https://cdn.shopify.com/s/files/1/0454/5845/6736/products/chumbada-jig-head-esferica-amarela-anzois-maiores-10-60-8.jpg?v=1630522754,kg,,,
chumbada-jig-head-esferica-amarela-anzois-maiores,,,,,,,,,5g,,,4/0,,,,,'40598080614068,5.0,shopify,-358,continue,manual,3.09,,true,false,,,,,,https://cdn.shopify.com/s/files/1/0454/5845/6736/products/chumbada-jig-head-esferica-amarela-anzois-maiores-10-60-4.jpg?v=1630522746,4,Chumbada Jig Head Esférica Amarela Anzóis Maiores (1/0 - 6/0),,,,,,,,,,,,,,,,,,,,https://cdn.shopify.com/s/files/1/0454/5845/6736/products/chumbada-jig-head-esferica-amarela-anzois-maiores-10-60-8.jpg?v=1630522754,kg,,,
chumbada-jig-head-esferica-amarela-anzois-maiores,,,,,,,,,5g,,,5/0,,,,,'40598080614212,5.0,shopify,-150,continue,manual,3.69,,true,false,,,,,,https://cdn.shopify.com/s/files/1/0454/5845/6736/products/chumbada-jig-head-esferica-amarela-anzois-maiores-10-60-5.jpg?v=1630522748,5,Chumbada Jig Head Esférica Amarela Anzóis Maiores (1/0 - 6/0),,,,,,,,,,,,,,,,,,,,https://cdn.shopify.com/s/files/1/0454/5845/6736/products/chumbada-jig-head-esferica-amarela-anzois-maiores-10-60-8.jpg?v=1630522754,kg,,,
chumbada-jig-head-esferica-amarela-anzois-maiores,,,,,,,,,6g,,,1/0,,,,,'40598080613637,6.0,,-172,continue,manual,3.00,,true,false,,,,,,https://cdn.shopify.com/s/files/1/0454/5845/6736/products/chumbada-jig-head-esferica-amarela-anzois-maiores-10-60-6.jpg?v=1630522750,6,Chumbada Jig Head Esférica Amarela Anzóis Maiores (1/0 - 6/0),,,,,,,,,,,,,,,,,,,,https://cdn.shopify.com/s/files/1/0454/5845/6736/products/chumbada-jig-head-esferica-amarela-anzois-maiores-10-60-8.jpg?v=1630522754,kg,,,
chumbada-jig-head-esferica-amarela-anzois-maiores,,,,,,,,,6g,,,2/0,,,,,'40598080613781,6.0,,-246,deny,manual,3.00,,true,false,,,,,,https://cdn.shopify.com/s/files/1/0454/5845/6736/products/chumbada-jig-head-esferica-amarela-anzois-maiores-10-60-7.jpg?v=1630522752,7,Chumbada Jig Head Esférica Amarela Anzóis Maiores (1/0 - 6/0),,,,,,,,,,,,,,,,,,,,https://cdn.shopify.com/s/files/1/0454/5845/6736/products/chumbada-jig-head-esferica-amarela-anzois-maiores-10-60-8.jpg?v=1630522754,kg,,,
chumbada-jig-head-esferica-amarela-anzois-maiores,,,,,,,,,6g,,,3/0,,,,,'40598080613925,6.0,,-311,continue,manual,3.00,,true,false,,,,,,https://cdn.shopify.com/s/files/1/0454/5845/6736/products/chumbada-jig-head-esferica-amarela-anzois-maiores-10-60-8.jpg?v=1630522754,8,Chumbada Jig Head Esférica Amarela Anzóis Maiores (1/0 - 6/0),,,,,,,,,,,,,,,,,,,,https://cdn.shopify.com/s/files/1/0454/5845/6736/products/chumbada-jig-head-esferica-amarela-anzois-maiores-10-60-8.jpg?v=1630522754,kg,,,
chumbada-jig-head-esferica-amarela-anzois-maiores,,,,,,,,,6g,,,4/0,,,,,'40598080614069,6.0,,-186,continue,manual,3.09,,true,false,,,,,,,,,,,,,,,,,,,,,,,,,,,,https://cdn.shopify.com/s/files/1/0454/5845/6736/products/chumbada-jig-head-esferica-amarela-anzois-maiores-10-60-8.jpg?v=1630522754,kg,,,
chumbada-jig-head-esferica-amarela-anzois-maiores,,,,,,,,,6g,,,5/0,,,,,'40598080614213,6.0,,-110,continue,manual,3.69,,true,false,,,,,,,,,,,,,,,,,,,,,,,,,,,,https://cdn.shopify.com/s/files/1/0454/5845/6736/products/chumbada-jig-head-esferica-amarela-anzois-maiores-10-60-8.jpg?v=1630522754,kg,,,
chumbada-jig-head-esferica-amarela-anzois-maiores,,,,,,,,,6g,,,6/0,,,,,'40598080614357,6.0,shopify,0,deny,manual,3.69,,true,false,,,,,,,,,,,,,,,,,,,,,,,,,,,,https://cdn.shopify.com/s/files/1/0454/5845/6736/products/chumbada-jig-head-esferica-amarela-anzois-maiores-10-60-8.jpg?v=1630522754,kg,,,
chumbada-jig-head-esferica-amarela-anzois-maiores,,,,,,,,,8g,,,1/0,,,,,'40598080613639,8.0,,-395,continue,manual,3.00,,true,false,,,,,,,,,,,,,,,,,,,,,,,,,,,,https://cdn.shopify.com/s/files/1/0454/5845/6736/products/chumbada-jig-head-esferica-amarela-anzois-maiores-10-60-8.jpg?v=1630522754,kg,,,
chumbada-jig-head-esferica-amarela-anzois-maiores,,,,,,,,,8g,,,2/0,,,,,'40598080613783,8.0,,-503,deny,manual,3.00,,true,false,,,,,,,,,,,,,,,,,,,,,,,,,,,,https://cdn.shopify.com/s/files/1/0454/5845/6736/products/chumbada-jig-head-esferica-amarela-anzois-maiores-10-60-8.jpg?v=1630522754,kg,,,
chumbada-jig-head-esferica-amarela-anzois-maiores,,,,,,,,,8g,,,3/0,,,,,'40598080613927,8.0,,-380,continue,manual,3.00,,true,false,,,,,,,,,,,,,,,,,,,,,,,,,,,,https://cdn.shopify.com/s/files/1/0454/5845/6736/products/chumbada-jig-head-esferica-amarela-anzois-maiores-10-60-8.jpg?v=1630522754,kg,,,
chumbada-jig-head-esferica-amarela-anzois-maiores,,,,,,,,,8g,,,4/0,,,,,'40598080614071,8.0,,-278,continue,manual,3.09,,true,false,,,,,,,,,,,,,,,,,,,,,,,,,,,,https://cdn.shopify.com/s/files/1/0454/5845/6736/products/chumbada-jig-head-esferica-amarela-anzois-maiores-10-60-8.jpg?v=1630522754,kg,,,
chumbada-jig-head-esferica-amarela-anzois-maiores,,,,,,,,,8g,,,5/0,,,,,'40598080614215,8.0,,-181,continue,manual,3.69,,true,false,,,,,,,,,,,,,,,,,,,,,,,,,,,,https://cdn.shopify.com/s/files/1/0454/5845/6736/products/chumbada-jig-head-esferica-amarela-anzois-maiores-10-60-8.jpg?v=1630522754,kg,,,
chumbada-jig-head-esferica-amarela-anzois-maiores,,,,,,,,,8g,,,6/0,,,,,'40598080614359,8.0,shopify,0,deny,manual,3.69,,true,false,,,,,,,,,,,,,,,,,,,,,,,,,,,,https://cdn.shopify.com/s/files/1/0454/5845/6736/products/chumbada-jig-head-esferica-amarela-anzois-maiores-10-60-8.jpg?v=1630522754,kg,,,
chumbada-jig-head-esferica-amarela-anzois-maiores,,,,,,,,,10g,,,1/0,,,,,'40598080613640,10.0,,-267,continue,manual,3.86,,true,false,,,,,,,,,,,,,,,,,,,,,,,,,,,,https://cdn.shopify.com/s/files/1/0454/5845/6736/products/chumbada-jig-head-esferica-amarela-anzois-maiores-10-60-8.jpg?v=1630522754,kg,,,
chumbada-jig-head-esferica-amarela-anzois-maiores,,,,,,,,,10g,,,2/0,,,,,'40598080613784,10.0,,-228,deny,manual,3.86,,true,false,,,,,,,,,,,,,,,,,,,,,,,,,,,,https://cdn.shopify.com/s/files/1/0454/5845/6736/products/chumbada-jig-head-esferica-amarela-anzois-maiores-10-60-8.jpg?v=1630522754,kg,,,
chumbada-jig-head-esferica-amarela-anzois-maiores,,,,,,,,,10g,,,3/0,,,,,'40598080613928,10.0,,-456,continue,manual,3.86,,true,false,,,,,,,,,,,,,,,,,,,,,,,,,,,,https://cdn.shopify.com/s/files/1/0454/5845/6736/products/chumbada-jig-head-esferica-amarela-anzois-maiores-10-60-8.jpg?v=1630522754,kg,,,
chumbada-jig-head-esferica-amarela-anzois-maiores,,,,,,,,,10g,,,4/0,,,,,'40598080614072,10.0,,-171,continue,manual,3.95,,true,false,,,,,,,,,,,,,,,,,,,,,,,,,,,,https://cdn.shopify.com/s/files/1/0454/5845/6736/products/chumbada-jig-head-esferica-amarela-anzois-maiores-10-60-8.jpg?v=1630522754,kg,,,
chumbada-jig-head-esferica-amarela-anzois-maiores,,,,,,,,,10g,,,5/0,,,,,'40598080614216,10.0,,-201,continue,manual,4.55,,true,false,,,,,,,,,,,,,,,,,,,,,,,,,,,,https://cdn.shopify.com/s/files/1/0454/5845/6736/products/chumbada-jig-head-esferica-amarela-anzois-maiores-10-60-8.jpg?v=1630522754,kg,,,
chumbada-jig-head-esferica-amarela-anzois-maiores,,,,,,,,,10g,,,6/0,,,,,'40598080614360,10.0,shopify,0,deny,manual,4.55,,true,false,,,,,,,,,,,,,,,,,,,,,,,,,,,,https://cdn.shopify.com/s/files/1/0454/5845/6736/products/chumbada-jig-head-esferica-amarela-anzois-maiores-10-60-8.jpg?v=1630522754,kg,,,
chumbada-jig-head-esferica-amarela-anzois-maiores,,,,,,,,,12g,,,1/0,,,,,'40598080613641,12.0,,-130,continue,manual,3.86,,true,false,,,,,,,,,,,,,,,,,,,,,,,,,,,,https://cdn.shopify.com/s/files/1/0454/5845/6736/products/chumbada-jig-head-esferica-amarela-anzois-maiores-10-60-8.jpg?v=1630522754,kg,,,
chumbada-jig-head-esferica-amarela-anzois-maiores,,,,,,,,,12g,,,2/0,,,,,'40598080613785,12.0,,-140,deny,manual,3.86,,true,false,,,,,,,,,,,,,,,,,,,,,,,,,,,,https://cdn.shopify.com/s/files/1/0454/5845/6736/products/chumbada-jig-head-esferica-amarela-anzois-maiores-10-60-8.jpg?v=1630522754,kg,,,
chumbada-jig-head-esferica-amarela-anzois-maiores,,,,,,,,,12g,,,3/0,,,,,'40598080613929,12.0,,-122,continue,manual,3.86,,true,false,,,,,,,,,,,,,,,,,,,,,,,,,,,,https://cdn.shopify.com/s/files/1/0454/5845/6736/products/chumbada-jig-head-esferica-amarela-anzois-maiores-10-60-8.jpg?v=1630522754,kg,,,
chumbada-jig-head-esferica-amarela-anzois-maiores,,,,,,,,,12g,,,4/0,,,,,'40598080614073,12.0,,-114,continue,manual,3.95,,true,false,,,,,,,,,,,,,,,,,,,,,,,,,,,,https://cdn.shopify.com/s/files/1/0454/5845/6736/products/chumbada-jig-head-esferica-amarela-anzois-maiores-10-60-8.jpg?v=1630522754,kg,,,
chumbada-jig-head-esferica-amarela-anzois-maiores,,,,,,,,,12g,,,5/0,,,,,'40598080614217,12.0,,-117,continue,manual,4.55,,true,false,,,,,,,,,,,,,,,,,,,,,,,,,,,,https://cdn.shopify.com/s/files/1/0454/5845/6736/products/chumbada-jig-head-esferica-amarela-anzois-maiores-10-60-8.jpg?v=1630522754,kg,,,
chumbada-jig-head-esferica-amarela-anzois-maiores,,,,,,,,,12g,,,6/0,,,,,'40598080614361,12.0,shopify,0,deny,manual,4.55,,true,false,,,,,,,,,,,,,,,,,,,,,,,,,,,,https://cdn.shopify.com/s/files/1/0454/5845/6736/products/chumbada-jig-head-esferica-amarela-anzois-maiores-10-60-8.jpg?v=1630522754,kg,,,
chumbada-jig-head-esferica-amarela-anzois-maiores,,,,,,,,,14g,,,1/0,,,,,'40598080613642,14.0,,0,continue,manual,3.86,,true,false,,,,,,,,,,,,,,,,,,,,,,,,,,,,https://cdn.shopify.com/s/files/1/0454/5845/6736/products/chumbada-jig-head-esferica-amarela-anzois-maiores-10-60-8.jpg?v=1630522754,kg,,,
chumbada-jig-head-esferica-amarela-anzois-maiores,,,,,,,,,14g,,,2/0,,,,,'40598080613786,14.0,,-35,deny,manual,3.86,,true,false,,,,,,,,,,,,,,,,,,,,,,,,,,,,https://cdn.shopify.com/s/files/1/0454/5845/6736/products/chumbada-jig-head-esferica-amarela-anzois-maiores-10-60-8.jpg?v=1630522754,kg,,,
chumbada-jig-head-esferica-amarela-anzois-maiores,,,,,,,,,14g,,,3/0,,,,,'40598080613930,14.0,,-10,continue,manual,3.86,,true,false,,,,,,,,,,,,,,,,,,,,,,,,,,,,https://cdn.shopify.com/s/files/1/0454/5845/6736/products/chumbada-jig-head-esferica-amarela-anzois-maiores-10-60-8.jpg?v=1630522754,kg,,,
chumbada-jig-head-esferica-amarela-anzois-maiores,,,,,,,,,14g,,,4/0,,,,,'40598080614074,14.0,,0,continue,manual,3.95,,true,false,,,,,,,,,,,,,,,,,,,,,,,,,,,,https://cdn.shopify.com/s/files/1/0454/5845/6736/products/chumbada-jig-head-esferica-amarela-anzois-maiores-10-60-8.jpg?v=1630522754,kg,,,
chumbada-jig-head-esferica-amarela-anzois-maiores,,,,,,,,,14g,,,5/0,,,,,'40598080614218,14.0,,-25,continue,manual,4.55,,true,false,,,,,,,,,,,,,,,,,,,,,,,,,,,,https://cdn.shopify.com/s/files/1/0454/5845/6736/products/chumbada-jig-head-esferica-amarela-anzois-maiores-10-60-8.jpg?v=1630522754,kg,,,
chumbada-jig-head-esferica-amarela-anzois-maiores,,,,,,,,,14g,,,6/0,,,,,'40598080614362,14.0,shopify,0,deny,manual,4.55,,true,false,,,,,,,,,,,,,,,,,,,,,,,,,,,,https://cdn.shopify.com/s/files/1/0454/5845/6736/products/chumbada-jig-head-esferica-amarela-anzois-maiores-10-60-8.jpg?v=1630522754,kg,,,
chumbada-jig-head-esferica-amarela-anzois-maiores,,,,,,,,,15g,,,2/0,,,,,'40598080613787,15.0,,-1,deny,manual,3.86,,true,false,,,,,,,,,,,,,,,,,,,,,,,,,,,,https://cdn.shopify.com/s/files/1/0454/5845/6736/products/chumbada-jig-head-esferica-amarela-anzois-maiores-10-60-8.jpg?v=1630522754,kg,,,
chumbada-jig-head-esferica-amarela-anzois-maiores,,,,,,,,,15g,,,3/0,,,,,'40598080613931,15.0,,-130,continue,manual,3.86,,true,false,,,,,,,,,,,,,,,,,,,,,,,,,,,,https://cdn.shopify.com/s/files/1/0454/5845/6736/products/chumbada-jig-head-esferica-amarela-anzois-maiores-10-60-8.jpg?v=1630522754,kg,,,
chumbada-jig-head-esferica-amarela-anzois-maiores,,,,,,,,,15g,,,4/0,,,,,'40598080614075,15.0,,-72,continue,manual,3.95,,true,false,,,,,,,,,,,,,,,,,,,,,,,,,,,,https://cdn.shopify.com/s/files/1/0454/5845/6736/products/chumbada-jig-head-esferica-amarela-anzois-maiores-10-60-8.jpg?v=1630522754,kg,,,
chumbada-jig-head-esferica-amarela-anzois-maiores,,,,,,,,,15g,,,5/0,,,,,'40598080614219,15.0,,-172,continue,manual,4.55,,true,false,,,,,,,,,,,,,,,,,,,,,,,,,,,,https://cdn.shopify.com/s/files/1/0454/5845/6736/products/chumbada-jig-head-esferica-amarela-anzois-maiores-10-60-8.jpg?v=1630522754,kg,,,
chumbada-jig-head-esferica-amarela-anzois-maiores,,,,,,,,,15g,,,6/0,,,,,'40598080614363,15.0,shopify,-30,deny,manual,4.55,,true,false,,,,,,,,,,,,,,,,,,,,,,,,,,,,https://cdn.shopify.com/s/files/1/0454/5845/6736/products/chumbada-jig-head-esferica-amarela-anzois-maiores-10-60-8.jpg?v=1630522754,kg,,,
chumbada-jig-head-esferica-amarela-anzois-maiores,,,,,,,,,20g,,,3/0,,,,,'40598080613933,20.0,,0,continue,manual,4.37,,true,false,,,,,,,,,,,,,,,,,,,,,,,,,,,,https://cdn.shopify.com/s/files/1/0454/5845/6736/products/chumbada-jig-head-esferica-amarela-anzois-maiores-10-60-8.jpg?v=1630522754,kg,,,
chumbada-jig-head-esferica-amarela-anzois-maiores,,,,,,,,,20g,,,4/0,,,,,'40598080614077,20.0,,0,continue,manual,4.46,,true,false,,,,,,,,,,,,,,,,,,,,,,,,,,,,https://cdn.shopify.com/s/files/1/0454/5845/6736/products/chumbada-jig-head-esferica-amarela-anzois-maiores-10-60-8.jpg?v=1630522754,kg,,,
chumbada-jig-head-esferica-amarela-anzois-maiores,,,,,,,,,20g,,,5/0,,,,,'40598080614221,20.0,,-35,continue,manual,5.06,,true,false,,,,,,,,,,,,,,,,,,,,,,,,,,,,https://cdn.shopify.com/s/files/1/0454/5845/6736/products/chumbada-jig-head-esferica-amarela-anzois-maiores-10-60-8.jpg?v=1630522754,kg,,,
chumbada-jig-head-esferica-amarela-anzois-maiores,,,,,,,,,20g,,,6/0,,,,,'40598080614365,20.0,shopify,-25,deny,manual,5.06,,true,false,,,,,,,,,,,,,,,,,,,,,,,,,,,,https://cdn.shopify.com/s/files/1/0454/5845/6736/products/chumbada-jig-head-esferica-amarela-anzois-maiores-10-60-8.jpg?v=1630522754,kg,,,
chumbada-jig-head-esferica-amarela-anzois-maiores,,,,,,,,,25g,,,4/0,,,,,'4059080608002540,25.0,,0,continue,manual,4.46,,true,false,,,,,,,,,,,,,,,,,,,,,,,,,,,,https://cdn.shopify.com/s/files/1/0454/5845/6736/products/chumbada-jig-head-esferica-amarela-anzois-maiores-10-60-8.jpg?v=1630522754,kg,,,
chumbada-jig-head-esferica-amarela-anzois-maiores,,,,,,,,,25g,,,5/0,,,,,'4059080608002550,25.0,,-30,continue,manual,5.06,,true,false,,,,,,,,,,,,,,,,,,,,,,,,,,,,https://cdn.shopify.com/s/files/1/0454/5845/6736/products/chumbada-jig-head-esferica-amarela-anzois-maiores-10-60-8.jpg?v=1630522754,kg,,,
chumbada-jig-head-esferica-amarela-anzois-maiores,,,,,,,,,25g,,,6/0,,,,,'4059080608002560,25.0,shopify,0,deny,manual,5.06,,true,false,,,,,,,,,,,,,,,,,,,,,,,,,,,,https://cdn.shopify.com/s/files/1/0454/5845/6736/products/chumbada-jig-head-esferica-amarela-anzois-maiores-10-60-8.jpg?v=1630522754,kg,,,
chumbada-jig-head-esferica-amarela-anzois-maiores,,,,,,,,,30g,,,5/0,,,,,'4059080608003050,30.0,,-100,continue,manual,5.06,,true,false,,,,,,,,,,,,,,,,,,,,,,,,,,,,https://cdn.shopify.com/s/files/1/0454/5845/6736/products/chumbada-jig-head-esferica-amarela-anzois-maiores-10-60-8.jpg?v=1630522754,kg,,,
chumbada-jig-head-esferica-amarela-anzois-maiores,,,,,,,,,30g,,,6/0,,,,,'4059080608003060,30.0,shopify,-25,deny,manual,5.06,,true,false,,,,,,,,,,,,,,,,,,,,,,,,,,,,https://cdn.shopify.com/s/files/1/0454/5845/6736/products/chumbada-jig-head-esferica-amarela-anzois-maiores-10-60-8.jpg?v=1630522754,kg,,,
chumbada-jig-head-esferica-amarela-anzois-maiores,,,,,,,,,40g,,,4/0,,,,,'40598080614078,40.0,,-1,continue,manual,5.71,,true,false,,,,,,,,,,,,,,,,,,,,,,,,,,,,https://cdn.shopify.com/s/files/1/0454/5845/6736/products/chumbada-jig-head-esferica-amarela-anzois-maiores-10-60-8.jpg?v=1630522754,kg,,,
chumbada-jig-head-esferica-amarela-anzois-maiores,,,,,,,,,40g,,,5/0,,,,,'40598080614222,40.0,,-30,continue,manual,6.31,,true,false,,,,,,,,,,,,,,,,,,,,,,,,,,,,https://cdn.shopify.com/s/files/1/0454/5845/6736/products/chumbada-jig-head-esferica-amarela-anzois-maiores-10-60-8.jpg?v=1630522754,kg,,,
chumbada-jig-head-esferica-amarela-anzois-maiores,,,,,,,,,40g,,,6/0,,,,,'40598080614366,40.0,shopify,-40,deny,manual,6.31,,true,false,,,,,,,,,,,,,,,,,,,,,,,,,,,,https://cdn.shopify.com/s/files/1/0454/5845/6736/products/chumbada-jig-head-esferica-amarela-anzois-maiores-10-60-8.jpg?v=1630522754,kg,,,
chumbada-jig-head-esferica-amarela-anzois-maiores,,,,,,,,,50g,,,4/0,,,,,'40598080614079,50.0,,0,continue,manual,6.95,,true,false,,,,,,,,,,,,,,,,,,,,,,,,,,,,https://cdn.shopify.com/s/files/1/0454/5845/6736/products/chumbada-jig-head-esferica-amarela-anzois-maiores-10-60-8.jpg?v=1630522754,kg,,,
chumbada-jig-head-esferica-amarela-anzois-maiores,,,,,,,,,50g,,,5/0,,,,,'40598080614223,50.0,,0,continue,manual,7.55,,true,false,,,,,,,,,,,,,,,,,,,,,,,,,,,,https://cdn.shopify.com/s/files/1/0454/5845/6736/products/chumbada-jig-head-esferica-amarela-anzois-maiores-10-60-8.jpg?v=1630522754,kg,,,
chumbada-jig-head-esferica-amarela-anzois-maiores,,,,,,,,,50g,,,6/0,,,,,'40598080614367,50.0,shopify,-50,deny,manual,7.55,,true,false,,,,,,,,,,,,,,,,,,,,,,,,,,,,https://cdn.shopify.com/s/files/1/0454/5845/6736/products/chumbada-jig-head-esferica-amarela-anzois-maiores-10-60-8.jpg?v=1630522754,kg,,,
chumbada-jig-head-esferica-amarela-anzois-maiores,,,,,,,,,60g,,,4/0,,,,,'40598080614080,60.0,,0,continue,manual,6.95,,true,false,,,,,,,,,,,,,,,,,,,,,,,,,,,,https://cdn.shopify.com/s/files/1/0454/5845/6736/products/chumbada-jig-head-esferica-amarela-anzois-maiores-10-60-8.jpg?v=1630522754,kg,,,
chumbada-jig-head-esferica-amarela-anzois-maiores,,,,,,,,,60g,,,5/0,,,,,'40598080614224,60.0,,0,continue,manual,7.55,,true,false,,,,,,,,,,,,,,,,,,,,,,,,,,,,https://cdn.shopify.com/s/files/1/0454/5845/6736/products/chumbada-jig-head-esferica-amarela-anzois-maiores-10-60-8.jpg?v=1630522754,kg,,,
chumbada-jig-head-esferica-amarela-anzois-maiores,,,,,,,,,60g,,,6/0,,,,,'40598080614368,60.0,shopify,0,deny,manual,7.55,,true,false,,,,,,,,,,,,,,,,,,,,,,,,,,,,https://cdn.shopify.com/s/files/1/0454/5845/6736/products/chumbada-jig-head-esferica-amarela-anzois-maiores-10-60-8.jpg?v=1630522754,kg,,,
chumbada-jig-head-esferica-amarela-anzois-maiores,,,,,,,,,70g,,,4/0,,,,,'40598080614081,70.0,,0,continue,manual,6.95,,true,false,,,,,,,,,,,,,,,,,,,,,,,,,,,,https://cdn.shopify.com/s/files/1/0454/5845/6736/products/chumbada-jig-head-esferica-amarela-anzois-maiores-10-60-8.jpg?v=1630522754,kg,,,
chumbada-jig-head-esferica-amarela-anzois-maiores,,,,,,,,,70g,,,5/0,,,,,'40598080614225,70.0,,0,continue,manual,7.55,,true,false,,,,,,,,,,,,,,,,,,,,,,,,,,,,https://cdn.shopify.com/s/files/1/0454/5845/6736/products/chumbada-jig-head-esferica-amarela-anzois-maiores-10-60-8.jpg?v=1630522754,kg,,,
chumbada-jig-head-esferica-amarela-anzois-maiores,,,,,,,,,70g,,,6/0,,,,,'40598080614369,70.0,shopify,0,deny,manual,7.55,,true,false,,,,,,,,,,,,,,,,,,,,,,,,,,,,https://cdn.shopify.com/s/files/1/0454/5845/6736/products/chumbada-jig-head-esferica-amarela-anzois-maiores-10-60-8.jpg?v=1630522754,kg,,,
chumbada-jig-head-esferica-laranja-anzois-maiores,Anzol Jig Head 90° Esférica Laranja Anzóis Maiores (1/0 - 6/0),<p>Anzol Jig Head Esférica</p>,Chumbada Oficial,Sem categoria,"","90 Graus, Jig Head, jig head esferica, Jig Head Esferica Maior",true,Peso,5g,,Tamanho do Anzol,1/0,,,,,'40598080513620,5.0,shopify,-440,continue,manual,3.00,,true,false,,,,,,https://cdn.shopify.com/s/files/1/0454/5845/6736/products/chumbada-jig-head-esferica-laranja-anzois-maiores-10-60.jpg?v=1630522819,1,Chumbada Jig Head Esférica Laranja Anzóis Maiores (1/0 - 6/0),false,,,,,,,,,,,,,,,,,,,https://cdn.shopify.com/s/files/1/0454/5845/6736/products/chumbada-jig-head-esferica-laranja-anzois-maiores-10-60-8.jpg?v=1630522835,kg,,,active
chumbada-jig-head-esferica-laranja-anzois-maiores,,,,,,,,,5g,,,2/0,,,,,'40598080513764,5.0,,0,deny,manual,3.00,,true,false,,,,,,https://cdn.shopify.com/s/files/1/0454/5845/6736/products/chumbada-jig-head-esferica-laranja-anzois-maiores-10-60-2.jpg?v=1630522822,2,Chumbada Jig Head Esférica Laranja Anzóis Maiores (1/0 - 6/0),,,,,,,,,,,,,,,,,,,,https://cdn.shopify.com/s/files/1/0454/5845/6736/products/chumbada-jig-head-esferica-laranja-anzois-maiores-10-60-8.jpg?v=1630522835,kg,,,
chumbada-jig-head-esferica-laranja-anzois-maiores,,,,,,,,,5g,,,3/0,,,,,'40598080513908,5.0,shopify,-146,continue,manual,3.00,,true,false,,,,,,https://cdn.shopify.com/s/files/1/0454/5845/6736/products/chumbada-jig-head-esferica-laranja-anzois-maiores-10-60-3.jpg?v=1630522824,3,Chumbada Jig Head Esférica Laranja Anzóis Maiores (1/0 - 6/0),,,,,,,,,,,,,,,,,,,,https://cdn.shopify.com/s/files/1/0454/5845/6736/products/chumbada-jig-head-esferica-laranja-anzois-maiores-10-60-8.jpg?v=1630522835,kg,,,
chumbada-jig-head-esferica-laranja-anzois-maiores,,,,,,,,,5g,,,4/0,,,,,'40598080514052,5.0,shopify,-50,continue,manual,3.09,,true,false,,,,,,https://cdn.shopify.com/s/files/1/0454/5845/6736/products/chumbada-jig-head-esferica-laranja-anzois-maiores-10-60-4.jpg?v=1630522826,4,Chumbada Jig Head Esférica Laranja Anzóis Maiores (1/0 - 6/0),,,,,,,,,,,,,,,,,,,,https://cdn.shopify.com/s/files/1/0454/5845/6736/products/chumbada-jig-head-esferica-laranja-anzois-maiores-10-60-8.jpg?v=1630522835,kg,,,
chumbada-jig-head-esferica-laranja-anzois-maiores,,,,,,,,,5g,,,5/0,,,,,'40598080514196,5.0,shopify,-50,continue,manual,3.69,,true,false,,,,,,https://cdn.shopify.com/s/files/1/0454/5845/6736/products/chumbada-jig-head-esferica-laranja-anzois-maiores-10-60-5.jpg?v=1630522829,5,Chumbada Jig Head Esférica Laranja Anzóis Maiores (1/0 - 6/0),,,,,,,,,,,,,,,,,,,,https://cdn.shopify.com/s/files/1/0454/5845/6736/products/chumbada-jig-head-esferica-laranja-anzois-maiores-10-60-8.jpg?v=1630522835,kg,,,
chumbada-jig-head-esferica-laranja-anzois-maiores,,,,,,,,,6g,,,1/0,,,,,'40598080513621,6.0,,-159,continue,manual,3.00,,true,false,,,,,,https://cdn.shopify.com/s/files/1/0454/5845/6736/products/chumbada-jig-head-esferica-laranja-anzois-maiores-10-60-6.jpg?v=1630522831,6,Chumbada Jig Head Esférica Laranja Anzóis Maiores (1/0 - 6/0),,,,,,,,,,,,,,,,,,,,https://cdn.shopify.com/s/files/1/0454/5845/6736/products/chumbada-jig-head-esferica-laranja-anzois-maiores-10-60-8.jpg?v=1630522835,kg,,,
chumbada-jig-head-esferica-laranja-anzois-maiores,,,,,,,,,6g,,,2/0,,,,,'40598080513765,6.0,,-145,deny,manual,3.00,,true,false,,,,,,https://cdn.shopify.com/s/files/1/0454/5845/6736/products/chumbada-jig-head-esferica-laranja-anzois-maiores-10-60-7.jpg?v=1630522833,7,Chumbada Jig Head Esférica Laranja Anzóis Maiores (1/0 - 6/0),,,,,,,,,,,,,,,,,,,,https://cdn.shopify.com/s/files/1/0454/5845/6736/products/chumbada-jig-head-esferica-laranja-anzois-maiores-10-60-8.jpg?v=1630522835,kg,,,
chumbada-jig-head-esferica-laranja-anzois-maiores,,,,,,,,,6g,,,3/0,,,,,'40598080513909,6.0,,-50,continue,manual,3.00,,true,false,,,,,,https://cdn.shopify.com/s/files/1/0454/5845/6736/products/chumbada-jig-head-esferica-laranja-anzois-maiores-10-60-8.jpg?v=1630522835,8,Chumbada Jig Head Esférica Laranja Anzóis Maiores (1/0 - 6/0),,,,,,,,,,,,,,,,,,,,https://cdn.shopify.com/s/files/1/0454/5845/6736/products/chumbada-jig-head-esferica-laranja-anzois-maiores-10-60-8.jpg?v=1630522835,kg,,,
chumbada-jig-head-esferica-laranja-anzois-maiores,,,,,,,,,6g,,,4/0,,,,,'40598080514053,6.0,,0,continue,manual,3.09,,true,false,,,,,,,,,,,,,,,,,,,,,,,,,,,,https://cdn.shopify.com/s/files/1/0454/5845/6736/products/chumbada-jig-head-esferica-laranja-anzois-maiores-10-60-8.jpg?v=1630522835,kg,,,
chumbada-jig-head-esferica-laranja-anzois-maiores,,,,,,,,,6g,,,5/0,,,,,'40598080514197,6.0,,-40,continue,manual,3.69,,true,false,,,,,,,,,,,,,,,,,,,,,,,,,,,,https://cdn.shopify.com/s/files/1/0454/5845/6736/products/chumbada-jig-head-esferica-laranja-anzois-maiores-10-60-8.jpg?v=1630522835,kg,,,
chumbada-jig-head-esferica-laranja-anzois-maiores,,,,,,,,,6g,,,6/0,,,,,'40598080514341,6.0,shopify,0,deny,manual,3.69,,true,false,,,,,,,,,,,,,,,,,,,,,,,,,,,,https://cdn.shopify.com/s/files/1/0454/5845/6736/products/chumbada-jig-head-esferica-laranja-anzois-maiores-10-60-8.jpg?v=1630522835,kg,,,
chumbada-jig-head-esferica-laranja-anzois-maiores,,,,,,,,,8g,,,1/0,,,,,'40598080513623,8.0,,-259,continue,manual,3.00,,true,false,,,,,,,,,,,,,,,,,,,,,,,,,,,,https://cdn.shopify.com/s/files/1/0454/5845/6736/products/chumbada-jig-head-esferica-laranja-anzois-maiores-10-60-8.jpg?v=1630522835,kg,,,
chumbada-jig-head-esferica-laranja-anzois-maiores,,,,,,,,,8g,,,2/0,,,,,'40598080513767,8.0,,-338,deny,manual,3.00,,true,false,,,,,,,,,,,,,,,,,,,,,,,,,,,,https://cdn.shopify.com/s/files/1/0454/5845/6736/products/chumbada-jig-head-esferica-laranja-anzois-maiores-10-60-8.jpg?v=1630522835,kg,,,
chumbada-jig-head-esferica-laranja-anzois-maiores,,,,,,,,,8g,,,3/0,,,,,'40598080513911,8.0,,-141,continue,manual,3.00,,true,false,,,,,,,,,,,,,,,,,,,,,,,,,,,,https://cdn.shopify.com/s/files/1/0454/5845/6736/products/chumbada-jig-head-esferica-laranja-anzois-maiores-10-60-8.jpg?v=1630522835,kg,,,
chumbada-jig-head-esferica-laranja-anzois-maiores,,,,,,,,,8g,,,4/0,,,,,'40598080514055,8.0,,-69,continue,manual,3.09,,true,false,,,,,,,,,,,,,,,,,,,,,,,,,,,,https://cdn.shopify.com/s/files/1/0454/5845/6736/products/chumbada-jig-head-esferica-laranja-anzois-maiores-10-60-8.jpg?v=1630522835,kg,,,
chumbada-jig-head-esferica-laranja-anzois-maiores,,,,,,,,,8g,,,5/0,,,,,'40598080514199,8.0,,-60,continue,manual,3.69,,true,false,,,,,,,,,,,,,,,,,,,,,,,,,,,,https://cdn.shopify.com/s/files/1/0454/5845/6736/products/chumbada-jig-head-esferica-laranja-anzois-maiores-10-60-8.jpg?v=1630522835,kg,,,
chumbada-jig-head-esferica-laranja-anzois-maiores,,,,,,,,,8g,,,6/0,,,,,'40598080514343,8.0,shopify,0,deny,manual,3.69,,true,false,,,,,,,,,,,,,,,,,,,,,,,,,,,,https://cdn.shopify.com/s/files/1/0454/5845/6736/products/chumbada-jig-head-esferica-laranja-anzois-maiores-10-60-8.jpg?v=1630522835,kg,,,
chumbada-jig-head-esferica-laranja-anzois-maiores,,,,,,,,,10g,,,1/0,,,,,'40598080513624,10.0,,-181,continue,manual,3.86,,true,false,,,,,,,,,,,,,,,,,,,,,,,,,,,,https://cdn.shopify.com/s/files/1/0454/5845/6736/products/chumbada-jig-head-esferica-laranja-anzois-maiores-10-60-8.jpg?v=1630522835,kg,,,
chumbada-jig-head-esferica-laranja-anzois-maiores,,,,,,,,,10g,,,2/0,,,,,'40598080513768,10.0,,-140,deny,manual,3.86,,true,false,,,,,,,,,,,,,,,,,,,,,,,,,,,,https://cdn.shopify.com/s/files/1/0454/5845/6736/products/chumbada-jig-head-esferica-laranja-anzois-maiores-10-60-8.jpg?v=1630522835,kg,,,
chumbada-jig-head-esferica-laranja-anzois-maiores,,,,,,,,,10g,,,3/0,,,,,'40598080513912,10.0,,-58,continue,manual,3.86,,true,false,,,,,,,,,,,,,,,,,,,,,,,,,,,,https://cdn.shopify.com/s/files/1/0454/5845/6736/products/chumbada-jig-head-esferica-laranja-anzois-maiores-10-60-8.jpg?v=1630522835,kg,,,
chumbada-jig-head-esferica-laranja-anzois-maiores,,,,,,,,,10g,,,4/0,,,,,'40598080514056,10.0,,-182,continue,manual,3.95,,true,false,,,,,,,,,,,,,,,,,,,,,,,,,,,,https://cdn.shopify.com/s/files/1/0454/5845/6736/products/chumbada-jig-head-esferica-laranja-anzois-maiores-10-60-8.jpg?v=1630522835,kg,,,
chumbada-jig-head-esferica-laranja-anzois-maiores,,,,,,,,,10g,,,5/0,,,,,'40598080514200,10.0,,-50,continue,manual,4.55,,true,false,,,,,,,,,,,,,,,,,,,,,,,,,,,,https://cdn.shopify.com/s/files/1/0454/5845/6736/products/chumbada-jig-head-esferica-laranja-anzois-maiores-10-60-8.jpg?v=1630522835,kg,,,
chumbada-jig-head-esferica-laranja-anzois-maiores,,,,,,,,,10g,,,6/0,,,,,'40598080514344,10.0,shopify,0,deny,manual,4.55,,true,false,,,,,,,,,,,,,,,,,,,,,,,,,,,,https://cdn.shopify.com/s/files/1/0454/5845/6736/products/chumbada-jig-head-esferica-laranja-anzois-maiores-10-60-8.jpg?v=1630522835,kg,,,
chumbada-jig-head-esferica-laranja-anzois-maiores,,,,,,,,,12g,,,1/0,,,,,'40598080513625,12.0,,-45,continue,manual,3.86,,true,false,,,,,,,,,,,,,,,,,,,,,,,,,,,,https://cdn.shopify.com/s/files/1/0454/5845/6736/products/chumbada-jig-head-esferica-laranja-anzois-maiores-10-60-8.jpg?v=1630522835,kg,,,
chumbada-jig-head-esferica-laranja-anzois-maiores,,,,,,,,,12g,,,2/0,,,,,'40598080513769,12.0,,-118,deny,manual,3.86,,true,false,,,,,,,,,,,,,,,,,,,,,,,,,,,,https://cdn.shopify.com/s/files/1/0454/5845/6736/products/chumbada-jig-head-esferica-laranja-anzois-maiores-10-60-8.jpg?v=1630522835,kg,,,
chumbada-jig-head-esferica-laranja-anzois-maiores,,,,,,,,,12g,,,3/0,,,,,'40598080513913,12.0,,-111,continue,manual,3.86,,true,false,,,,,,,,,,,,,,,,,,,,,,,,,,,,https://cdn.shopify.com/s/files/1/0454/5845/6736/products/chumbada-jig-head-esferica-laranja-anzois-maiores-10-60-8.jpg?v=1630522835,kg,,,
chumbada-jig-head-esferica-laranja-anzois-maiores,,,,,,,,,12g,,,4/0,,,,,'40598080514057,12.0,,-2,continue,manual,3.95,,true,false,,,,,,,,,,,,,,,,,,,,,,,,,,,,https://cdn.shopify.com/s/files/1/0454/5845/6736/products/chumbada-jig-head-esferica-laranja-anzois-maiores-10-60-8.jpg?v=1630522835,kg,,,
chumbada-jig-head-esferica-laranja-anzois-maiores,,,,,,,,,12g,,,5/0,,,,,'40598080514201,12.0,,-16,continue,manual,4.55,,true,false,,,,,,,,,,,,,,,,,,,,,,,,,,,,https://cdn.shopify.com/s/files/1/0454/5845/6736/products/chumbada-jig-head-esferica-laranja-anzois-maiores-10-60-8.jpg?v=1630522835,kg,,,
chumbada-jig-head-esferica-laranja-anzois-maiores,,,,,,,,,12g,,,6/0,,,,,'40598080514345,12.0,shopify,0,deny,manual,4.55,,true,false,,,,,,,,,,,,,,,,,,,,,,,,,,,,https://cdn.shopify.com/s/files/1/0454/5845/6736/products/chumbada-jig-head-esferica-laranja-anzois-maiores-10-60-8.jpg?v=1630522835,kg,,,
chumbada-jig-head-esferica-laranja-anzois-maiores,,,,,,,,,14g,,,1/0,,,,,'40598080513626,14.0,,-3,continue,manual,3.86,,true,false,,,,,,,,,,,,,,,,,,,,,,,,,,,,https://cdn.shopify.com/s/files/1/0454/5845/6736/products/chumbada-jig-head-esferica-laranja-anzois-maiores-10-60-8.jpg?v=1630522835,kg,,,
chumbada-jig-head-esferica-laranja-anzois-maiores,,,,,,,,,14g,,,2/0,,,,,'40598080513770,14.0,,-28,deny,manual,3.86,,true,false,,,,,,,,,,,,,,,,,,,,,,,,,,,,https://cdn.shopify.com/s/files/1/0454/5845/6736/products/chumbada-jig-head-esferica-laranja-anzois-maiores-10-60-8.jpg?v=1630522835,kg,,,
chumbada-jig-head-esferica-laranja-anzois-maiores,,,,,,,,,14g,,,3/0,,,,,'40598080513914,14.0,,-3,continue,manual,3.86,,true,false,,,,,,,,,,,,,,,,,,,,,,,,,,,,https://cdn.shopify.com/s/files/1/0454/5845/6736/products/chumbada-jig-head-esferica-laranja-anzois-maiores-10-60-8.jpg?v=1630522835,kg,,,
chumbada-jig-head-esferica-laranja-anzois-maiores,,,,,,,,,14g,,,4/0,,,,,'40598080514058,14.0,,-30,continue,manual,3.95,,true,false,,,,,,,,,,,,,,,,,,,,,,,,,,,,https://cdn.shopify.com/s/files/1/0454/5845/6736/products/chumbada-jig-head-esferica-laranja-anzois-maiores-10-60-8.jpg?v=1630522835,kg,,,
chumbada-jig-head-esferica-laranja-anzois-maiores,,,,,,,,,14g,,,5/0,,,,,'40598080514202,14.0,,-10,continue,manual,4.55,,true,false,,,,,,,,,,,,,,,,,,,,,,,,,,,,https://cdn.shopify.com/s/files/1/0454/5845/6736/products/chumbada-jig-head-esferica-laranja-anzois-maiores-10-60-8.jpg?v=1630522835,kg,,,
chumbada-jig-head-esferica-laranja-anzois-maiores,,,,,,,,,14g,,,6/0,,,,,'40598080514346,14.0,shopify,0,deny,manual,4.55,,true,false,,,,,,,,,,,,,,,,,,,,,,,,,,,,https://cdn.shopify.com/s/files/1/0454/5845/6736/products/chumbada-jig-head-esferica-laranja-anzois-maiores-10-60-8.jpg?v=1630522835,kg,,,
chumbada-jig-head-esferica-laranja-anzois-maiores,,,,,,,,,15g,,,2/0,,,,,'40598080513771,15.0,,-2,deny,manual,3.86,,true,false,,,,,,,,,,,,,,,,,,,,,,,,,,,,https://cdn.shopify.com/s/files/1/0454/5845/6736/products/chumbada-jig-head-esferica-laranja-anzois-maiores-10-60-8.jpg?v=1630522835,kg,,,
chumbada-jig-head-esferica-laranja-anzois-maiores,,,,,,,,,15g,,,3/0,,,,,'40598080513915,15.0,,0,continue,manual,3.86,,true,false,,,,,,,,,,,,,,,,,,,,,,,,,,,,https://cdn.shopify.com/s/files/1/0454/5845/6736/products/chumbada-jig-head-esferica-laranja-anzois-maiores-10-60-8.jpg?v=1630522835,kg,,,
chumbada-jig-head-esferica-laranja-anzois-maiores,,,,,,,,,15g,,,4/0,,,,,'40598080514059,15.0,,-2,continue,manual,3.95,,true,false,,,,,,,,,,,,,,,,,,,,,,,,,,,,https://cdn.shopify.com/s/files/1/0454/5845/6736/products/chumbada-jig-head-esferica-laranja-anzois-maiores-10-60-8.jpg?v=1630522835,kg,,,
chumbada-jig-head-esferica-laranja-anzois-maiores,,,,,,,,,15g,,,5/0,,,,,'40598080514203,15.0,,-42,continue,manual,4.55,,true,false,,,,,,,,,,,,,,,,,,,,,,,,,,,,https://cdn.shopify.com/s/files/1/0454/5845/6736/products/chumbada-jig-head-esferica-laranja-anzois-maiores-10-60-8.jpg?v=1630522835,kg,,,
chumbada-jig-head-esferica-laranja-anzois-maiores,,,,,,,,,15g,,,6/0,,,,,'40598080514347,15.0,shopify,0,deny,manual,4.55,,true,false,,,,,,,,,,,,,,,,,,,,,,,,,,,,https://cdn.shopify.com/s/files/1/0454/5845/6736/products/chumbada-jig-head-esferica-laranja-anzois-maiores-10-60-8.jpg?v=1630522835,kg,,,
chumbada-jig-head-esferica-laranja-anzois-maiores,,,,,,,,,20g,,,3/0,,,,,'40598080513917,20.0,,-130,continue,manual,4.37,,true,false,,,,,,,,,,,,,,,,,,,,,,,,,,,,https://cdn.shopify.com/s/files/1/0454/5845/6736/products/chumbada-jig-head-esferica-laranja-anzois-maiores-10-60-8.jpg?v=1630522835,kg,,,
chumbada-jig-head-esferica-laranja-anzois-maiores,,,,,,,,,20g,,,4/0,,,,,'40598080514061,20.0,,-2,continue,manual,4.46,,true,false,,,,,,,,,,,,,,,,,,,,,,,,,,,,https://cdn.shopify.com/s/files/1/0454/5845/6736/products/chumbada-jig-head-esferica-laranja-anzois-maiores-10-60-8.jpg?v=1630522835,kg,,,
chumbada-jig-head-esferica-laranja-anzois-maiores,,,,,,,,,20g,,,5/0,,,,,'40598080514205,20.0,,-25,continue,manual,5.06,,true,false,,,,,,,,,,,,,,,,,,,,,,,,,,,,https://cdn.shopify.com/s/files/1/0454/5845/6736/products/chumbada-jig-head-esferica-laranja-anzois-maiores-10-60-8.jpg?v=1630522835,kg,,,
chumbada-jig-head-esferica-laranja-anzois-maiores,,,,,,,,,20g,,,6/0,,,,,'40598080514349,20.0,shopify,0,deny,manual,5.06,,true,false,,,,,,,,,,,,,,,,,,,,,,,,,,,,https://cdn.shopify.com/s/files/1/0454/5845/6736/products/chumbada-jig-head-esferica-laranja-anzois-maiores-10-60-8.jpg?v=1630522835,kg,,,
chumbada-jig-head-esferica-laranja-anzois-maiores,,,,,,,,,25g,,,4/0,,,,,'4059080508002540,25.0,,0,continue,manual,4.46,,true,false,,,,,,,,,,,,,,,,,,,,,,,,,,,,https://cdn.shopify.com/s/files/1/0454/5845/6736/products/chumbada-jig-head-esferica-laranja-anzois-maiores-10-60-8.jpg?v=1630522835,kg,,,
chumbada-jig-head-esferica-laranja-anzois-maiores,,,,,,,,,25g,,,5/0,,,,,'4059080508002550,25.0,,0,continue,manual,5.06,,true,false,,,,,,,,,,,,,,,,,,,,,,,,,,,,https://cdn.shopify.com/s/files/1/0454/5845/6736/products/chumbada-jig-head-esferica-laranja-anzois-maiores-10-60-8.jpg?v=1630522835,kg,,,
chumbada-jig-head-esferica-laranja-anzois-maiores,,,,,,,,,25g,,,6/0,,,,,'4059080508002560,25.0,shopify,0,deny,manual,5.06,,true,false,,,,,,,,,,,,,,,,,,,,,,,,,,,,https://cdn.shopify.com/s/files/1/0454/5845/6736/products/chumbada-jig-head-esferica-laranja-anzois-maiores-10-60-8.jpg?v=1630522835,kg,,,
chumbada-jig-head-esferica-laranja-anzois-maiores,,,,,,,,,30g,,,5/0,,,,,'4059080508003050,30.0,,0,continue,manual,5.06,,true,false,,,,,,,,,,,,,,,,,,,,,,,,,,,,https://cdn.shopify.com/s/files/1/0454/5845/6736/products/chumbada-jig-head-esferica-laranja-anzois-maiores-10-60-8.jpg?v=1630522835,kg,,,
chumbada-jig-head-esferica-laranja-anzois-maiores,,,,,,,,,30g,,,6/0,,,,,'4059080508003060,30.0,shopify,0,deny,manual,5.06,,true,false,,,,,,,,,,,,,,,,,,,,,,,,,,,,https://cdn.shopify.com/s/files/1/0454/5845/6736/products/chumbada-jig-head-esferica-laranja-anzois-maiores-10-60-8.jpg?v=1630522835,kg,,,
chumbada-jig-head-esferica-laranja-anzois-maiores,,,,,,,,,40g,,,4/0,,,,,'40598080514062,40.0,,0,continue,manual,5.71,,true,false,,,,,,,,,,,,,,,,,,,,,,,,,,,,https://cdn.shopify.com/s/files/1/0454/5845/6736/products/chumbada-jig-head-esferica-laranja-anzois-maiores-10-60-8.jpg?v=1630522835,kg,,,
chumbada-jig-head-esferica-laranja-anzois-maiores,,,,,,,,,40g,,,5/0,,,,,'40598080514206,40.0,,-40,continue,manual,6.31,,true,false,,,,,,,,,,,,,,,,,,,,,,,,,,,,https://cdn.shopify.com/s/files/1/0454/5845/6736/products/chumbada-jig-head-esferica-laranja-anzois-maiores-10-60-8.jpg?v=1630522835,kg,,,
chumbada-jig-head-esferica-laranja-anzois-maiores,,,,,,,,,40g,,,6/0,,,,,'40598080514350,40.0,shopify,0,deny,manual,6.31,,true,false,,,,,,,,,,,,,,,,,,,,,,,,,,,,https://cdn.shopify.com/s/files/1/0454/5845/6736/products/chumbada-jig-head-esferica-laranja-anzois-maiores-10-60-8.jpg?v=1630522835,kg,,,
chumbada-jig-head-esferica-laranja-anzois-maiores,,,,,,,,,50g,,,4/0,,,,,'40598080514063,50.0,,0,continue,manual,6.95,,true,false,,,,,,,,,,,,,,,,,,,,,,,,,,,,https://cdn.shopify.com/s/files/1/0454/5845/6736/products/chumbada-jig-head-esferica-laranja-anzois-maiores-10-60-8.jpg?v=1630522835,kg,,,
chumbada-jig-head-esferica-laranja-anzois-maiores,,,,,,,,,50g,,,5/0,,,,,'40598080514207,50.0,,0,continue,manual,7.55,,true,false,,,,,,,,,,,,,,,,,,,,,,,,,,,,https://cdn.shopify.com/s/files/1/0454/5845/6736/products/chumbada-jig-head-esferica-laranja-anzois-maiores-10-60-8.jpg?v=1630522835,kg,,,
chumbada-jig-head-esferica-laranja-anzois-maiores,,,,,,,,,50g,,,6/0,,,,,'40598080514351,50.0,shopify,0,deny,manual,7.55,,true,false,,,,,,,,,,,,,,,,,,,,,,,,,,,,https://cdn.shopify.com/s/files/1/0454/5845/6736/products/chumbada-jig-head-esferica-laranja-anzois-maiores-10-60-8.jpg?v=1630522835,kg,,,
chumbada-jig-head-esferica-laranja-anzois-maiores,,,,,,,,,60g,,,4/0,,,,,'40598080514064,60.0,,0,continue,manual,6.95,,true,false,,,,,,,,,,,,,,,,,,,,,,,,,,,,https://cdn.shopify.com/s/files/1/0454/5845/6736/products/chumbada-jig-head-esferica-laranja-anzois-maiores-10-60-8.jpg?v=1630522835,kg,,,
chumbada-jig-head-esferica-laranja-anzois-maiores,,,,,,,,,60g,,,5/0,,,,,'40598080514208,60.0,,0,continue,manual,7.55,,true,false,,,,,,,,,,,,,,,,,,,,,,,,,,,,https://cdn.shopify.com/s/files/1/0454/5845/6736/products/chumbada-jig-head-esferica-laranja-anzois-maiores-10-60-8.jpg?v=1630522835,kg,,,
chumbada-jig-head-esferica-laranja-anzois-maiores,,,,,,,,,60g,,,6/0,,,,,'40598080514352,60.0,shopify,0,deny,manual,7.55,,true,false,,,,,,,,,,,,,,,,,,,,,,,,,,,,https://cdn.shopify.com/s/files/1/0454/5845/6736/products/chumbada-jig-head-esferica-laranja-anzois-maiores-10-60-8.jpg?v=1630522835,kg,,,
chumbada-jig-head-esferica-laranja-anzois-maiores,,,,,,,,,70g,,,4/0,,,,,'40598080514065,70.0,,0,continue,manual,6.95,,true,false,,,,,,,,,,,,,,,,,,,,,,,,,,,,https://cdn.shopify.com/s/files/1/0454/5845/6736/products/chumbada-jig-head-esferica-laranja-anzois-maiores-10-60-8.jpg?v=1630522835,kg,,,
chumbada-jig-head-esferica-laranja-anzois-maiores,,,,,,,,,70g,,,5/0,,,,,'40598080514209,70.0,,0,continue,manual,7.55,,true,false,,,,,,,,,,,,,,,,,,,,,,,,,,,,https://cdn.shopify.com/s/files/1/0454/5845/6736/products/chumbada-jig-head-esferica-laranja-anzois-maiores-10-60-8.jpg?v=1630522835,kg,,,
chumbada-jig-head-esferica-laranja-anzois-maiores,,,,,,,,,70g,,,6/0,,,,,'40598080514353,70.0,shopify,-10,deny,manual,7.55,,true,false,,,,,,,,,,,,,,,,,,,,,,,,,,,,https://cdn.shopify.com/s/files/1/0454/5845/6736/products/chumbada-jig-head-esferica-laranja-anzois-maiores-10-60-8.jpg?v=1630522835,kg,,,
chumbada-jig-head-esferica-preta-anzois-maiores,Anzol Jig Head 90° Esférica Preta Anzóis Maiores (1/0 - 6/0),<p>Anzol Jig Head Esférica</p>,Chumbada Oficial,Sem categoria,"","90 Graus, Jig Head, jig head esferica, Jig Head Esferica Maior",true,Peso,5g,,Tamanho do Anzol,1/0,,,,,'40598080213572,5.0,shopify,-165,continue,manual,3.00,,true,false,,,,,,https://cdn.shopify.com/s/files/1/0454/5845/6736/products/chumbada-jig-head-esferica-preta-anzois-maiores-10-60.jpg?v=1630522839,1,Chumbada Jig Head Esférica Preta Anzóis Maiores (1/0 - 6/0),false,,,,,,,,,,,,,,,,,,,https://cdn.shopify.com/s/files/1/0454/5845/6736/products/chumbada-jig-head-esferica-preta-anzois-maiores-10-60-8.jpg?v=1630522855,kg,,,active
chumbada-jig-head-esferica-preta-anzois-maiores,,,,,,,,,5g,,,2/0,,,,,'40598080213716,5.0,,-80,deny,manual,3.00,,true,false,,,,,,https://cdn.shopify.com/s/files/1/0454/5845/6736/products/chumbada-jig-head-esferica-preta-anzois-maiores-10-60-2.jpg?v=1630522842,2,Chumbada Jig Head Esférica Preta Anzóis Maiores (1/0 - 6/0),,,,,,,,,,,,,,,,,,,,https://cdn.shopify.com/s/files/1/0454/5845/6736/products/chumbada-jig-head-esferica-preta-anzois-maiores-10-60-8.jpg?v=1630522855,kg,,,
chumbada-jig-head-esferica-preta-anzois-maiores,,,,,,,,,5g,,,3/0,,,,,'40598080213860,5.0,shopify,-130,continue,manual,3.00,,true,false,,,,,,https://cdn.shopify.com/s/files/1/0454/5845/6736/products/chumbada-jig-head-esferica-preta-anzois-maiores-10-60-3.jpg?v=1630522844,3,Chumbada Jig Head Esférica Preta Anzóis Maiores (1/0 - 6/0),,,,,,,,,,,,,,,,,,,,https://cdn.shopify.com/s/files/1/0454/5845/6736/products/chumbada-jig-head-esferica-preta-anzois-maiores-10-60-8.jpg?v=1630522855,kg,,,
chumbada-jig-head-esferica-preta-anzois-maiores,,,,,,,,,5g,,,4/0,,,,,'40598080214004,5.0,shopify,-60,continue,manual,3.09,,true,false,,,,,,https://cdn.shopify.com/s/files/1/0454/5845/6736/products/chumbada-jig-head-esferica-preta-anzois-maiores-10-60-4.jpg?v=1630522846,4,Chumbada Jig Head Esférica Preta Anzóis Maiores (1/0 - 6/0),,,,,,,,,,,,,,,,,,,,https://cdn.shopify.com/s/files/1/0454/5845/6736/products/chumbada-jig-head-esferica-preta-anzois-maiores-10-60-8.jpg?v=1630522855,kg,,,
chumbada-jig-head-esferica-preta-anzois-maiores,,,,,,,,,5g,,,5/0,,,,,'40598080214148,5.0,shopify,0,continue,manual,3.69,,true,false,,,,,,https://cdn.shopify.com/s/files/1/0454/5845/6736/products/chumbada-jig-head-esferica-preta-anzois-maiores-10-60-5.jpg?v=1630522848,5,Chumbada Jig Head Esférica Preta Anzóis Maiores (1/0 - 6/0),,,,,,,,,,,,,,,,,,,,https://cdn.shopify.com/s/files/1/0454/5845/6736/products/chumbada-jig-head-esferica-preta-anzois-maiores-10-60-8.jpg?v=1630522855,kg,,,
chumbada-jig-head-esferica-preta-anzois-maiores,,,,,,,,,6g,,,1/0,,,,,'40598080213573,6.0,,-20,continue,manual,3.00,,true,false,,,,,,https://cdn.shopify.com/s/files/1/0454/5845/6736/products/chumbada-jig-head-esferica-preta-anzois-maiores-10-60-6.jpg?v=1630522850,6,Chumbada Jig Head Esférica Preta Anzóis Maiores (1/0 - 6/0),,,,,,,,,,,,,,,,,,,,https://cdn.shopify.com/s/files/1/0454/5845/6736/products/chumbada-jig-head-esferica-preta-anzois-maiores-10-60-8.jpg?v=1630522855,kg,,,
chumbada-jig-head-esferica-preta-anzois-maiores,,,,,,,,,6g,,,2/0,,,,,'40598080213717,6.0,,-40,deny,manual,3.00,,true,false,,,,,,https://cdn.shopify.com/s/files/1/0454/5845/6736/products/chumbada-jig-head-esferica-preta-anzois-maiores-10-60-7.jpg?v=1630522853,7,Chumbada Jig Head Esférica Preta Anzóis Maiores (1/0 - 6/0),,,,,,,,,,,,,,,,,,,,https://cdn.shopify.com/s/files/1/0454/5845/6736/products/chumbada-jig-head-esferica-preta-anzois-maiores-10-60-8.jpg?v=1630522855,kg,,,
chumbada-jig-head-esferica-preta-anzois-maiores,,,,,,,,,6g,,,3/0,,,,,'40598080213861,6.0,,-65,continue,manual,3.00,,true,false,,,,,,https://cdn.shopify.com/s/files/1/0454/5845/6736/products/chumbada-jig-head-esferica-preta-anzois-maiores-10-60-8.jpg?v=1630522855,8,Chumbada Jig Head Esférica Preta Anzóis Maiores (1/0 - 6/0),,,,,,,,,,,,,,,,,,,,https://cdn.shopify.com/s/files/1/0454/5845/6736/products/chumbada-jig-head-esferica-preta-anzois-maiores-10-60-8.jpg?v=1630522855,kg,,,
chumbada-jig-head-esferica-preta-anzois-maiores,,,,,,,,,6g,,,4/0,,,,,'40598080214005,6.0,,-10,continue,manual,3.09,,true,false,,,,,,,,,,,,,,,,,,,,,,,,,,,,https://cdn.shopify.com/s/files/1/0454/5845/6736/products/chumbada-jig-head-esferica-preta-anzois-maiores-10-60-8.jpg?v=1630522855,kg,,,
chumbada-jig-head-esferica-preta-anzois-maiores,,,,,,,,,6g,,,5/0,,,,,'40598080214149,6.0,,0,continue,manual,3.69,,true,false,,,,,,,,,,,,,,,,,,,,,,,,,,,,https://cdn.shopify.com/s/files/1/0454/5845/6736/products/chumbada-jig-head-esferica-preta-anzois-maiores-10-60-8.jpg?v=1630522855,kg,,,
chumbada-jig-head-esferica-preta-anzois-maiores,,,,,,,,,6g,,,6/0,,,,,'40598080214293,6.0,shopify,0,deny,manual,3.69,,true,false,,,,,,,,,,,,,,,,,,,,,,,,,,,,https://cdn.shopify.com/s/files/1/0454/5845/6736/products/chumbada-jig-head-esferica-preta-anzois-maiores-10-60-8.jpg?v=1630522855,kg,,,
chumbada-jig-head-esferica-preta-anzois-maiores,,,,,,,,,8g,,,1/0,,,,,'40598080213575,8.0,,-40,continue,manual,3.00,,true,false,,,,,,,,,,,,,,,,,,,,,,,,,,,,https://cdn.shopify.com/s/files/1/0454/5845/6736/products/chumbada-jig-head-esferica-preta-anzois-maiores-10-60-8.jpg?v=1630522855,kg,,,
chumbada-jig-head-esferica-preta-anzois-maiores,,,,,,,,,8g,,,2/0,,,,,'40598080213719,8.0,,-40,deny,manual,3.00,,true,false,,,,,,,,,,,,,,,,,,,,,,,,,,,,https://cdn.shopify.com/s/files/1/0454/5845/6736/products/chumbada-jig-head-esferica-preta-anzois-maiores-10-60-8.jpg?v=1630522855,kg,,,
chumbada-jig-head-esferica-preta-anzois-maiores,,,,,,,,,8g,,,3/0,,,,,'40598080213863,8.0,,-30,continue,manual,3.00,,true,false,,,,,,,,,,,,,,,,,,,,,,,,,,,,https://cdn.shopify.com/s/files/1/0454/5845/6736/products/chumbada-jig-head-esferica-preta-anzois-maiores-10-60-8.jpg?v=1630522855,kg,,,
chumbada-jig-head-esferica-preta-anzois-maiores,,,,,,,,,8g,,,4/0,,,,,'40598080214007,8.0,,-16,continue,manual,3.09,,true,false,,,,,,,,,,,,,,,,,,,,,,,,,,,,https://cdn.shopify.com/s/files/1/0454/5845/6736/products/chumbada-jig-head-esferica-preta-anzois-maiores-10-60-8.jpg?v=1630522855,kg,,,
chumbada-jig-head-esferica-preta-anzois-maiores,,,,,,,,,8g,,,5/0,,,,,'40598080214151,8.0,,0,continue,manual,3.69,,true,false,,,,,,,,,,,,,,,,,,,,,,,,,,,,https://cdn.shopify.com/s/files/1/0454/5845/6736/products/chumbada-jig-head-esferica-preta-anzois-maiores-10-60-8.jpg?v=1630522855,kg,,,
chumbada-jig-head-esferica-preta-anzois-maiores,,,,,,,,,8g,,,6/0,,,,,'40598080214295,8.0,shopify,0,deny,manual,3.69,,true,false,,,,,,,,,,,,,,,,,,,,,,,,,,,,https://cdn.shopify.com/s/files/1/0454/5845/6736/products/chumbada-jig-head-esferica-preta-anzois-maiores-10-60-8.jpg?v=1630522855,kg,,,
chumbada-jig-head-esferica-preta-anzois-maiores,,,,,,,,,10g,,,1/0,,,,,'40598080213576,10.0,,-30,continue,manual,3.86,,true,false,,,,,,,,,,,,,,,,,,,,,,,,,,,,https://cdn.shopify.com/s/files/1/0454/5845/6736/products/chumbada-jig-head-esferica-preta-anzois-maiores-10-60-8.jpg?v=1630522855,kg,,,
chumbada-jig-head-esferica-preta-anzois-maiores,,,,,,,,,10g,,,2/0,,,,,'40598080213720,10.0,,-20,deny,manual,3.86,,true,false,,,,,,,,,,,,,,,,,,,,,,,,,,,,https://cdn.shopify.com/s/files/1/0454/5845/6736/products/chumbada-jig-head-esferica-preta-anzois-maiores-10-60-8.jpg?v=1630522855,kg,,,
chumbada-jig-head-esferica-preta-anzois-maiores,,,,,,,,,10g,,,3/0,,,,,'40598080213864,10.0,,-30,continue,manual,3.86,,true,false,,,,,,,,,,,,,,,,,,,,,,,,,,,,https://cdn.shopify.com/s/files/1/0454/5845/6736/products/chumbada-jig-head-esferica-preta-anzois-maiores-10-60-8.jpg?v=1630522855,kg,,,
chumbada-jig-head-esferica-preta-anzois-maiores,,,,,,,,,10g,,,4/0,,,,,'40598080214008,10.0,,-5,continue,manual,3.95,,true,false,,,,,,,,,,,,,,,,,,,,,,,,,,,,https://cdn.shopify.com/s/files/1/0454/5845/6736/products/chumbada-jig-head-esferica-preta-anzois-maiores-10-60-8.jpg?v=1630522855,kg,,,
chumbada-jig-head-esferica-preta-anzois-maiores,,,,,,,,,10g,,,5/0,,,,,'40598080214152,10.0,,-50,continue,manual,4.55,,true,false,,,,,,,,,,,,,,,,,,,,,,,,,,,,https://cdn.shopify.com/s/files/1/0454/5845/6736/products/chumbada-jig-head-esferica-preta-anzois-maiores-10-60-8.jpg?v=1630522855,kg,,,
chumbada-jig-head-esferica-preta-anzois-maiores,,,,,,,,,10g,,,6/0,,,,,'40598080214296,10.0,shopify,0,deny,manual,4.55,,true,false,,,,,,,,,,,,,,,,,,,,,,,,,,,,https://cdn.shopify.com/s/files/1/0454/5845/6736/products/chumbada-jig-head-esferica-preta-anzois-maiores-10-60-8.jpg?v=1630522855,kg,,,
chumbada-jig-head-esferica-preta-anzois-maiores,,,,,,,,,12g,,,1/0,,,,,'40598080213577,12.0,,0,continue,manual,3.86,,true,false,,,,,,,,,,,,,,,,,,,,,,,,,,,,https://cdn.shopify.com/s/files/1/0454/5845/6736/products/chumbada-jig-head-esferica-preta-anzois-maiores-10-60-8.jpg?v=1630522855,kg,,,
chumbada-jig-head-esferica-preta-anzois-maiores,,,,,,,,,12g,,,2/0,,,,,'40598080213721,12.0,,0,deny,manual,3.86,,true,false,,,,,,,,,,,,,,,,,,,,,,,,,,,,https://cdn.shopify.com/s/files/1/0454/5845/6736/products/chumbada-jig-head-esferica-preta-anzois-maiores-10-60-8.jpg?v=1630522855,kg,,,
chumbada-jig-head-esferica-preta-anzois-maiores,,,,,,,,,12g,,,3/0,,,,,'40598080213865,12.0,,0,continue,manual,3.86,,true,false,,,,,,,,,,,,,,,,,,,,,,,,,,,,https://cdn.shopify.com/s/files/1/0454/5845/6736/products/chumbada-jig-head-esferica-preta-anzois-maiores-10-60-8.jpg?v=1630522855,kg,,,
chumbada-jig-head-esferica-preta-anzois-maiores,,,,,,,,,12g,,,4/0,,,,,'40598080214009,12.0,,-20,continue,manual,3.95,,true,false,,,,,,,,,,,,,,,,,,,,,,,,,,,,https://cdn.shopify.com/s/files/1/0454/5845/6736/products/chumbada-jig-head-esferica-preta-anzois-maiores-10-60-8.jpg?v=1630522855,kg,,,
chumbada-jig-head-esferica-preta-anzois-maiores,,,,,,,,,12g,,,5/0,,,,,'40598080214153,12.0,,-5,continue,manual,4.55,,true,false,,,,,,,,,,,,,,,,,,,,,,,,,,,,https://cdn.shopify.com/s/files/1/0454/5845/6736/products/chumbada-jig-head-esferica-preta-anzois-maiores-10-60-8.jpg?v=1630522855,kg,,,
chumbada-jig-head-esferica-preta-anzois-maiores,,,,,,,,,12g,,,6/0,,,,,'40598080214297,12.0,shopify,0,deny,manual,4.55,,true,false,,,,,,,,,,,,,,,,,,,,,,,,,,,,https://cdn.shopify.com/s/files/1/0454/5845/6736/products/chumbada-jig-head-esferica-preta-anzois-maiores-10-60-8.jpg?v=1630522855,kg,,,
chumbada-jig-head-esferica-preta-anzois-maiores,,,,,,,,,14g,,,1/0,,,,,'40598080213578,14.0,,-10,continue,manual,3.86,,true,false,,,,,,,,,,,,,,,,,,,,,,,,,,,,https://cdn.shopify.com/s/files/1/0454/5845/6736/products/chumbada-jig-head-esferica-preta-anzois-maiores-10-60-8.jpg?v=1630522855,kg,,,
chumbada-jig-head-esferica-preta-anzois-maiores,,,,,,,,,14g,,,2/0,,,,,'40598080213722,14.0,,0,deny,manual,3.86,,true,false,,,,,,,,,,,,,,,,,,,,,,,,,,,,https://cdn.shopify.com/s/files/1/0454/5845/6736/products/chumbada-jig-head-esferica-preta-anzois-maiores-10-60-8.jpg?v=1630522855,kg,,,
chumbada-jig-head-esferica-preta-anzois-maiores,,,,,,,,,14g,,,3/0,,,,,'40598080213866,14.0,,-10,continue,manual,3.86,,true,false,,,,,,,,,,,,,,,,,,,,,,,,,,,,https://cdn.shopify.com/s/files/1/0454/5845/6736/products/chumbada-jig-head-esferica-preta-anzois-maiores-10-60-8.jpg?v=1630522855,kg,,,
chumbada-jig-head-esferica-preta-anzois-maiores,,,,,,,,,14g,,,4/0,,,,,'40598080214010,14.0,,0,continue,manual,3.95,,true,false,,,,,,,,,,,,,,,,,,,,,,,,,,,,https://cdn.shopify.com/s/files/1/0454/5845/6736/products/chumbada-jig-head-esferica-preta-anzois-maiores-10-60-8.jpg?v=1630522855,kg,,,
chumbada-jig-head-esferica-preta-anzois-maiores,,,,,,,,,14g,,,5/0,,,,,'40598080214154,14.0,,-5,continue,manual,4.55,,true,false,,,,,,,,,,,,,,,,,,,,,,,,,,,,https://cdn.shopify.com/s/files/1/0454/5845/6736/products/chumbada-jig-head-esferica-preta-anzois-maiores-10-60-8.jpg?v=1630522855,kg,,,
chumbada-jig-head-esferica-preta-anzois-maiores,,,,,,,,,14g,,,6/0,,,,,'40598080214298,14.0,shopify,0,deny,manual,4.55,,true,false,,,,,,,,,,,,,,,,,,,,,,,,,,,,https://cdn.shopify.com/s/files/1/0454/5845/6736/products/chumbada-jig-head-esferica-preta-anzois-maiores-10-60-8.jpg?v=1630522855,kg,,,
chumbada-jig-head-esferica-preta-anzois-maiores,,,,,,,,,15g,,,2/0,,,,,'40598080213723,15.0,,-10,deny,manual,3.86,,true,false,,,,,,,,,,,,,,,,,,,,,,,,,,,,https://cdn.shopify.com/s/files/1/0454/5845/6736/products/chumbada-jig-head-esferica-preta-anzois-maiores-10-60-8.jpg?v=1630522855,kg,,,
chumbada-jig-head-esferica-preta-anzois-maiores,,,,,,,,,15g,,,3/0,,,,,'40598080213867,15.0,,0,continue,manual,3.86,,true,false,,,,,,,,,,,,,,,,,,,,,,,,,,,,https://cdn.shopify.com/s/files/1/0454/5845/6736/products/chumbada-jig-head-esferica-preta-anzois-maiores-10-60-8.jpg?v=1630522855,kg,,,
chumbada-jig-head-esferica-preta-anzois-maiores,,,,,,,,,15g,,,4/0,,,,,'40598080214011,15.0,,0,continue,manual,3.95,,true,false,,,,,,,,,,,,,,,,,,,,,,,,,,,,https://cdn.shopify.com/s/files/1/0454/5845/6736/products/chumbada-jig-head-esferica-preta-anzois-maiores-10-60-8.jpg?v=1630522855,kg,,,
chumbada-jig-head-esferica-preta-anzois-maiores,,,,,,,,,15g,,,5/0,,,,,'40598080214155,15.0,,0,continue,manual,4.55,,true,false,,,,,,,,,,,,,,,,,,,,,,,,,,,,https://cdn.shopify.com/s/files/1/0454/5845/6736/products/chumbada-jig-head-esferica-preta-anzois-maiores-10-60-8.jpg?v=1630522855,kg,,,
chumbada-jig-head-esferica-preta-anzois-maiores,,,,,,,,,15g,,,6/0,,,,,'40598080214299,15.0,shopify,-10,deny,manual,4.55,,true,false,,,,,,,,,,,,,,,,,,,,,,,,,,,,https://cdn.shopify.com/s/files/1/0454/5845/6736/products/chumbada-jig-head-esferica-preta-anzois-maiores-10-60-8.jpg?v=1630522855,kg,,,
chumbada-jig-head-esferica-preta-anzois-maiores,,,,,,,,,20g,,,3/0,,,,,'40598080213869,20.0,,0,continue,manual,4.37,,true,false,,,,,,,,,,,,,,,,,,,,,,,,,,,,https://cdn.shopify.com/s/files/1/0454/5845/6736/products/chumbada-jig-head-esferica-preta-anzois-maiores-10-60-8.jpg?v=1630522855,kg,,,
chumbada-jig-head-esferica-preta-anzois-maiores,,,,,,,,,20g,,,4/0,,,,,'40598080214013,20.0,,0,continue,manual,4.46,,true,false,,,,,,,,,,,,,,,,,,,,,,,,,,,,https://cdn.shopify.com/s/files/1/0454/5845/6736/products/chumbada-jig-head-esferica-preta-anzois-maiores-10-60-8.jpg?v=1630522855,kg,,,
chumbada-jig-head-esferica-preta-anzois-maiores,,,,,,,,,20g,,,5/0,,,,,'40598080214157,20.0,,0,continue,manual,5.06,,true,false,,,,,,,,,,,,,,,,,,,,,,,,,,,,https://cdn.shopify.com/s/files/1/0454/5845/6736/products/chumbada-jig-head-esferica-preta-anzois-maiores-10-60-8.jpg?v=1630522855,kg,,,
chumbada-jig-head-esferica-preta-anzois-maiores,,,,,,,,,20g,,,6/0,,,,,'40598080214301,20.0,shopify,0,deny,manual,5.06,,true,false,,,,,,,,,,,,,,,,,,,,,,,,,,,,https://cdn.shopify.com/s/files/1/0454/5845/6736/products/chumbada-jig-head-esferica-preta-anzois-maiores-10-60-8.jpg?v=1630522855,kg,,,
chumbada-jig-head-esferica-preta-anzois-maiores,,,,,,,,,25g,,,4/0,,,,,'4059080208002540,25.0,,0,continue,manual,4.46,,true,false,,,,,,,,,,,,,,,,,,,,,,,,,,,,https://cdn.shopify.com/s/files/1/0454/5845/6736/products/chumbada-jig-head-esferica-preta-anzois-maiores-10-60-8.jpg?v=1630522855,kg,,,
chumbada-jig-head-esferica-preta-anzois-maiores,,,,,,,,,25g,,,5/0,,,,,'4059080208002550,25.0,,0,continue,manual,5.06,,true,false,,,,,,,,,,,,,,,,,,,,,,,,,,,,https://cdn.shopify.com/s/files/1/0454/5845/6736/products/chumbada-jig-head-esferica-preta-anzois-maiores-10-60-8.jpg?v=1630522855,kg,,,
chumbada-jig-head-esferica-preta-anzois-maiores,,,,,,,,,25g,,,6/0,,,,,'4059080208002560,25.0,shopify,0,deny,manual,5.06,,true,false,,,,,,,,,,,,,,,,,,,,,,,,,,,,https://cdn.shopify.com/s/files/1/0454/5845/6736/products/chumbada-jig-head-esferica-preta-anzois-maiores-10-60-8.jpg?v=1630522855,kg,,,
chumbada-jig-head-esferica-preta-anzois-maiores,,,,,,,,,30g,,,5/0,,,,,'4059080208003050,30.0,,0,continue,manual,5.06,,true,false,,,,,,,,,,,,,,,,,,,,,,,,,,,,https://cdn.shopify.com/s/files/1/0454/5845/6736/products/chumbada-jig-head-esferica-preta-anzois-maiores-10-60-8.jpg?v=1630522855,kg,,,
chumbada-jig-head-esferica-preta-anzois-maiores,,,,,,,,,30g,,,6/0,,,,,'4059080208003060,30.0,shopify,0,deny,manual,5.06,,true,false,,,,,,,,,,,,,,,,,,,,,,,,,,,,https://cdn.shopify.com/s/files/1/0454/5845/6736/products/chumbada-jig-head-esferica-preta-anzois-maiores-10-60-8.jpg?v=1630522855,kg,,,
chumbada-jig-head-esferica-preta-anzois-maiores,,,,,,,,,40g,,,4/0,,,,,'40598080214014,40.0,,0,continue,manual,5.71,,true,false,,,,,,,,,,,,,,,,,,,,,,,,,,,,https://cdn.shopify.com/s/files/1/0454/5845/6736/products/chumbada-jig-head-esferica-preta-anzois-maiores-10-60-8.jpg?v=1630522855,kg,,,
chumbada-jig-head-esferica-preta-anzois-maiores,,,,,,,,,40g,,,5/0,,,,,'40598080214158,40.0,,0,continue,manual,6.31,,true,false,,,,,,,,,,,,,,,,,,,,,,,,,,,,https://cdn.shopify.com/s/files/1/0454/5845/6736/products/chumbada-jig-head-esferica-preta-anzois-maiores-10-60-8.jpg?v=1630522855,kg,,,
chumbada-jig-head-esferica-preta-anzois-maiores,,,,,,,,,40g,,,6/0,,,,,'40598080214302,40.0,shopify,0,deny,manual,6.31,,true,false,,,,,,,,,,,,,,,,,,,,,,,,,,,,https://cdn.shopify.com/s/files/1/0454/5845/6736/products/chumbada-jig-head-esferica-preta-anzois-maiores-10-60-8.jpg?v=1630522855,kg,,,
chumbada-jig-head-esferica-preta-anzois-maiores,,,,,,,,,50g,,,4/0,,,,,'40598080214015,50.0,,0,continue,manual,6.95,,true,false,,,,,,,,,,,,,,,,,,,,,,,,,,,,https://cdn.shopify.com/s/files/1/0454/5845/6736/products/chumbada-jig-head-esferica-preta-anzois-maiores-10-60-8.jpg?v=1630522855,kg,,,
chumbada-jig-head-esferica-preta-anzois-maiores,,,,,,,,,50g,,,5/0,,,,,'40598080214159,50.0,,0,continue,manual,7.55,,true,false,,,,,,,,,,,,,,,,,,,,,,,,,,,,https://cdn.shopify.com/s/files/1/0454/5845/6736/products/chumbada-jig-head-esferica-preta-anzois-maiores-10-60-8.jpg?v=1630522855,kg,,,
chumbada-jig-head-esferica-preta-anzois-maiores,,,,,,,,,50g,,,6/0,,,,,'40598080214303,50.0,shopify,0,deny,manual,7.55,,true,false,,,,,,,,,,,,,,,,,,,,,,,,,,,,https://cdn.shopify.com/s/files/1/0454/5845/6736/products/chumbada-jig-head-esferica-preta-anzois-maiores-10-60-8.jpg?v=1630522855,kg,,,
chumbada-jig-head-esferica-preta-anzois-maiores,,,,,,,,,60g,,,4/0,,,,,'40598080214016,60.0,,0,continue,manual,6.95,,true,false,,,,,,,,,,,,,,,,,,,,,,,,,,,,https://cdn.shopify.com/s/files/1/0454/5845/6736/products/chumbada-jig-head-esferica-preta-anzois-maiores-10-60-8.jpg?v=1630522855,kg,,,
chumbada-jig-head-esferica-preta-anzois-maiores,,,,,,,,,60g,,,5/0,,,,,'40598080214160,60.0,,0,continue,manual,7.55,,true,false,,,,,,,,,,,,,,,,,,,,,,,,,,,,https://cdn.shopify.com/s/files/1/0454/5845/6736/products/chumbada-jig-head-esferica-preta-anzois-maiores-10-60-8.jpg?v=1630522855,kg,,,
chumbada-jig-head-esferica-preta-anzois-maiores,,,,,,,,,60g,,,6/0,,,,,'40598080214304,60.0,shopify,0,deny,manual,7.55,,true,false,,,,,,,,,,,,,,,,,,,,,,,,,,,,https://cdn.shopify.com/s/files/1/0454/5845/6736/products/chumbada-jig-head-esferica-preta-anzois-maiores-10-60-8.jpg?v=1630522855,kg,,,
chumbada-jig-head-esferica-preta-anzois-maiores,,,,,,,,,70g,,,4/0,,,,,'40598080214017,70.0,,0,continue,manual,6.95,,true,false,,,,,,,,,,,,,,,,,,,,,,,,,,,,https://cdn.shopify.com/s/files/1/0454/5845/6736/products/chumbada-jig-head-esferica-preta-anzois-maiores-10-60-8.jpg?v=1630522855,kg,,,
chumbada-jig-head-esferica-preta-anzois-maiores,,,,,,,,,70g,,,5/0,,,,,'40598080214161,70.0,,0,continue,manual,7.55,,true,false,,,,,,,,,,,,,,,,,,,,,,,,,,,,https://cdn.shopify.com/s/files/1/0454/5845/6736/products/chumbada-jig-head-esferica-preta-anzois-maiores-10-60-8.jpg?v=1630522855,kg,,,
chumbada-jig-head-esferica-preta-anzois-maiores,,,,,,,,,70g,,,6/0,,,,,'40598080214305,70.0,shopify,0,deny,manual,7.55,,true,false,,,,,,,,,,,,,,,,,,,,,,,,,,,,https://cdn.shopify.com/s/files/1/0454/5845/6736/products/chumbada-jig-head-esferica-preta-anzois-maiores-10-60-8.jpg?v=1630522855,kg,,,
chumbada-jig-head-esferica-vermelha-anzois-maiores,Anzol Jig Head 90° Esférica Vermelha Anzóis Maiores (1/0 - 6/0),<p>Anzol Jig Head Esférica</p>,Chumbada Oficial,Sem categoria,"","90 Graus, Jig Head, jig head esferica, Jig Head Esferica Maior",true,Peso,5g,,Tamanho do Anzol,1/0,,,,,'40598080413604,5.0,,-73,deny,manual,3.00,,true,false,,,,,,https://cdn.shopify.com/s/files/1/0454/5845/6736/products/chumbada-jig-head-esferica-vermelha-anzois-maiores-10-60.jpg?v=1630522981,1,Chumbada Jig Head Esférica Vermelha Anzóis Maiores (1/0 - 6/0),false,,,,,,,,,,,,,,,,,,,https://cdn.shopify.com/s/files/1/0454/5845/6736/products/chumbada-jig-head-esferica-vermelha-anzois-maiores-10-60-8.jpg?v=1630522999,kg,,,active
chumbada-jig-head-esferica-vermelha-anzois-maiores,,,,,,,,,5g,,,2/0,,,,,'40598080413748,5.0,,-35,deny,manual,3.00,,true,false,,,,,,https://cdn.shopify.com/s/files/1/0454/5845/6736/products/chumbada-jig-head-esferica-vermelha-anzois-maiores-10-60-2.jpg?v=1630522983,2,Chumbada Jig Head Esférica Vermelha Anzóis Maiores (1/0 - 6/0),,,,,,,,,,,,,,,,,,,,https://cdn.shopify.com/s/files/1/0454/5845/6736/products/chumbada-jig-head-esferica-vermelha-anzois-maiores-10-60-8.jpg?v=1630522999,kg,,,
chumbada-jig-head-esferica-vermelha-anzois-maiores,,,,,,,,,5g,,,3/0,,,,,'40598080413892,5.0,,-15,deny,manual,3.00,,true,false,,,,,,https://cdn.shopify.com/s/files/1/0454/5845/6736/products/chumbada-jig-head-esferica-vermelha-anzois-maiores-10-60-3.jpg?v=1630522987,3,Chumbada Jig Head Esférica Vermelha Anzóis Maiores (1/0 - 6/0),,,,,,,,,,,,,,,,,,,,https://cdn.shopify.com/s/files/1/0454/5845/6736/products/chumbada-jig-head-esferica-vermelha-anzois-maiores-10-60-8.jpg?v=1630522999,kg,,,
chumbada-jig-head-esferica-vermelha-anzois-maiores,,,,,,,,,5g,,,4/0,,,,,'40598080414036,5.0,,0,deny,manual,3.09,,true,false,,,,,,https://cdn.shopify.com/s/files/1/0454/5845/6736/products/chumbada-jig-head-esferica-vermelha-anzois-maiores-10-60-4.jpg?v=1630522990,4,Chumbada Jig Head Esférica Vermelha Anzóis Maiores (1/0 - 6/0),,,,,,,,,,,,,,,,,,,,https://cdn.shopify.com/s/files/1/0454/5845/6736/products/chumbada-jig-head-esferica-vermelha-anzois-maiores-10-60-8.jpg?v=1630522999,kg,,,
chumbada-jig-head-esferica-vermelha-anzois-maiores,,,,,,,,,5g,,,5/0,,,,,'40598080414180,5.0,,0,deny,manual,3.69,,true,false,,,,,,https://cdn.shopify.com/s/files/1/0454/5845/6736/products/chumbada-jig-head-esferica-vermelha-anzois-maiores-10-60-5.jpg?v=1630522992,5,Chumbada Jig Head Esférica Vermelha Anzóis Maiores (1/0 - 6/0),,,,,,,,,,,,,,,,,,,,https://cdn.shopify.com/s/files/1/0454/5845/6736/products/chumbada-jig-head-esferica-vermelha-anzois-maiores-10-60-8.jpg?v=1630522999,kg,,,
chumbada-jig-head-esferica-vermelha-anzois-maiores,,,,,,,,,6g,,,1/0,,,,,'40598080413605,6.0,,-30,deny,manual,3.00,,true,false,,,,,,https://cdn.shopify.com/s/files/1/0454/5845/6736/products/chumbada-jig-head-esferica-vermelha-anzois-maiores-10-60-6.jpg?v=1630522995,6,Chumbada Jig Head Esférica Vermelha Anzóis Maiores (1/0 - 6/0),,,,,,,,,,,,,,,,,,,,https://cdn.shopify.com/s/files/1/0454/5845/6736/products/chumbada-jig-head-esferica-vermelha-anzois-maiores-10-60-8.jpg?v=1630522999,kg,,,
chumbada-jig-head-esferica-vermelha-anzois-maiores,,,,,,,,,6g,,,2/0,,,,,'40598080413749,6.0,,-133,deny,manual,3.00,,true,false,,,,,,https://cdn.shopify.com/s/files/1/0454/5845/6736/products/chumbada-jig-head-esferica-vermelha-anzois-maiores-10-60-7.jpg?v=1630522997,7,Chumbada Jig Head Esférica Vermelha Anzóis Maiores (1/0 - 6/0),,,,,,,,,,,,,,,,,,,,https://cdn.shopify.com/s/files/1/0454/5845/6736/products/chumbada-jig-head-esferica-vermelha-anzois-maiores-10-60-8.jpg?v=1630522999,kg,,,
chumbada-jig-head-esferica-vermelha-anzois-maiores,,,,,,,,,6g,,,3/0,,,,,'40598080413893,6.0,,-10,deny,manual,3.00,,true,false,,,,,,https://cdn.shopify.com/s/files/1/0454/5845/6736/products/chumbada-jig-head-esferica-vermelha-anzois-maiores-10-60-8.jpg?v=1630522999,8,Chumbada Jig Head Esférica Vermelha Anzóis Maiores (1/0 - 6/0),,,,,,,,,,,,,,,,,,,,https://cdn.shopify.com/s/files/1/0454/5845/6736/products/chumbada-jig-head-esferica-vermelha-anzois-maiores-10-60-8.jpg?v=1630522999,kg,,,
chumbada-jig-head-esferica-vermelha-anzois-maiores,,,,,,,,,6g,,,4/0,,,,,'40598080414037,6.0,,-44,deny,manual,3.09,,true,false,,,,,,,,,,,,,,,,,,,,,,,,,,,,https://cdn.shopify.com/s/files/1/0454/5845/6736/products/chumbada-jig-head-esferica-vermelha-anzois-maiores-10-60-8.jpg?v=1630522999,kg,,,
chumbada-jig-head-esferica-vermelha-anzois-maiores,,,,,,,,,6g,,,5/0,,,,,'40598080414181,6.0,,0,deny,manual,3.69,,true,false,,,,,,,,,,,,,,,,,,,,,,,,,,,,https://cdn.shopify.com/s/files/1/0454/5845/6736/products/chumbada-jig-head-esferica-vermelha-anzois-maiores-10-60-8.jpg?v=1630522999,kg,,,
chumbada-jig-head-esferica-vermelha-anzois-maiores,,,,,,,,,6g,,,6/0,,,,,'40598080414325,6.0,shopify,0,deny,manual,3.69,,true,false,,,,,,,,,,,,,,,,,,,,,,,,,,,,https://cdn.shopify.com/s/files/1/0454/5845/6736/products/chumbada-jig-head-esferica-vermelha-anzois-maiores-10-60-8.jpg?v=1630522999,kg,,,
chumbada-jig-head-esferica-vermelha-anzois-maiores,,,,,,,,,8g,,,1/0,,,,,'40598080413607,8.0,,-25,deny,manual,3.00,,true,false,,,,,,,,,,,,,,,,,,,,,,,,,,,,https://cdn.shopify.com/s/files/1/0454/5845/6736/products/chumbada-jig-head-esferica-vermelha-anzois-maiores-10-60-8.jpg?v=1630522999,kg,,,
chumbada-jig-head-esferica-vermelha-anzois-maiores,,,,,,,,,8g,,,2/0,,,,,'40598080413751,8.0,,-40,deny,manual,3.00,,true,false,,,,,,,,,,,,,,,,,,,,,,,,,,,,https://cdn.shopify.com/s/files/1/0454/5845/6736/products/chumbada-jig-head-esferica-vermelha-anzois-maiores-10-60-8.jpg?v=1630522999,kg,,,
chumbada-jig-head-esferica-vermelha-anzois-maiores,,,,,,,,,8g,,,3/0,,,,,'40598080413895,8.0,,-219,deny,manual,3.00,,true,false,,,,,,,,,,,,,,,,,,,,,,,,,,,,https://cdn.shopify.com/s/files/1/0454/5845/6736/products/chumbada-jig-head-esferica-vermelha-anzois-maiores-10-60-8.jpg?v=1630522999,kg,,,
chumbada-jig-head-esferica-vermelha-anzois-maiores,,,,,,,,,8g,,,4/0,,,,,'40598080414039,8.0,,-10,deny,manual,3.09,,true,false,,,,,,,,,,,,,,,,,,,,,,,,,,,,https://cdn.shopify.com/s/files/1/0454/5845/6736/products/chumbada-jig-head-esferica-vermelha-anzois-maiores-10-60-8.jpg?v=1630522999,kg,,,
chumbada-jig-head-esferica-vermelha-anzois-maiores,,,,,,,,,8g,,,5/0,,,,,'40598080414183,8.0,,0,deny,manual,3.69,,true,false,,,,,,,,,,,,,,,,,,,,,,,,,,,,https://cdn.shopify.com/s/files/1/0454/5845/6736/products/chumbada-jig-head-esferica-vermelha-anzois-maiores-10-60-8.jpg?v=1630522999,kg,,,
chumbada-jig-head-esferica-vermelha-anzois-maiores,,,,,,,,,8g,,,6/0,,,,,'40598080414327,8.0,shopify,0,deny,manual,3.69,,true,false,,,,,,,,,,,,,,,,,,,,,,,,,,,,https://cdn.shopify.com/s/files/1/0454/5845/6736/products/chumbada-jig-head-esferica-vermelha-anzois-maiores-10-60-8.jpg?v=1630522999,kg,,,
chumbada-jig-head-esferica-vermelha-anzois-maiores,,,,,,,,,10g,,,1/0,,,,,'40598080413608,10.0,,-30,deny,manual,3.86,,true,false,,,,,,,,,,,,,,,,,,,,,,,,,,,,https://cdn.shopify.com/s/files/1/0454/5845/6736/products/chumbada-jig-head-esferica-vermelha-anzois-maiores-10-60-8.jpg?v=1630522999,kg,,,
chumbada-jig-head-esferica-vermelha-anzois-maiores,,,,,,,,,10g,,,2/0,,,,,'40598080413752,10.0,,-10,deny,manual,3.86,,true,false,,,,,,,,,,,,,,,,,,,,,,,,,,,,https://cdn.shopify.com/s/files/1/0454/5845/6736/products/chumbada-jig-head-esferica-vermelha-anzois-maiores-10-60-8.jpg?v=1630522999,kg,,,
chumbada-jig-head-esferica-vermelha-anzois-maiores,,,,,,,,,10g,,,3/0,,,,,'40598080413896,10.0,,0,deny,manual,3.86,,true,false,,,,,,,,,,,,,,,,,,,,,,,,,,,,https://cdn.shopify.com/s/files/1/0454/5845/6736/products/chumbada-jig-head-esferica-vermelha-anzois-maiores-10-60-8.jpg?v=1630522999,kg,,,
chumbada-jig-head-esferica-vermelha-anzois-maiores,,,,,,,,,10g,,,4/0,,,,,'40598080414040,10.0,,-113,deny,manual,3.95,,true,false,,,,,,,,,,,,,,,,,,,,,,,,,,,,https://cdn.shopify.com/s/files/1/0454/5845/6736/products/chumbada-jig-head-esferica-vermelha-anzois-maiores-10-60-8.jpg?v=1630522999,kg,,,
chumbada-jig-head-esferica-vermelha-anzois-maiores,,,,,,,,,10g,,,5/0,,,,,'40598080414184,10.0,,0,deny,manual,4.55,,true,false,,,,,,,,,,,,,,,,,,,,,,,,,,,,https://cdn.shopify.com/s/files/1/0454/5845/6736/products/chumbada-jig-head-esferica-vermelha-anzois-maiores-10-60-8.jpg?v=1630522999,kg,,,
chumbada-jig-head-esferica-vermelha-anzois-maiores,,,,,,,,,10g,,,6/0,,,,,'40598080414328,10.0,,0,deny,manual,4.55,,true,false,,,,,,,,,,,,,,,,,,,,,,,,,,,,https://cdn.shopify.com/s/files/1/0454/5845/6736/products/chumbada-jig-head-esferica-vermelha-anzois-maiores-10-60-8.jpg?v=1630522999,kg,,,
chumbada-jig-head-esferica-vermelha-anzois-maiores,,,,,,,,,12g,,,1/0,,,,,'40598080413609,12.0,,0,deny,manual,3.86,,true,false,,,,,,,,,,,,,,,,,,,,,,,,,,,,https://cdn.shopify.com/s/files/1/0454/5845/6736/products/chumbada-jig-head-esferica-vermelha-anzois-maiores-10-60-8.jpg?v=1630522999,kg,,,
chumbada-jig-head-esferica-vermelha-anzois-maiores,,,,,,,,,12g,,,2/0,,,,,'40598080413753,12.0,,0,deny,manual,3.86,,true,false,,,,,,,,,,,,,,,,,,,,,,,,,,,,https://cdn.shopify.com/s/files/1/0454/5845/6736/products/chumbada-jig-head-esferica-vermelha-anzois-maiores-10-60-8.jpg?v=1630522999,kg,,,
chumbada-jig-head-esferica-vermelha-anzois-maiores,,,,,,,,,12g,,,3/0,,,,,'40598080413897,12.0,,-6,deny,manual,3.86,,true,false,,,,,,,,,,,,,,,,,,,,,,,,,,,,https://cdn.shopify.com/s/files/1/0454/5845/6736/products/chumbada-jig-head-esferica-vermelha-anzois-maiores-10-60-8.jpg?v=1630522999,kg,,,
chumbada-jig-head-esferica-vermelha-anzois-maiores,,,,,,,,,12g,,,4/0,,,,,'40598080414041,12.0,,-14,deny,manual,3.95,,true,false,,,,,,,,,,,,,,,,,,,,,,,,,,,,https://cdn.shopify.com/s/files/1/0454/5845/6736/products/chumbada-jig-head-esferica-vermelha-anzois-maiores-10-60-8.jpg?v=1630522999,kg,,,
chumbada-jig-head-esferica-vermelha-anzois-maiores,,,,,,,,,12g,,,5/0,,,,,'40598080414185,12.0,,-111,deny,manual,4.55,,true,false,,,,,,,,,,,,,,,,,,,,,,,,,,,,https://cdn.shopify.com/s/files/1/0454/5845/6736/products/chumbada-jig-head-esferica-vermelha-anzois-maiores-10-60-8.jpg?v=1630522999,kg,,,
chumbada-jig-head-esferica-vermelha-anzois-maiores,,,,,,,,,12g,,,6/0,,,,,'40598080414329,12.0,shopify,0,deny,manual,4.55,,true,false,,,,,,,,,,,,,,,,,,,,,,,,,,,,https://cdn.shopify.com/s/files/1/0454/5845/6736/products/chumbada-jig-head-esferica-vermelha-anzois-maiores-10-60-8.jpg?v=1630522999,kg,,,
chumbada-jig-head-esferica-vermelha-anzois-maiores,,,,,,,,,14g,,,1/0,,,,,'40598080413610,14.0,,0,deny,manual,3.86,,true,false,,,,,,,,,,,,,,,,,,,,,,,,,,,,https://cdn.shopify.com/s/files/1/0454/5845/6736/products/chumbada-jig-head-esferica-vermelha-anzois-maiores-10-60-8.jpg?v=1630522999,kg,,,
chumbada-jig-head-esferica-vermelha-anzois-maiores,,,,,,,,,14g,,,2/0,,,,,'40598080413754,14.0,,-20,deny,manual,3.86,,true,false,,,,,,,,,,,,,,,,,,,,,,,,,,,,https://cdn.shopify.com/s/files/1/0454/5845/6736/products/chumbada-jig-head-esferica-vermelha-anzois-maiores-10-60-8.jpg?v=1630522999,kg,,,
chumbada-jig-head-esferica-vermelha-anzois-maiores,,,,,,,,,14g,,,3/0,,,,,'40598080413898,14.0,,0,deny,manual,3.86,,true,false,,,,,,,,,,,,,,,,,,,,,,,,,,,,https://cdn.shopify.com/s/files/1/0454/5845/6736/products/chumbada-jig-head-esferica-vermelha-anzois-maiores-10-60-8.jpg?v=1630522999,kg,,,
chumbada-jig-head-esferica-vermelha-anzois-maiores,,,,,,,,,14g,,,4/0,,,,,'40598080414042,14.0,,-6,deny,manual,3.95,,true,false,,,,,,,,,,,,,,,,,,,,,,,,,,,,https://cdn.shopify.com/s/files/1/0454/5845/6736/products/chumbada-jig-head-esferica-vermelha-anzois-maiores-10-60-8.jpg?v=1630522999,kg,,,
chumbada-jig-head-esferica-vermelha-anzois-maiores,,,,,,,,,14g,,,5/0,,,,,'40598080414186,14.0,,-10,deny,manual,4.55,,true,false,,,,,,,,,,,,,,,,,,,,,,,,,,,,https://cdn.shopify.com/s/files/1/0454/5845/6736/products/chumbada-jig-head-esferica-vermelha-anzois-maiores-10-60-8.jpg?v=1630522999,kg,,,
chumbada-jig-head-esferica-vermelha-anzois-maiores,,,,,,,,,14g,,,6/0,,,,,'40598080414330,14.0,shopify,-100,deny,manual,4.55,,true,false,,,,,,,,,,,,,,,,,,,,,,,,,,,,https://cdn.shopify.com/s/files/1/0454/5845/6736/products/chumbada-jig-head-esferica-vermelha-anzois-maiores-10-60-8.jpg?v=1630522999,kg,,,
chumbada-jig-head-esferica-vermelha-anzois-maiores,,,,,,,,,15g,,,2/0,,,,,'40598080413755,15.0,,-10,deny,manual,3.86,,true,false,,,,,,,,,,,,,,,,,,,,,,,,,,,,https://cdn.shopify.com/s/files/1/0454/5845/6736/products/chumbada-jig-head-esferica-vermelha-anzois-maiores-10-60-8.jpg?v=1630522999,kg,,,
chumbada-jig-head-esferica-vermelha-anzois-maiores,,,,,,,,,15g,,,3/0,,,,,'40598080413899,15.0,,0,deny,manual,3.86,,true,false,,,,,,,,,,,,,,,,,,,,,,,,,,,,https://cdn.shopify.com/s/files/1/0454/5845/6736/products/chumbada-jig-head-esferica-vermelha-anzois-maiores-10-60-8.jpg?v=1630522999,kg,,,
chumbada-jig-head-esferica-vermelha-anzois-maiores,,,,,,,,,15g,,,4/0,,,,,'40598080414043,15.0,,-2,deny,manual,3.95,,true,false,,,,,,,,,,,,,,,,,,,,,,,,,,,,https://cdn.shopify.com/s/files/1/0454/5845/6736/products/chumbada-jig-head-esferica-vermelha-anzois-maiores-10-60-8.jpg?v=1630522999,kg,,,
chumbada-jig-head-esferica-vermelha-anzois-maiores,,,,,,,,,15g,,,5/0,,,,,'40598080414187,15.0,,0,deny,manual,4.55,,true,false,,,,,,,,,,,,,,,,,,,,,,,,,,,,https://cdn.shopify.com/s/files/1/0454/5845/6736/products/chumbada-jig-head-esferica-vermelha-anzois-maiores-10-60-8.jpg?v=1630522999,kg,,,
chumbada-jig-head-esferica-vermelha-anzois-maiores,,,,,,,,,15g,,,6/0,,,,,'40598080414331,15.0,shopify,0,deny,manual,4.55,,true,false,,,,,,,,,,,,,,,,,,,,,,,,,,,,https://cdn.shopify.com/s/files/1/0454/5845/6736/products/chumbada-jig-head-esferica-vermelha-anzois-maiores-10-60-8.jpg?v=1630522999,kg,,,
chumbada-jig-head-esferica-vermelha-anzois-maiores,,,,,,,,,20g,,,3/0,,,,,'40598080413901,20.0,,0,deny,manual,4.37,,true,false,,,,,,,,,,,,,,,,,,,,,,,,,,,,https://cdn.shopify.com/s/files/1/0454/5845/6736/products/chumbada-jig-head-esferica-vermelha-anzois-maiores-10-60-8.jpg?v=1630522999,kg,,,
chumbada-jig-head-esferica-vermelha-anzois-maiores,,,,,,,,,20g,,,4/0,,,,,'40598080414045,20.0,,0,deny,manual,4.46,,true,false,,,,,,,,,,,,,,,,,,,,,,,,,,,,https://cdn.shopify.com/s/files/1/0454/5845/6736/products/chumbada-jig-head-esferica-vermelha-anzois-maiores-10-60-8.jpg?v=1630522999,kg,,,
chumbada-jig-head-esferica-vermelha-anzois-maiores,,,,,,,,,20g,,,5/0,,,,,'40598080414189,20.0,,-40,deny,manual,5.06,,true,false,,,,,,,,,,,,,,,,,,,,,,,,,,,,https://cdn.shopify.com/s/files/1/0454/5845/6736/products/chumbada-jig-head-esferica-vermelha-anzois-maiores-10-60-8.jpg?v=1630522999,kg,,,
chumbada-jig-head-esferica-vermelha-anzois-maiores,,,,,,,,,20g,,,6/0,,,,,'40598080414333,20.0,shopify,0,deny,manual,5.06,,true,false,,,,,,,,,,,,,,,,,,,,,,,,,,,,https://cdn.shopify.com/s/files/1/0454/5845/6736/products/chumbada-jig-head-esferica-vermelha-anzois-maiores-10-60-8.jpg?v=1630522999,kg,,,
chumbada-jig-head-esferica-vermelha-anzois-maiores,,,,,,,,,25g,,,4/0,,,,,'4059080408002540,25.0,,0,deny,manual,4.46,,true,false,,,,,,,,,,,,,,,,,,,,,,,,,,,,https://cdn.shopify.com/s/files/1/0454/5845/6736/products/chumbada-jig-head-esferica-vermelha-anzois-maiores-10-60-8.jpg?v=1630522999,kg,,,
chumbada-jig-head-esferica-vermelha-anzois-maiores,,,,,,,,,25g,,,5/0,,,,,'4059080408002550,25.0,,0,deny,manual,5.06,,true,false,,,,,,,,,,,,,,,,,,,,,,,,,,,,https://cdn.shopify.com/s/files/1/0454/5845/6736/products/chumbada-jig-head-esferica-vermelha-anzois-maiores-10-60-8.jpg?v=1630522999,kg,,,
chumbada-jig-head-esferica-vermelha-anzois-maiores,,,,,,,,,25g,,,6/0,,,,,'4059080408002560,25.0,shopify,0,deny,manual,5.06,,true,false,,,,,,,,,,,,,,,,,,,,,,,,,,,,https://cdn.shopify.com/s/files/1/0454/5845/6736/products/chumbada-jig-head-esferica-vermelha-anzois-maiores-10-60-8.jpg?v=1630522999,kg,,,
chumbada-jig-head-esferica-vermelha-anzois-maiores,,,,,,,,,30g,,,5/0,,,,,'4059080408003050,30.0,,0,deny,manual,5.06,,true,false,,,,,,,,,,,,,,,,,,,,,,,,,,,,https://cdn.shopify.com/s/files/1/0454/5845/6736/products/chumbada-jig-head-esferica-vermelha-anzois-maiores-10-60-8.jpg?v=1630522999,kg,,,
chumbada-jig-head-esferica-vermelha-anzois-maiores,,,,,,,,,30g,,,6/0,,,,,'4059080408003060,30.0,shopify,0,deny,manual,5.06,,true,false,,,,,,,,,,,,,,,,,,,,,,,,,,,,https://cdn.shopify.com/s/files/1/0454/5845/6736/products/chumbada-jig-head-esferica-vermelha-anzois-maiores-10-60-8.jpg?v=1630522999,kg,,,
chumbada-jig-head-esferica-vermelha-anzois-maiores,,,,,,,,,40g,,,4/0,,,,,'40598080414046,40.0,,0,deny,manual,5.71,,true,false,,,,,,,,,,,,,,,,,,,,,,,,,,,,https://cdn.shopify.com/s/files/1/0454/5845/6736/products/chumbada-jig-head-esferica-vermelha-anzois-maiores-10-60-8.jpg?v=1630522999,kg,,,
chumbada-jig-head-esferica-vermelha-anzois-maiores,,,,,,,,,40g,,,5/0,,,,,'40598080414190,40.0,,0,deny,manual,6.31,,true,false,,,,,,,,,,,,,,,,,,,,,,,,,,,,https://cdn.shopify.com/s/files/1/0454/5845/6736/products/chumbada-jig-head-esferica-vermelha-anzois-maiores-10-60-8.jpg?v=1630522999,kg,,,
chumbada-jig-head-esferica-vermelha-anzois-maiores,,,,,,,,,40g,,,6/0,,,,,'40598080414334,40.0,shopify,0,deny,manual,6.31,,true,false,,,,,,,,,,,,,,,,,,,,,,,,,,,,https://cdn.shopify.com/s/files/1/0454/5845/6736/products/chumbada-jig-head-esferica-vermelha-anzois-maiores-10-60-8.jpg?v=1630522999,kg,,,
chumbada-jig-head-esferica-vermelha-anzois-maiores,,,,,,,,,50g,,,4/0,,,,,'40598080414047,50.0,,0,deny,manual,6.95,,true,false,,,,,,,,,,,,,,,,,,,,,,,,,,,,https://cdn.shopify.com/s/files/1/0454/5845/6736/products/chumbada-jig-head-esferica-vermelha-anzois-maiores-10-60-8.jpg?v=1630522999,kg,,,
chumbada-jig-head-esferica-vermelha-anzois-maiores,,,,,,,,,50g,,,5/0,,,,,'40598080414191,50.0,,0,deny,manual,7.55,,true,false,,,,,,,,,,,,,,,,,,,,,,,,,,,,https://cdn.shopify.com/s/files/1/0454/5845/6736/products/chumbada-jig-head-esferica-vermelha-anzois-maiores-10-60-8.jpg?v=1630522999,kg,,,
chumbada-jig-head-esferica-vermelha-anzois-maiores,,,,,,,,,50g,,,6/0,,,,,'40598080414335,50.0,shopify,0,deny,manual,7.55,,true,false,,,,,,,,,,,,,,,,,,,,,,,,,,,,https://cdn.shopify.com/s/files/1/0454/5845/6736/products/chumbada-jig-head-esferica-vermelha-anzois-maiores-10-60-8.jpg?v=1630522999,kg,,,
chumbada-jig-head-esferica-vermelha-anzois-maiores,,,,,,,,,60g,,,4/0,,,,,'40598080414048,60.0,,0,deny,manual,6.95,,true,false,,,,,,,,,,,,,,,,,,,,,,,,,,,,https://cdn.shopify.com/s/files/1/0454/5845/6736/products/chumbada-jig-head-esferica-vermelha-anzois-maiores-10-60-8.jpg?v=1630522999,kg,,,
chumbada-jig-head-esferica-vermelha-anzois-maiores,,,,,,,,,60g,,,5/0,,,,,'40598080414192,60.0,,0,deny,manual,7.55,,true,false,,,,,,,,,,,,,,,,,,,,,,,,,,,,https://cdn.shopify.com/s/files/1/0454/5845/6736/products/chumbada-jig-head-esferica-vermelha-anzois-maiores-10-60-8.jpg?v=1630522999,kg,,,
chumbada-jig-head-esferica-vermelha-anzois-maiores,,,,,,,,,60g,,,6/0,,,,,'40598080414336,60.0,,0,deny,manual,7.55,,true,false,,,,,,,,,,,,,,,,,,,,,,,,,,,,https://cdn.shopify.com/s/files/1/0454/5845/6736/products/chumbada-jig-head-esferica-vermelha-anzois-maiores-10-60-8.jpg?v=1630522999,kg,,,
chumbada-jig-head-esferica-vermelha-anzois-maiores,,,,,,,,,70g,,,4/0,,,,,'40598080414049,70.0,,0,deny,manual,6.95,,true,false,,,,,,,,,,,,,,,,,,,,,,,,,,,,https://cdn.shopify.com/s/files/1/0454/5845/6736/products/chumbada-jig-head-esferica-vermelha-anzois-maiores-10-60-8.jpg?v=1630522999,kg,,,
chumbada-jig-head-esferica-vermelha-anzois-maiores,,,,,,,,,70g,,,5/0,,,,,'40598080414193,70.0,,0,deny,manual,7.55,,true,false,,,,,,,,,,,,,,,,,,,,,,,,,,,,https://cdn.shopify.com/s/files/1/0454/5845/6736/products/chumbada-jig-head-esferica-vermelha-anzois-maiores-10-60-8.jpg?v=1630522999,kg,,,
chumbada-jig-head-esferica-vermelha-anzois-maiores,,,,,,,,,70g,,,6/0,,,,,'40598080414337,70.0,shopify,0,deny,manual,7.55,,true,false,,,,,,,,,,,,,,,,,,,,,,,,,,,,https://cdn.shopify.com/s/files/1/0454/5845/6736/products/chumbada-jig-head-esferica-vermelha-anzois-maiores-10-60-8.jpg?v=1630522999,kg,,,
chumbada-jig-head-facetada-natural-anzois-menores,Anzol Jig Head 90° Facetada Natural Anzóis Menores (6# - 1#),<p>Chumbada Jig Head Facetada</p>,Chumbada Oficial,,"","90 graus, Jig Head, jig head facetada, Jig Head Facetada Menor, natural",true,Peso,5g,,Tamanho do Anzol,6#,,,,,'40608070114836,5.0,,-422,continue,manual,1.83,,true,false,,,,,,https://cdn.shopify.com/s/files/1/0454/5845/6736/products/jig-head-facetada-natural.png?v=1701357870,1,Chumbada Jig Head Facetada Natural Anzóis Menores (6# - 1#),false,,,,,,,,,,,,,,,,,,,https://cdn.shopify.com/s/files/1/0454/5845/6736/products/Anzol_6.jpg?v=1701357870,kg,,,active
chumbada-jig-head-facetada-natural-anzois-menores,,,,,,,,,5g,,,4#,,,,,'40608070114692,5.0,,-195,continue,manual,1.83,,true,false,,,,,,https://cdn.shopify.com/s/files/1/0454/5845/6736/products/Anzol_6.jpg?v=1701357870,2,Chumbada Jig Head Facetada Natural Anzóis Menores (6# - 1#),,,,,,,,,,,,,,,,,,,,https://cdn.shopify.com/s/files/1/0454/5845/6736/products/Anzol_4.jpg?v=1701357870,kg,,,
chumbada-jig-head-facetada-natural-anzois-menores,,,,,,,,,5g,,,2#,,,,,'40608070114548,5.0,,-435,continue,manual,1.83,,true,false,,,,,,https://cdn.shopify.com/s/files/1/0454/5845/6736/products/Anzol_4.jpg?v=1701357870,3,Chumbada Jig Head Facetada Natural Anzóis Menores (6# - 1#),,,,,,,,,,,,,,,,,,,,https://cdn.shopify.com/s/files/1/0454/5845/6736/products/Anzol_2.jpg?v=1701357871,kg,,,
chumbada-jig-head-facetada-natural-anzois-menores,,,,,,,,,5g,,,1#,,,,,'40608070114404,5.0,shopify,-476,deny,manual,1.83,,true,false,,,,,,https://cdn.shopify.com/s/files/1/0454/5845/6736/products/Anzol_2.jpg?v=1701357871,4,Chumbada Jig Head Facetada Natural Anzóis Menores (6# - 1#),,,,,,,,,,,,,,,,,,,,https://cdn.shopify.com/s/files/1/0454/5845/6736/products/Anzol_1.jpg?v=1701357871,kg,,,
chumbada-jig-head-facetada-natural-anzois-menores,,,,,,,,,7g,,,4#,,,,,'40608070114694,7.0,,-142,continue,manual,1.83,,true,false,,,,,,https://cdn.shopify.com/s/files/1/0454/5845/6736/products/Anzol_1.jpg?v=1701357871,5,"",,,,,,,,,,,,,,,,,,,,https://cdn.shopify.com/s/files/1/0454/5845/6736/products/Anzol_4.jpg?v=1701357870,kg,,,
chumbada-jig-head-facetada-natural-anzois-menores,,,,,,,,,7g,,,2#,,,,,'40608070114550,7.0,,-75,continue,manual,1.83,,true,false,,,,,,,,,,,,,,,,,,,,,,,,,,,,https://cdn.shopify.com/s/files/1/0454/5845/6736/products/Anzol_2.jpg?v=1701357871,kg,,,
chumbada-jig-head-facetada-natural-anzois-menores,,,,,,,,,7g,,,1#,,,,,'40608070114406,7.0,shopify,-265,deny,manual,1.83,,true,false,,,,,,,,,,,,,,,,,,,,,,,,,,,,https://cdn.shopify.com/s/files/1/0454/5845/6736/products/Anzol_1.jpg?v=1701357871,kg,,,
chumbada-jig-head-facetada-natural-anzois-menores,,,,,,,,,10g,,,2#,,,,,'40608070114552,10.0,,-131,continue,manual,2.29,,true,false,,,,,,,,,,,,,,,,,,,,,,,,,,,,https://cdn.shopify.com/s/files/1/0454/5845/6736/products/Anzol_2.jpg?v=1701357871,kg,,,
chumbada-jig-head-facetada-natural-anzois-menores,,,,,,,,,10g,,,1#,,,,,'40608070114408,10.0,shopify,-190,deny,manual,2.29,,true,false,,,,,,,,,,,,,,,,,,,,,,,,,,,,https://cdn.shopify.com/s/files/1/0454/5845/6736/products/Anzol_1.jpg?v=1701357871,kg,,,
chumbada-jig-head-facetada-natural-anzois-menores,,,,,,,,,12g,,,2#,,,,,'40608070114553,12.0,,-23,continue,manual,2.29,,true,false,,,,,,,,,,,,,,,,,,,,,,,,,,,,https://cdn.shopify.com/s/files/1/0454/5845/6736/products/Anzol_2.jpg?v=1701357871,kg,,,
chumbada-jig-head-facetada-natural-anzois-menores,,,,,,,,,12g,,,1#,,,,,'40608070114409,12.0,shopify,-35,deny,manual,2.29,,true,false,,,,,,,,,,,,,,,,,,,,,,,,,,,,https://cdn.shopify.com/s/files/1/0454/5845/6736/products/Anzol_1.jpg?v=1701357871,kg,,,
chumbada-jig-head-facetada-natural-anzois-menores,,,,,,,,,15g,,,2#,,,,,'40608070114555,15.0,,-120,continue,manual,2.29,,true,false,,,,,,,,,,,,,,,,,,,,,,,,,,,,https://cdn.shopify.com/s/files/1/0454/5845/6736/products/Anzol_2.jpg?v=1701357871,kg,,,
chumbada-jig-head-facetada-natural-anzois-menores,,,,,,,,,15g,,,1#,,,,,'40608070114411,15.0,shopify,-30,deny,manual,2.29,,true,false,,,,,,,,,,,,,,,,,,,,,,,,,,,,https://cdn.shopify.com/s/files/1/0454/5845/6736/products/Anzol_1.jpg?v=1701357871,kg,,,
chumbada-jig-head-facetada-natural-anzois-menores,,,,,,,,,17g,,,2#,,,,,'40608070114556,17.0,,-5,continue,manual,2.29,,true,false,,,,,,,,,,,,,,,,,,,,,,,,,,,,https://cdn.shopify.com/s/files/1/0454/5845/6736/products/Anzol_2.jpg?v=1701357871,kg,,,
chumbada-jig-head-facetada-natural-anzois-menores,,,,,,,,,17g,,,1#,,,,,'40608070114412,17.0,shopify,-5,deny,manual,2.29,,true,false,,,,,,,,,,,,,,,,,,,,,,,,,,,,https://cdn.shopify.com/s/files/1/0454/5845/6736/products/Anzol_1.jpg?v=1701357871,kg,,,
chumbada-jig-head-facetada-natural-anzois-menores,,,,,,,,,20g,,,2#,,,,,'40608070114557,20.0,,-113,continue,manual,2.80,,true,false,,,,,,,,,,,,,,,,,,,,,,,,,,,,https://cdn.shopify.com/s/files/1/0454/5845/6736/products/Anzol_2.jpg?v=1701357871,kg,,,
chumbada-jig-head-facetada-natural-anzois-menores,,,,,,,,,20g,,,1#,,,,,'40608070114413,20.0,shopify,-5,deny,manual,2.80,,true,false,,,,,,,,,,,,,,,,,,,,,,,,,,,,https://cdn.shopify.com/s/files/1/0454/5845/6736/products/Anzol_1.jpg?v=1701357871,kg,,,
chumbada-jig-head-facetada-amarela-anzois-menores,Anzol Jig Head 90° Facetada Amarela Anzóis Menores (6# - 1#),<p>Chumbada Jig Head Facetada</p>,Chumbada Oficial,,"","90 graus, Jig Head, jig head facetada, Jig Head Facetada Menor",true,Peso,5g,,Tamanho do Anzol,6#,,,,,'40608080614932,5.0,,0,continue,manual,2.63,,true,false,,,,,,https://cdn.shopify.com/s/files/1/0454/5845/6736/products/chumbada-jig-head-facetada-amarela-anzois-menores-6-1.jpg?v=1630523036,1,Chumbada Jig Head Facetada Amarela Anzóis Menores (6# - 1#),false,,,,,,,,,,,,,,,,,,,https://cdn.shopify.com/s/files/1/0454/5845/6736/products/chumbada-jig-head-facetada-amarela-anzois-menores-6-1.jpg?v=1630523036,kg,,,active
chumbada-jig-head-facetada-amarela-anzois-menores,,,,,,,,,5g,,,4#,,,,,'40608080614788,5.0,,-5,continue,manual,2.63,,true,false,,,,,,https://cdn.shopify.com/s/files/1/0454/5845/6736/products/chumbada-jig-head-facetada-amarela-anzois-menores-6-1-2.jpg?v=1630523038,2,Chumbada Jig Head Facetada Amarela Anzóis Menores (6# - 1#),,,,,,,,,,,,,,,,,,,,https://cdn.shopify.com/s/files/1/0454/5845/6736/products/chumbada-jig-head-facetada-amarela-anzois-menores-6-1.jpg?v=1630523036,kg,,,
chumbada-jig-head-facetada-amarela-anzois-menores,,,,,,,,,5g,,,2#,,,,,'40608080614644,5.0,,-10,continue,manual,2.63,,true,false,,,,,,https://cdn.shopify.com/s/files/1/0454/5845/6736/products/chumbada-jig-head-facetada-amarela-anzois-menores-6-1-3.jpg?v=1630523041,3,Chumbada Jig Head Facetada Amarela Anzóis Menores (6# - 1#),,,,,,,,,,,,,,,,,,,,https://cdn.shopify.com/s/files/1/0454/5845/6736/products/chumbada-jig-head-facetada-amarela-anzois-menores-6-1.jpg?v=1630523036,kg,,,
chumbada-jig-head-facetada-amarela-anzois-menores,,,,,,,,,5g,,,1#,,,,,'40608080614500,5.0,shopify,-205,deny,manual,2.63,,true,false,,,,,,https://cdn.shopify.com/s/files/1/0454/5845/6736/products/chumbada-jig-head-facetada-amarela-anzois-menores-6-1-4.jpg?v=1630523043,4,Chumbada Jig Head Facetada Amarela Anzóis Menores (6# - 1#),,,,,,,,,,,,,,,,,,,,https://cdn.shopify.com/s/files/1/0454/5845/6736/products/chumbada-jig-head-facetada-amarela-anzois-menores-6-1.jpg?v=1630523036,kg,,,
chumbada-jig-head-facetada-amarela-anzois-menores,,,,,,,,,7g,,,4#,,,,,'40608080614790,7.0,,0,continue,manual,2.63,,true,false,,,,,,,,,,,,,,,,,,,,,,,,,,,,https://cdn.shopify.com/s/files/1/0454/5845/6736/products/chumbada-jig-head-facetada-amarela-anzois-menores-6-1.jpg?v=1630523036,kg,,,
chumbada-jig-head-facetada-amarela-anzois-menores,,,,,,,,,7g,,,2#,,,,,'40608080614646,7.0,,-10,continue,manual,2.63,,true,false,,,,,,,,,,,,,,,,,,,,,,,,,,,,https://cdn.shopify.com/s/files/1/0454/5845/6736/products/chumbada-jig-head-facetada-amarela-anzois-menores-6-1.jpg?v=1630523036,kg,,,
chumbada-jig-head-facetada-amarela-anzois-menores,,,,,,,,,7g,,,1#,,,,,'40608080614502,7.0,shopify,-5,deny,manual,2.63,,true,false,,,,,,,,,,,,,,,,,,,,,,,,,,,,https://cdn.shopify.com/s/files/1/0454/5845/6736/products/chumbada-jig-head-facetada-amarela-anzois-menores-6-1.jpg?v=1630523036,kg,,,
chumbada-jig-head-facetada-amarela-anzois-menores,,,,,,,,,10g,,,2#,,,,,'40608080614648,10.0,,-6,continue,manual,3.49,,true,false,,,,,,,,,,,,,,,,,,,,,,,,,,,,https://cdn.shopify.com/s/files/1/0454/5845/6736/products/chumbada-jig-head-facetada-amarela-anzois-menores-6-1.jpg?v=1630523036,kg,,,
chumbada-jig-head-facetada-amarela-anzois-menores,,,,,,,,,10g,,,1#,,,,,'40608080614504,10.0,shopify,-5,deny,manual,3.49,,true,false,,,,,,,,,,,,,,,,,,,,,,,,,,,,https://cdn.shopify.com/s/files/1/0454/5845/6736/products/chumbada-jig-head-facetada-amarela-anzois-menores-6-1.jpg?v=1630523036,kg,,,
chumbada-jig-head-facetada-amarela-anzois-menores,,,,,,,,,12g,,,2#,,,,,'40608080614649,12.0,,0,continue,manual,3.49,,true,false,,,,,,,,,,,,,,,,,,,,,,,,,,,,https://cdn.shopify.com/s/files/1/0454/5845/6736/products/chumbada-jig-head-facetada-amarela-anzois-menores-6-1.jpg?v=1630523036,kg,,,
chumbada-jig-head-facetada-amarela-anzois-menores,,,,,,,,,12g,,,1#,,,,,'40608080614505,12.0,shopify,0,deny,manual,3.49,,true,false,,,,,,,,,,,,,,,,,,,,,,,,,,,,https://cdn.shopify.com/s/files/1/0454/5845/6736/products/chumbada-jig-head-facetada-amarela-anzois-menores-6-1.jpg?v=1630523036,kg,,,
chumbada-jig-head-facetada-amarela-anzois-menores,,,,,,,,,15g,,,2#,,,,,'40608080614651,15.0,,0,continue,manual,3.49,,true,false,,,,,,,,,,,,,,,,,,,,,,,,,,,,https://cdn.shopify.com/s/files/1/0454/5845/6736/products/chumbada-jig-head-facetada-amarela-anzois-menores-6-1.jpg?v=1630523036,kg,,,
chumbada-jig-head-facetada-amarela-anzois-menores,,,,,,,,,15g,,,1#,,,,,'40608080614507,15.0,shopify,0,deny,manual,3.49,,true,false,,,,,,,,,,,,,,,,,,,,,,,,,,,,https://cdn.shopify.com/s/files/1/0454/5845/6736/products/chumbada-jig-head-facetada-amarela-anzois-menores-6-1.jpg?v=1630523036,kg,,,
chumbada-jig-head-facetada-amarela-anzois-menores,,,,,,,,,17g,,,2#,,,,,'40608080614652,17.0,,0,continue,manual,3.49,,true,false,,,,,,,,,,,,,,,,,,,,,,,,,,,,https://cdn.shopify.com/s/files/1/0454/5845/6736/products/chumbada-jig-head-facetada-amarela-anzois-menores-6-1.jpg?v=1630523036,kg,,,
chumbada-jig-head-facetada-amarela-anzois-menores,,,,,,,,,17g,,,1#,,,,,'40608080614508,17.0,shopify,0,deny,manual,3.49,,true,false,,,,,,,,,,,,,,,,,,,,,,,,,,,,https://cdn.shopify.com/s/files/1/0454/5845/6736/products/chumbada-jig-head-facetada-amarela-anzois-menores-6-1.jpg?v=1630523036,kg,,,
chumbada-jig-head-facetada-amarela-anzois-menores,,,,,,,,,20g,,,2#,,,,,'40608080614653,20.0,,0,continue,manual,4.00,,true,false,,,,,,,,,,,,,,,,,,,,,,,,,,,,https://cdn.shopify.com/s/files/1/0454/5845/6736/products/chumbada-jig-head-facetada-amarela-anzois-menores-6-1.jpg?v=1630523036,kg,,,
chumbada-jig-head-facetada-amarela-anzois-menores,,,,,,,,,20g,,,1#,,,,,'40608080614509,20.0,shopify,0,deny,manual,4.00,,true,false,,,,,,,,,,,,,,,,,,,,,,,,,,,,https://cdn.shopify.com/s/files/1/0454/5845/6736/products/chumbada-jig-head-facetada-amarela-anzois-menores-6-1.jpg?v=1630523036,kg,,,
chumbada-jig-head-facetada-laranja-anzois-menores,Anzol Jig Head 90° Facetada Laranja Anzóis Menores (6# - 1#),<p>Chumbada Jig Head Facetada</p>,Chumbada Oficial,,"","90 graus, Jig Head, jig head facetada, Jig Head Facetada Menor",true,Peso,5g,,Tamanho do Anzol,6#,,,,,'40608080514916,5.0,,0,continue,manual,2.63,,true,false,,,,,,https://cdn.shopify.com/s/files/1/0454/5845/6736/products/chumbada-jig-head-facetada-laranja-anzois-menores-6-1.jpg?v=1645542332,1,Chumbada Jig Head Facetada Laranja Anzóis Menores (6# - 1#),false,,,,,,,,,,,,,,,,,,,https://cdn.shopify.com/s/files/1/0454/5845/6736/products/chumbada-jig-head-facetada-laranja-anzois-menores-6-1.jpg?v=1645542332,kg,,,active
chumbada-jig-head-facetada-laranja-anzois-menores,,,,,,,,,5g,,,4#,,,,,'40608080514772,5.0,,0,continue,manual,2.63,,true,false,,,,,,https://cdn.shopify.com/s/files/1/0454/5845/6736/products/chumbada-jig-head-facetada-laranja-anzois-menores-6-1-2.jpg?v=1645542335,2,Chumbada Jig Head Facetada Laranja Anzóis Menores (6# - 1#),,,,,,,,,,,,,,,,,,,,https://cdn.shopify.com/s/files/1/0454/5845/6736/products/chumbada-jig-head-facetada-laranja-anzois-menores-6-1.jpg?v=1645542332,kg,,,
chumbada-jig-head-facetada-laranja-anzois-menores,,,,,,,,,5g,,,2#,,,,,'40608080514628,5.0,,0,continue,manual,2.63,,true,false,,,,,,https://cdn.shopify.com/s/files/1/0454/5845/6736/products/chumbada-jig-head-facetada-laranja-anzois-menores-6-1-3.jpg?v=1645542337,3,Chumbada Jig Head Facetada Laranja Anzóis Menores (6# - 1#),,,,,,,,,,,,,,,,,,,,https://cdn.shopify.com/s/files/1/0454/5845/6736/products/chumbada-jig-head-facetada-laranja-anzois-menores-6-1.jpg?v=1645542332,kg,,,
chumbada-jig-head-facetada-laranja-anzois-menores,,,,,,,,,5g,,,1#,,,,,'40608080514484,5.0,shopify,0,deny,manual,2.63,,true,false,,,,,,https://cdn.shopify.com/s/files/1/0454/5845/6736/products/chumbada-jig-head-facetada-laranja-anzois-menores-6-1-4.jpg?v=1645542340,4,Chumbada Jig Head Facetada Laranja Anzóis Menores (6# - 1#),,,,,,,,,,,,,,,,,,,,https://cdn.shopify.com/s/files/1/0454/5845/6736/products/chumbada-jig-head-facetada-laranja-anzois-menores-6-1.jpg?v=1645542332,kg,,,
chumbada-jig-head-facetada-laranja-anzois-menores,,,,,,,,,7g,,,4#,,,,,'40608080514774,7.0,,0,continue,manual,2.63,,true,false,,,,,,,,,,,,,,,,,,,,,,,,,,,,https://cdn.shopify.com/s/files/1/0454/5845/6736/products/chumbada-jig-head-facetada-laranja-anzois-menores-6-1.jpg?v=1645542332,kg,,,
chumbada-jig-head-facetada-laranja-anzois-menores,,,,,,,,,7g,,,2#,,,,,'40608080514630,7.0,,0,continue,manual,2.63,,true,false,,,,,,,,,,,,,,,,,,,,,,,,,,,,https://cdn.shopify.com/s/files/1/0454/5845/6736/products/chumbada-jig-head-facetada-laranja-anzois-menores-6-1.jpg?v=1645542332,kg,,,
chumbada-jig-head-facetada-laranja-anzois-menores,,,,,,,,,7g,,,1#,,,,,'40608080514486,7.0,shopify,0,deny,manual,2.63,,true,false,,,,,,,,,,,,,,,,,,,,,,,,,,,,https://cdn.shopify.com/s/files/1/0454/5845/6736/products/chumbada-jig-head-facetada-laranja-anzois-menores-6-1.jpg?v=1645542332,kg,,,
chumbada-jig-head-facetada-laranja-anzois-menores,,,,,,,,,10g,,,2#,,,,,'40608080514632,10.0,,0,continue,manual,3.49,,true,false,,,,,,,,,,,,,,,,,,,,,,,,,,,,https://cdn.shopify.com/s/files/1/0454/5845/6736/products/chumbada-jig-head-facetada-laranja-anzois-menores-6-1.jpg?v=1645542332,kg,,,
chumbada-jig-head-facetada-laranja-anzois-menores,,,,,,,,,10g,,,1#,,,,,'40608080514488,10.0,shopify,0,deny,manual,3.49,,true,false,,,,,,,,,,,,,,,,,,,,,,,,,,,,https://cdn.shopify.com/s/files/1/0454/5845/6736/products/chumbada-jig-head-facetada-laranja-anzois-menores-6-1.jpg?v=1645542332,kg,,,
chumbada-jig-head-facetada-laranja-anzois-menores,,,,,,,,,12g,,,2#,,,,,'40608080514633,12.0,,0,continue,manual,3.49,,true,false,,,,,,,,,,,,,,,,,,,,,,,,,,,,https://cdn.shopify.com/s/files/1/0454/5845/6736/products/chumbada-jig-head-facetada-laranja-anzois-menores-6-1.jpg?v=1645542332,kg,,,
chumbada-jig-head-facetada-laranja-anzois-menores,,,,,,,,,12g,,,1#,,,,,'40608080514489,12.0,shopify,0,deny,manual,3.49,,true,false,,,,,,,,,,,,,,,,,,,,,,,,,,,,https://cdn.shopify.com/s/files/1/0454/5845/6736/products/chumbada-jig-head-facetada-laranja-anzois-menores-6-1.jpg?v=1645542332,kg,,,
chumbada-jig-head-facetada-laranja-anzois-menores,,,,,,,,,15g,,,2#,,,,,'40608080514635,15.0,,0,continue,manual,3.49,,true,false,,,,,,,,,,,,,,,,,,,,,,,,,,,,https://cdn.shopify.com/s/files/1/0454/5845/6736/products/chumbada-jig-head-facetada-laranja-anzois-menores-6-1.jpg?v=1645542332,kg,,,
chumbada-jig-head-facetada-laranja-anzois-menores,,,,,,,,,15g,,,1#,,,,,'40608080514491,15.0,shopify,0,deny,manual,3.49,,true,false,,,,,,,,,,,,,,,,,,,,,,,,,,,,https://cdn.shopify.com/s/files/1/0454/5845/6736/products/chumbada-jig-head-facetada-laranja-anzois-menores-6-1.jpg?v=1645542332,kg,,,
chumbada-jig-head-facetada-laranja-anzois-menores,,,,,,,,,17g,,,2#,,,,,'40608080514636,17.0,,0,continue,manual,3.49,,true,false,,,,,,,,,,,,,,,,,,,,,,,,,,,,https://cdn.shopify.com/s/files/1/0454/5845/6736/products/chumbada-jig-head-facetada-laranja-anzois-menores-6-1.jpg?v=1645542332,kg,,,
chumbada-jig-head-facetada-laranja-anzois-menores,,,,,,,,,17g,,,1#,,,,,'40608080514492,17.0,shopify,0,deny,manual,3.49,,true,false,,,,,,,,,,,,,,,,,,,,,,,,,,,,https://cdn.shopify.com/s/files/1/0454/5845/6736/products/chumbada-jig-head-facetada-laranja-anzois-menores-6-1.jpg?v=1645542332,kg,,,
chumbada-jig-head-facetada-laranja-anzois-menores,,,,,,,,,20g,,,2#,,,,,'40608080514637,20.0,,0,continue,manual,4.00,,true,false,,,,,,,,,,,,,,,,,,,,,,,,,,,,https://cdn.shopify.com/s/files/1/0454/5845/6736/products/chumbada-jig-head-facetada-laranja-anzois-menores-6-1.jpg?v=1645542332,kg,,,
chumbada-jig-head-facetada-laranja-anzois-menores,,,,,,,,,20g,,,1#,,,,,'40608080514493,20.0,shopify,0,deny,manual,4.00,,true,false,,,,,,,,,,,,,,,,,,,,,,,,,,,,https://cdn.shopify.com/s/files/1/0454/5845/6736/products/chumbada-jig-head-facetada-laranja-anzois-menores-6-1.jpg?v=1645542332,kg,,,
chumbada-jig-head-facetada-preta-anzois-menores,Anzol Jig Head 90° Facetada Preta Anzóis Menores (6# - 1#),<p>Chumbada Jig Head Facetada</p>,Chumbada Oficial,,"","90 graus, Jig Head, jig head facetada, Jig Head Facetada Menor",true,Peso,5g,,Tamanho do Anzol,6#,,,,,'40608080214868,5.0,,0,continue,manual,2.63,,true,false,,,,,,https://cdn.shopify.com/s/files/1/0454/5845/6736/products/chumbada-jig-head-facetada-preta-anzois-menores-6-1.jpg?v=1645542345,1,Chumbada Jig Head Facetada Preta Anzóis Menores (6# - 1#),false,,,,,,,,,,,,,,,,,,,https://cdn.shopify.com/s/files/1/0454/5845/6736/products/chumbada-jig-head-facetada-preta-anzois-menores-6-1.jpg?v=1645542345,kg,,,active
chumbada-jig-head-facetada-preta-anzois-menores,,,,,,,,,5g,,,4#,,,,,'40608080214724,5.0,,0,continue,manual,2.63,,true,false,,,,,,https://cdn.shopify.com/s/files/1/0454/5845/6736/products/chumbada-jig-head-facetada-preta-anzois-menores-6-1-2.jpg?v=1645542348,2,Chumbada Jig Head Facetada Preta Anzóis Menores (6# - 1#),,,,,,,,,,,,,,,,,,,,https://cdn.shopify.com/s/files/1/0454/5845/6736/products/chumbada-jig-head-facetada-preta-anzois-menores-6-1.jpg?v=1645542345,kg,,,
chumbada-jig-head-facetada-preta-anzois-menores,,,,,,,,,5g,,,2#,,,,,'40608080214580,5.0,,0,continue,manual,2.63,,true,false,,,,,,https://cdn.shopify.com/s/files/1/0454/5845/6736/products/chumbada-jig-head-facetada-preta-anzois-menores-6-1-3.jpg?v=1645542351,3,Chumbada Jig Head Facetada Preta Anzóis Menores (6# - 1#),,,,,,,,,,,,,,,,,,,,https://cdn.shopify.com/s/files/1/0454/5845/6736/products/chumbada-jig-head-facetada-preta-anzois-menores-6-1.jpg?v=1645542345,kg,,,
chumbada-jig-head-facetada-preta-anzois-menores,,,,,,,,,5g,,,1#,,,,,'40608080214436,5.0,shopify,0,deny,manual,2.63,,true,false,,,,,,https://cdn.shopify.com/s/files/1/0454/5845/6736/products/chumbada-jig-head-facetada-preta-anzois-menores-6-1-4.jpg?v=1645542353,4,Chumbada Jig Head Facetada Preta Anzóis Menores (6# - 1#),,,,,,,,,,,,,,,,,,,,https://cdn.shopify.com/s/files/1/0454/5845/6736/products/chumbada-jig-head-facetada-preta-anzois-menores-6-1.jpg?v=1645542345,kg,,,
chumbada-jig-head-facetada-preta-anzois-menores,,,,,,,,,7g,,,4#,,,,,'40608080214726,7.0,,0,continue,manual,2.63,,true,false,,,,,,,,,,,,,,,,,,,,,,,,,,,,https://cdn.shopify.com/s/files/1/0454/5845/6736/products/chumbada-jig-head-facetada-preta-anzois-menores-6-1.jpg?v=1645542345,kg,,,
chumbada-jig-head-facetada-preta-anzois-menores,,,,,,,,,7g,,,2#,,,,,'40608080214582,7.0,,0,continue,manual,2.63,,true,false,,,,,,,,,,,,,,,,,,,,,,,,,,,,https://cdn.shopify.com/s/files/1/0454/5845/6736/products/chumbada-jig-head-facetada-preta-anzois-menores-6-1.jpg?v=1645542345,kg,,,
chumbada-jig-head-facetada-preta-anzois-menores,,,,,,,,,7g,,,1#,,,,,'40608080214438,7.0,shopify,-5,deny,manual,2.63,,true,false,,,,,,,,,,,,,,,,,,,,,,,,,,,,https://cdn.shopify.com/s/files/1/0454/5845/6736/products/chumbada-jig-head-facetada-preta-anzois-menores-6-1.jpg?v=1645542345,kg,,,
chumbada-jig-head-facetada-preta-anzois-menores,,,,,,,,,10g,,,2#,,,,,'40608080214584,10.0,,0,continue,manual,3.49,,true,false,,,,,,,,,,,,,,,,,,,,,,,,,,,,https://cdn.shopify.com/s/files/1/0454/5845/6736/products/chumbada-jig-head-facetada-preta-anzois-menores-6-1.jpg?v=1645542345,kg,,,
chumbada-jig-head-facetada-preta-anzois-menores,,,,,,,,,10g,,,1#,,,,,'40608080214440,10.0,shopify,-5,deny,manual,3.49,,true,false,,,,,,,,,,,,,,,,,,,,,,,,,,,,https://cdn.shopify.com/s/files/1/0454/5845/6736/products/chumbada-jig-head-facetada-preta-anzois-menores-6-1.jpg?v=1645542345,kg,,,
chumbada-jig-head-facetada-preta-anzois-menores,,,,,,,,,12g,,,2#,,,,,'40608080214585,12.0,,0,continue,manual,3.49,,true,false,,,,,,,,,,,,,,,,,,,,,,,,,,,,https://cdn.shopify.com/s/files/1/0454/5845/6736/products/chumbada-jig-head-facetada-preta-anzois-menores-6-1.jpg?v=1645542345,kg,,,
chumbada-jig-head-facetada-preta-anzois-menores,,,,,,,,,12g,,,1#,,,,,'40608080214441,12.0,shopify,0,deny,manual,3.49,,true,false,,,,,,,,,,,,,,,,,,,,,,,,,,,,https://cdn.shopify.com/s/files/1/0454/5845/6736/products/chumbada-jig-head-facetada-preta-anzois-menores-6-1.jpg?v=1645542345,kg,,,
chumbada-jig-head-facetada-preta-anzois-menores,,,,,,,,,15g,,,2#,,,,,'40608080214587,15.0,,0,continue,manual,3.49,,true,false,,,,,,,,,,,,,,,,,,,,,,,,,,,,https://cdn.shopify.com/s/files/1/0454/5845/6736/products/chumbada-jig-head-facetada-preta-anzois-menores-6-1.jpg?v=1645542345,kg,,,
chumbada-jig-head-facetada-preta-anzois-menores,,,,,,,,,15g,,,1#,,,,,'40608080214443,15.0,shopify,0,deny,manual,3.49,,true,false,,,,,,,,,,,,,,,,,,,,,,,,,,,,https://cdn.shopify.com/s/files/1/0454/5845/6736/products/chumbada-jig-head-facetada-preta-anzois-menores-6-1.jpg?v=1645542345,kg,,,
chumbada-jig-head-facetada-preta-anzois-menores,,,,,,,,,17g,,,2#,,,,,'40608080214588,17.0,,0,continue,manual,3.49,,true,false,,,,,,,,,,,,,,,,,,,,,,,,,,,,https://cdn.shopify.com/s/files/1/0454/5845/6736/products/chumbada-jig-head-facetada-preta-anzois-menores-6-1.jpg?v=1645542345,kg,,,
chumbada-jig-head-facetada-preta-anzois-menores,,,,,,,,,17g,,,1#,,,,,'40608080214444,17.0,shopify,0,deny,manual,3.49,,true,false,,,,,,,,,,,,,,,,,,,,,,,,,,,,https://cdn.shopify.com/s/files/1/0454/5845/6736/products/chumbada-jig-head-facetada-preta-anzois-menores-6-1.jpg?v=1645542345,kg,,,
chumbada-jig-head-facetada-preta-anzois-menores,,,,,,,,,20g,,,2#,,,,,'40608080214589,20.0,,0,continue,manual,4.00,,true,false,,,,,,,,,,,,,,,,,,,,,,,,,,,,https://cdn.shopify.com/s/files/1/0454/5845/6736/products/chumbada-jig-head-facetada-preta-anzois-menores-6-1.jpg?v=1645542345,kg,,,
chumbada-jig-head-facetada-preta-anzois-menores,,,,,,,,,20g,,,1#,,,,,'40608080214445,20.0,shopify,0,deny,manual,4.00,,true,false,,,,,,,,,,,,,,,,,,,,,,,,,,,,https://cdn.shopify.com/s/files/1/0454/5845/6736/products/chumbada-jig-head-facetada-preta-anzois-menores-6-1.jpg?v=1645542345,kg,,,
chumbada-jig-head-facetada-vermelha-anzois-menores,Anzol Jig Head 90° Facetada Vermelha Anzóis Menores (6# - 1#),<p>Chumbada Jig Head Facetada</p>,Chumbada Oficial,,"","90 graus, Jig Head, jig head facetada, Jig Head Facetada Menor",true,Peso,5g,,Tamanho do Anzol,6#,,,,,'40608080414900,5.0,,0,continue,manual,2.63,,true,false,,,,,,https://cdn.shopify.com/s/files/1/0454/5845/6736/products/chumbada-jig-head-facetada-vermelha-anzois-menores-6-1.jpg?v=1645542385,1,Chumbada Jig Head Facetada Vermelha Anzóis Menores (6# - 1#),false,,,,,,,,,,,,,,,,,,,https://cdn.shopify.com/s/files/1/0454/5845/6736/products/chumbada-jig-head-facetada-vermelha-anzois-menores-6-1.jpg?v=1645542385,kg,,,active
chumbada-jig-head-facetada-vermelha-anzois-menores,,,,,,,,,5g,,,4#,,,,,'40608080414756,5.0,,0,continue,manual,2.63,,true,false,,,,,,https://cdn.shopify.com/s/files/1/0454/5845/6736/products/chumbada-jig-head-facetada-vermelha-anzois-menores-6-1-2.jpg?v=1645542388,2,Chumbada Jig Head Facetada Vermelha Anzóis Menores (6# - 1#),,,,,,,,,,,,,,,,,,,,https://cdn.shopify.com/s/files/1/0454/5845/6736/products/chumbada-jig-head-facetada-vermelha-anzois-menores-6-1.jpg?v=1645542385,kg,,,
chumbada-jig-head-facetada-vermelha-anzois-menores,,,,,,,,,5g,,,2#,,,,,'40608080414612,5.0,,0,continue,manual,2.63,,true,false,,,,,,https://cdn.shopify.com/s/files/1/0454/5845/6736/products/chumbada-jig-head-facetada-vermelha-anzois-menores-6-1-3.jpg?v=1645542391,3,Chumbada Jig Head Facetada Vermelha Anzóis Menores (6# - 1#),,,,,,,,,,,,,,,,,,,,https://cdn.shopify.com/s/files/1/0454/5845/6736/products/chumbada-jig-head-facetada-vermelha-anzois-menores-6-1.jpg?v=1645542385,kg,,,
chumbada-jig-head-facetada-vermelha-anzois-menores,,,,,,,,,5g,,,1#,,,,,'40608080414468,5.0,shopify,0,deny,manual,2.63,,true,false,,,,,,https://cdn.shopify.com/s/files/1/0454/5845/6736/products/chumbada-jig-head-facetada-vermelha-anzois-menores-6-1-4.jpg?v=1645542393,4,Chumbada Jig Head Facetada Vermelha Anzóis Menores (6# - 1#),,,,,,,,,,,,,,,,,,,,https://cdn.shopify.com/s/files/1/0454/5845/6736/products/chumbada-jig-head-facetada-vermelha-anzois-menores-6-1.jpg?v=1645542385,kg,,,
chumbada-jig-head-facetada-vermelha-anzois-menores,,,,,,,,,7g,,,4#,,,,,'40608080414758,7.0,,0,continue,manual,2.63,,true,false,,,,,,,,,,,,,,,,,,,,,,,,,,,,https://cdn.shopify.com/s/files/1/0454/5845/6736/products/chumbada-jig-head-facetada-vermelha-anzois-menores-6-1.jpg?v=1645542385,kg,,,
chumbada-jig-head-facetada-vermelha-anzois-menores,,,,,,,,,7g,,,2#,,,,,'40608080414614,7.0,,0,continue,manual,2.63,,true,false,,,,,,,,,,,,,,,,,,,,,,,,,,,,https://cdn.shopify.com/s/files/1/0454/5845/6736/products/chumbada-jig-head-facetada-vermelha-anzois-menores-6-1.jpg?v=1645542385,kg,,,
chumbada-jig-head-facetada-vermelha-anzois-menores,,,,,,,,,7g,,,1#,,,,,'40608080414470,7.0,shopify,0,deny,manual,2.63,,true,false,,,,,,,,,,,,,,,,,,,,,,,,,,,,https://cdn.shopify.com/s/files/1/0454/5845/6736/products/chumbada-jig-head-facetada-vermelha-anzois-menores-6-1.jpg?v=1645542385,kg,,,
chumbada-jig-head-facetada-vermelha-anzois-menores,,,,,,,,,10g,,,2#,,,,,'40608080414616,10.0,,0,continue,manual,3.49,,true,false,,,,,,,,,,,,,,,,,,,,,,,,,,,,https://cdn.shopify.com/s/files/1/0454/5845/6736/products/chumbada-jig-head-facetada-vermelha-anzois-menores-6-1.jpg?v=1645542385,kg,,,
chumbada-jig-head-facetada-vermelha-anzois-menores,,,,,,,,,10g,,,1#,,,,,'40608080414472,10.0,shopify,0,deny,manual,3.49,,true,false,,,,,,,,,,,,,,,,,,,,,,,,,,,,https://cdn.shopify.com/s/files/1/0454/5845/6736/products/chumbada-jig-head-facetada-vermelha-anzois-menores-6-1.jpg?v=1645542385,kg,,,
chumbada-jig-head-facetada-vermelha-anzois-menores,,,,,,,,,12g,,,2#,,,,,'40608080414617,12.0,,0,continue,manual,3.49,,true,false,,,,,,,,,,,,,,,,,,,,,,,,,,,,https://cdn.shopify.com/s/files/1/0454/5845/6736/products/chumbada-jig-head-facetada-vermelha-anzois-menores-6-1.jpg?v=1645542385,kg,,,
chumbada-jig-head-facetada-vermelha-anzois-menores,,,,,,,,,12g,,,1#,,,,,'40608080414473,12.0,shopify,0,deny,manual,3.49,,true,false,,,,,,,,,,,,,,,,,,,,,,,,,,,,https://cdn.shopify.com/s/files/1/0454/5845/6736/products/chumbada-jig-head-facetada-vermelha-anzois-menores-6-1.jpg?v=1645542385,kg,,,
chumbada-jig-head-facetada-vermelha-anzois-menores,,,,,,,,,15g,,,2#,,,,,'40608080414619,15.0,,0,continue,manual,3.49,,true,false,,,,,,,,,,,,,,,,,,,,,,,,,,,,https://cdn.shopify.com/s/files/1/0454/5845/6736/products/chumbada-jig-head-facetada-vermelha-anzois-menores-6-1.jpg?v=1645542385,kg,,,
chumbada-jig-head-facetada-vermelha-anzois-menores,,,,,,,,,15g,,,1#,,,,,'40608080414475,15.0,shopify,0,deny,manual,3.49,,true,false,,,,,,,,,,,,,,,,,,,,,,,,,,,,https://cdn.shopify.com/s/files/1/0454/5845/6736/products/chumbada-jig-head-facetada-vermelha-anzois-menores-6-1.jpg?v=1645542385,kg,,,
chumbada-jig-head-facetada-vermelha-anzois-menores,,,,,,,,,17g,,,2#,,,,,'40608080414620,17.0,,0,continue,manual,3.49,,true,false,,,,,,,,,,,,,,,,,,,,,,,,,,,,https://cdn.shopify.com/s/files/1/0454/5845/6736/products/chumbada-jig-head-facetada-vermelha-anzois-menores-6-1.jpg?v=1645542385,kg,,,
chumbada-jig-head-facetada-vermelha-anzois-menores,,,,,,,,,17g,,,1#,,,,,'40608080414476,17.0,shopify,0,deny,manual,3.49,,true,false,,,,,,,,,,,,,,,,,,,,,,,,,,,,https://cdn.shopify.com/s/files/1/0454/5845/6736/products/chumbada-jig-head-facetada-vermelha-anzois-menores-6-1.jpg?v=1645542385,kg,,,
chumbada-jig-head-facetada-vermelha-anzois-menores,,,,,,,,,20g,,,2#,,,,,'40608080414621,20.0,,0,continue,manual,4.00,,true,false,,,,,,,,,,,,,,,,,,,,,,,,,,,,https://cdn.shopify.com/s/files/1/0454/5845/6736/products/chumbada-jig-head-facetada-vermelha-anzois-menores-6-1.jpg?v=1645542385,kg,,,
chumbada-jig-head-facetada-vermelha-anzois-menores,,,,,,,,,20g,,,1#,,,,,'40608080414477,20.0,shopify,0,deny,manual,4.00,,true,false,,,,,,,,,,,,,,,,,,,,,,,,,,,,https://cdn.shopify.com/s/files/1/0454/5845/6736/products/chumbada-jig-head-facetada-vermelha-anzois-menores-6-1.jpg?v=1645542385,kg,,,
chumbada-jig-head-facetada-natural-anzois-maiores,Anzol Jig Head 90° Facetada Natural Anzóis Maiores (1/0 - 6/0),<p>Chumbada Jig Head Facetada</p>,Chumbada Oficial,Sem categoria,"","90 graus, Jig Head, jig head facetada, Jig Head Facetada Maior, jig head facetada natural, natural",true,Peso,5g,,Tamanho do Anzol,1/0,,,,,'40608070114980,5.0,,-1850,continue,manual,2.20,,true,false,,,,,,https://cdn.shopify.com/s/files/1/0454/5845/6736/products/jig-head-facetada-natural_450d26aa-f6f1-48b7-9f5e-69a9ec2e77d3.png?v=1701357859,1,Chumbada Jig Head Facetada Natural Anzóis Maiores (1/0 - 6/0),false,,,,,,,,,,,,,,,,,,,https://cdn.shopify.com/s/files/1/0454/5845/6736/products/Anzol1-0.jpg?v=1701357859,kg,,,active
chumbada-jig-head-facetada-natural-anzois-maiores,,,,,,,,,5g,,,2/0,,,,,'40608070115124,5.0,,-30,deny,manual,2.20,,true,false,,,,,,https://cdn.shopify.com/s/files/1/0454/5845/6736/products/Anzol1-0.jpg?v=1701357859,2,Chumbada Jig Head Facetada Natural Anzóis Maiores (1/0 - 6/0),,,,,,,,,,,,,,,,,,,,https://cdn.shopify.com/s/files/1/0454/5845/6736/products/Anzol2-0.jpg?v=1701357859,kg,,,
chumbada-jig-head-facetada-natural-anzois-maiores,,,,,,,,,5g,,,3/0,,,,,'40608070115268,5.0,,-1176,continue,manual,2.20,,true,false,,,,,,https://cdn.shopify.com/s/files/1/0454/5845/6736/products/Anzol2-0.jpg?v=1701357859,3,Chumbada Jig Head Facetada Natural Anzóis Maiores (1/0 - 6/0),,,,,,,,,,,,,,,,,,,,https://cdn.shopify.com/s/files/1/0454/5845/6736/products/Anzol3-0.jpg?v=1701357859,kg,,,
chumbada-jig-head-facetada-natural-anzois-maiores,,,,,,,,,5g,,,4/0,,,,,'40608070115412,5.0,,-541,continue,manual,2.29,,true,false,,,,,,https://cdn.shopify.com/s/files/1/0454/5845/6736/products/Anzol3-0.jpg?v=1701357859,4,Chumbada Jig Head Facetada Natural Anzóis Maiores (1/0 - 6/0),,,,,,,,,,,,,,,,,,,,https://cdn.shopify.com/s/files/1/0454/5845/6736/products/Anzol4-0.jpg?v=1701357859,kg,,,
chumbada-jig-head-facetada-natural-anzois-maiores,,,,,,,,,5g,,,5/0,,,,,'40608070115556,5.0,,-146,continue,manual,2.89,,true,false,,,,,,https://cdn.shopify.com/s/files/1/0454/5845/6736/products/Anzol4-0.jpg?v=1701357859,5,Chumbada Jig Head Facetada Natural Anzóis Maiores (1/0 - 6/0),,,,,,,,,,,,,,,,,,,,https://cdn.shopify.com/s/files/1/0454/5845/6736/products/Anzol5-0.jpg?v=1701357859,kg,,,
chumbada-jig-head-facetada-natural-anzois-maiores,,,,,,,,,5g,,,6/0,,,,,'40608070115700,5.0,shopify,-70,deny,manual,2.89,,true,false,,,,,,https://cdn.shopify.com/s/files/1/0454/5845/6736/products/Anzol5-0.jpg?v=1701357859,6,Chumbada Jig Head Facetada Natural Anzóis Maiores (1/0 - 6/0),,,,,,,,,,,,,,,,,,,,https://cdn.shopify.com/s/files/1/0454/5845/6736/products/Anzol6-0.jpg?v=1701357859,kg,,,
chumbada-jig-head-facetada-natural-anzois-maiores,,,,,,,,,7g,,,1/0,,,,,'40608070114982,7.0,,-2129,continue,manual,2.20,,true,false,,,,,,https://cdn.shopify.com/s/files/1/0454/5845/6736/products/Anzol6-0.jpg?v=1701357859,7,"",,,,,,,,,,,,,,,,,,,,https://cdn.shopify.com/s/files/1/0454/5845/6736/products/Anzol1-0.jpg?v=1701357859,kg,,,
chumbada-jig-head-facetada-natural-anzois-maiores,,,,,,,,,7g,,,2/0,,,,,'40608070115126,7.0,,-45,deny,manual,2.20,,true,false,,,,,,,,,,,,,,,,,,,,,,,,,,,,https://cdn.shopify.com/s/files/1/0454/5845/6736/products/Anzol2-0.jpg?v=1701357859,kg,,,
chumbada-jig-head-facetada-natural-anzois-maiores,,,,,,,,,7g,,,3/0,,,,,'40608070115270,7.0,,-1625,continue,manual,2.20,,true,false,,,,,,,,,,,,,,,,,,,,,,,,,,,,https://cdn.shopify.com/s/files/1/0454/5845/6736/products/Anzol3-0.jpg?v=1701357859,kg,,,
chumbada-jig-head-facetada-natural-anzois-maiores,,,,,,,,,7g,,,4/0,,,,,'40608070115414,7.0,,-660,continue,manual,2.29,,true,false,,,,,,,,,,,,,,,,,,,,,,,,,,,,https://cdn.shopify.com/s/files/1/0454/5845/6736/products/Anzol4-0.jpg?v=1701357859,kg,,,
chumbada-jig-head-facetada-natural-anzois-maiores,,,,,,,,,7g,,,5/0,,,,,'40608070115558,7.0,,-265,continue,manual,2.89,,true,false,,,,,,,,,,,,,,,,,,,,,,,,,,,,https://cdn.shopify.com/s/files/1/0454/5845/6736/products/Anzol5-0.jpg?v=1701357859,kg,,,
chumbada-jig-head-facetada-natural-anzois-maiores,,,,,,,,,7g,,,6/0,,,,,'40608070115702,7.0,shopify,-110,deny,manual,2.89,,true,false,,,,,,,,,,,,,,,,,,,,,,,,,,,,https://cdn.shopify.com/s/files/1/0454/5845/6736/products/Anzol6-0.jpg?v=1701357859,kg,,,
chumbada-jig-head-facetada-natural-anzois-maiores,,,,,,,,,10g,,,1/0,,,,,'40608070114984,10.0,,-1634,continue,manual,2.66,,true,false,,,,,,,,,,,,,,,,,,,,,,,,,,,,https://cdn.shopify.com/s/files/1/0454/5845/6736/products/Anzol1-0.jpg?v=1701357859,kg,,,
chumbada-jig-head-facetada-natural-anzois-maiores,,,,,,,,,10g,,,2/0,,,,,'40608070115128,10.0,,-42,deny,manual,2.66,,true,false,,,,,,,,,,,,,,,,,,,,,,,,,,,,https://cdn.shopify.com/s/files/1/0454/5845/6736/products/Anzol2-0.jpg?v=1701357859,kg,,,
chumbada-jig-head-facetada-natural-anzois-maiores,,,,,,,,,10g,,,3/0,,,,,'40608070115272,10.0,,-1835,continue,manual,2.66,,true,false,,,,,,,,,,,,,,,,,,,,,,,,,,,,https://cdn.shopify.com/s/files/1/0454/5845/6736/products/Anzol3-0.jpg?v=1701357859,kg,,,
chumbada-jig-head-facetada-natural-anzois-maiores,,,,,,,,,10g,,,4/0,,,,,'40608070115416,10.0,,-753,continue,manual,2.75,,true,false,,,,,,,,,,,,,,,,,,,,,,,,,,,,https://cdn.shopify.com/s/files/1/0454/5845/6736/products/Anzol4-0.jpg?v=1701357859,kg,,,
chumbada-jig-head-facetada-natural-anzois-maiores,,,,,,,,,10g,,,5/0,,,,,'40608070115560,10.0,,-356,continue,manual,3.35,,true,false,,,,,,,,,,,,,,,,,,,,,,,,,,,,https://cdn.shopify.com/s/files/1/0454/5845/6736/products/Anzol5-0.jpg?v=1701357859,kg,,,
chumbada-jig-head-facetada-natural-anzois-maiores,,,,,,,,,10g,,,6/0,,,,,'40608070115704,10.0,shopify,-71,deny,manual,3.35,,true,false,,,,,,,,,,,,,,,,,,,,,,,,,,,,https://cdn.shopify.com/s/files/1/0454/5845/6736/products/Anzol6-0.jpg?v=1701357859,kg,,,
chumbada-jig-head-facetada-natural-anzois-maiores,,,,,,,,,12g,,,1/0,,,,,'40608070114985,12.0,,-699,continue,manual,2.66,,true,false,,,,,,,,,,,,,,,,,,,,,,,,,,,,https://cdn.shopify.com/s/files/1/0454/5845/6736/products/Anzol1-0.jpg?v=1701357859,kg,,,
chumbada-jig-head-facetada-natural-anzois-maiores,,,,,,,,,12g,,,2/0,,,,,'40608070115129,12.0,,0,deny,manual,2.66,,true,false,,,,,,,,,,,,,,,,,,,,,,,,,,,,https://cdn.shopify.com/s/files/1/0454/5845/6736/products/Anzol2-0.jpg?v=1701357859,kg,,,
chumbada-jig-head-facetada-natural-anzois-maiores,,,,,,,,,12g,,,3/0,,,,,'40608070115273,12.0,,-968,continue,manual,2.66,,true,false,,,,,,,,,,,,,,,,,,,,,,,,,,,,https://cdn.shopify.com/s/files/1/0454/5845/6736/products/Anzol3-0.jpg?v=1701357859,kg,,,
chumbada-jig-head-facetada-natural-anzois-maiores,,,,,,,,,12g,,,4/0,,,,,'40608070115417,12.0,,-307,continue,manual,2.75,,true,false,,,,,,,,,,,,,,,,,,,,,,,,,,,,https://cdn.shopify.com/s/files/1/0454/5845/6736/products/Anzol4-0.jpg?v=1701357859,kg,,,
chumbada-jig-head-facetada-natural-anzois-maiores,,,,,,,,,12g,,,5/0,,,,,'40608070115561,12.0,,-96,continue,manual,3.35,,true,false,,,,,,,,,,,,,,,,,,,,,,,,,,,,https://cdn.shopify.com/s/files/1/0454/5845/6736/products/Anzol5-0.jpg?v=1701357859,kg,,,
chumbada-jig-head-facetada-natural-anzois-maiores,,,,,,,,,12g,,,6/0,,,,,'40608070115705,12.0,shopify,-51,deny,manual,3.35,,true,false,,,,,,,,,,,,,,,,,,,,,,,,,,,,https://cdn.shopify.com/s/files/1/0454/5845/6736/products/Anzol6-0.jpg?v=1701357859,kg,,,
chumbada-jig-head-facetada-natural-anzois-maiores,,,,,,,,,15g,,,1/0,,,,,'40608070114987,15.0,,-130,continue,manual,2.66,,true,false,,,,,,,,,,,,,,,,,,,,,,,,,,,,https://cdn.shopify.com/s/files/1/0454/5845/6736/products/Anzol1-0.jpg?v=1701357859,kg,,,
chumbada-jig-head-facetada-natural-anzois-maiores,,,,,,,,,15g,,,2/0,,,,,'40608070115131,15.0,,-12,deny,manual,2.66,,true,false,,,,,,,,,,,,,,,,,,,,,,,,,,,,https://cdn.shopify.com/s/files/1/0454/5845/6736/products/Anzol2-0.jpg?v=1701357859,kg,,,
chumbada-jig-head-facetada-natural-anzois-maiores,,,,,,,,,15g,,,3/0,,,,,'40608070115275,15.0,,-657,continue,manual,2.66,,true,false,,,,,,,,,,,,,,,,,,,,,,,,,,,,https://cdn.shopify.com/s/files/1/0454/5845/6736/products/Anzol3-0.jpg?v=1701357859,kg,,,
chumbada-jig-head-facetada-natural-anzois-maiores,,,,,,,,,15g,,,4/0,,,,,'40608070115419,15.0,,-470,continue,manual,2.75,,true,false,,,,,,,,,,,,,,,,,,,,,,,,,,,,https://cdn.shopify.com/s/files/1/0454/5845/6736/products/Anzol4-0.jpg?v=1701357859,kg,,,
chumbada-jig-head-facetada-natural-anzois-maiores,,,,,,,,,15g,,,5/0,,,,,'40608070115563,15.0,,-110,continue,manual,3.35,,true,false,,,,,,,,,,,,,,,,,,,,,,,,,,,,https://cdn.shopify.com/s/files/1/0454/5845/6736/products/Anzol5-0.jpg?v=1701357859,kg,,,
chumbada-jig-head-facetada-natural-anzois-maiores,,,,,,,,,15g,,,6/0,,,,,'40608070115707,15.0,shopify,-80,deny,manual,3.35,,true,false,,,,,,,,,,,,,,,,,,,,,,,,,,,,https://cdn.shopify.com/s/files/1/0454/5845/6736/products/Anzol6-0.jpg?v=1701357859,kg,,,
chumbada-jig-head-facetada-natural-anzois-maiores,,,,,,,,,17g,,,1/0,,,,,'40608070114988,17.0,,-164,continue,manual,2.66,,true,false,,,,,,,,,,,,,,,,,,,,,,,,,,,,https://cdn.shopify.com/s/files/1/0454/5845/6736/products/Anzol1-0.jpg?v=1701357859,kg,,,
chumbada-jig-head-facetada-natural-anzois-maiores,,,,,,,,,17g,,,2/0,,,,,'40608070115132,17.0,,-12,deny,manual,2.66,,true,false,,,,,,,,,,,,,,,,,,,,,,,,,,,,https://cdn.shopify.com/s/files/1/0454/5845/6736/products/Anzol2-0.jpg?v=1701357859,kg,,,
chumbada-jig-head-facetada-natural-anzois-maiores,,,,,,,,,17g,,,3/0,,,,,'40608070115276,17.0,,-196,continue,manual,2.66,,true,false,,,,,,,,,,,,,,,,,,,,,,,,,,,,https://cdn.shopify.com/s/files/1/0454/5845/6736/products/Anzol3-0.jpg?v=1701357859,kg,,,
chumbada-jig-head-facetada-natural-anzois-maiores,,,,,,,,,17g,,,4/0,,,,,'40608070115420,17.0,,-210,continue,manual,2.75,,true,false,,,,,,,,,,,,,,,,,,,,,,,,,,,,https://cdn.shopify.com/s/files/1/0454/5845/6736/products/Anzol4-0.jpg?v=1701357859,kg,,,
chumbada-jig-head-facetada-natural-anzois-maiores,,,,,,,,,17g,,,5/0,,,,,'40608070115564,17.0,,-45,continue,manual,3.35,,true,false,,,,,,,,,,,,,,,,,,,,,,,,,,,,https://cdn.shopify.com/s/files/1/0454/5845/6736/products/Anzol5-0.jpg?v=1701357859,kg,,,
chumbada-jig-head-facetada-natural-anzois-maiores,,,,,,,,,17g,,,6/0,,,,,'40608070115708,17.0,shopify,-70,deny,manual,3.35,,true,false,,,,,,,,,,,,,,,,,,,,,,,,,,,,https://cdn.shopify.com/s/files/1/0454/5845/6736/products/Anzol6-0.jpg?v=1701357859,kg,,,
chumbada-jig-head-facetada-natural-anzois-maiores,,,,,,,,,20g,,,1/0,,,,,'40608070114989,20.0,,-74,continue,manual,3.17,,true,false,,,,,,,,,,,,,,,,,,,,,,,,,,,,https://cdn.shopify.com/s/files/1/0454/5845/6736/products/Anzol1-0.jpg?v=1701357859,kg,,,
chumbada-jig-head-facetada-natural-anzois-maiores,,,,,,,,,20g,,,2/0,,,,,'40608070115133,20.0,,-12,deny,manual,3.17,,true,false,,,,,,,,,,,,,,,,,,,,,,,,,,,,https://cdn.shopify.com/s/files/1/0454/5845/6736/products/Anzol2-0.jpg?v=1701357859,kg,,,
chumbada-jig-head-facetada-natural-anzois-maiores,,,,,,,,,20g,,,3/0,,,,,'40608070115277,20.0,,-332,continue,manual,3.17,,true,false,,,,,,,,,,,,,,,,,,,,,,,,,,,,https://cdn.shopify.com/s/files/1/0454/5845/6736/products/Anzol3-0.jpg?v=1701357859,kg,,,
chumbada-jig-head-facetada-natural-anzois-maiores,,,,,,,,,20g,,,4/0,,,,,'40608070115421,20.0,,-284,continue,manual,3.26,,true,false,,,,,,,,,,,,,,,,,,,,,,,,,,,,https://cdn.shopify.com/s/files/1/0454/5845/6736/products/Anzol4-0.jpg?v=1701357859,kg,,,
chumbada-jig-head-facetada-natural-anzois-maiores,,,,,,,,,20g,,,5/0,,,,,'40608070115565,20.0,,-224,continue,manual,3.86,,true,false,,,,,,,,,,,,,,,,,,,,,,,,,,,,https://cdn.shopify.com/s/files/1/0454/5845/6736/products/Anzol5-0.jpg?v=1701357859,kg,,,
chumbada-jig-head-facetada-natural-anzois-maiores,,,,,,,,,20g,,,6/0,,,,,'40608070115709,20.0,shopify,-70,deny,manual,3.86,,true,false,,,,,,,,,,,,,,,,,,,,,,,,,,,,https://cdn.shopify.com/s/files/1/0454/5845/6736/products/Anzol6-0.jpg?v=1701357859,kg,,,
chumbada-jig-head-facetada-amarela-anzois-maiores,Anzol Jig Head 90° Facetada Amarela Anzóis Maiores (1/0 - 6/0),<p>Chumbada Jig Head Facetada</p>,Chumbada Oficial,,"","90 graus, Jig Head, jig head facetada, Jig Head Facetada Maior",true,Peso,5g,,Tamanho do Anzol,1/0,,,,,'40608080615076,5.0,,-107,continue,manual,3.00,,true,false,,,,,,https://cdn.shopify.com/s/files/1/0454/5845/6736/products/chumbada-jig-head-facetada-amarela-anzois-maiores-10-60.jpg?v=1645542432,1,Chumbada Jig Head Facetada Amarela Anzóis Maiores (1/0 - 6/0),false,,,,,,,,,,,,,,,,,,,https://cdn.shopify.com/s/files/1/0454/5845/6736/products/chumbada-jig-head-facetada-amarela-anzois-maiores-10-60.jpg?v=1645542432,kg,,,active
chumbada-jig-head-facetada-amarela-anzois-maiores,,,,,,,,,5g,,,2/0,,,,,'40608080615220,5.0,,-115,deny,manual,3.00,,true,false,,,,,,https://cdn.shopify.com/s/files/1/0454/5845/6736/products/chumbada-jig-head-facetada-amarela-anzois-maiores-10-60-2.jpg?v=1645542437,2,Chumbada Jig Head Facetada Amarela Anzóis Maiores (1/0 - 6/0),,,,,,,,,,,,,,,,,,,,https://cdn.shopify.com/s/files/1/0454/5845/6736/products/chumbada-jig-head-facetada-amarela-anzois-maiores-10-60.jpg?v=1645542432,kg,,,
chumbada-jig-head-facetada-amarela-anzois-maiores,,,,,,,,,5g,,,3/0,,,,,'40608080615364,5.0,,-45,continue,manual,3.00,,true,false,,,,,,https://cdn.shopify.com/s/files/1/0454/5845/6736/products/chumbada-jig-head-facetada-amarela-anzois-maiores-10-60-3.jpg?v=1645542439,3,Chumbada Jig Head Facetada Amarela Anzóis Maiores (1/0 - 6/0),,,,,,,,,,,,,,,,,,,,https://cdn.shopify.com/s/files/1/0454/5845/6736/products/chumbada-jig-head-facetada-amarela-anzois-maiores-10-60.jpg?v=1645542432,kg,,,
chumbada-jig-head-facetada-amarela-anzois-maiores,,,,,,,,,5g,,,4/0,,,,,'40608080615508,5.0,,0,continue,manual,3.09,,true,false,,,,,,https://cdn.shopify.com/s/files/1/0454/5845/6736/products/chumbada-jig-head-facetada-amarela-anzois-maiores-10-60-4.jpg?v=1645542442,4,Chumbada Jig Head Facetada Amarela Anzóis Maiores (1/0 - 6/0),,,,,,,,,,,,,,,,,,,,https://cdn.shopify.com/s/files/1/0454/5845/6736/products/chumbada-jig-head-facetada-amarela-anzois-maiores-10-60.jpg?v=1645542432,kg,,,
chumbada-jig-head-facetada-amarela-anzois-maiores,,,,,,,,,5g,,,5/0,,,,,'40608080615652,5.0,,0,continue,manual,3.69,,true,false,,,,,,https://cdn.shopify.com/s/files/1/0454/5845/6736/products/chumbada-jig-head-facetada-amarela-anzois-maiores-10-60-5.jpg?v=1645542444,5,Chumbada Jig Head Facetada Amarela Anzóis Maiores (1/0 - 6/0),,,,,,,,,,,,,,,,,,,,https://cdn.shopify.com/s/files/1/0454/5845/6736/products/chumbada-jig-head-facetada-amarela-anzois-maiores-10-60.jpg?v=1645542432,kg,,,
chumbada-jig-head-facetada-amarela-anzois-maiores,,,,,,,,,5g,,,6/0,,,,,'40608080615796,5.0,shopify,0,deny,manual,3.69,,true,false,,,,,,https://cdn.shopify.com/s/files/1/0454/5845/6736/products/chumbada-jig-head-facetada-amarela-anzois-maiores-10-60-6.jpg?v=1645542446,6,Chumbada Jig Head Facetada Amarela Anzóis Maiores (1/0 - 6/0),,,,,,,,,,,,,,,,,,,,https://cdn.shopify.com/s/files/1/0454/5845/6736/products/chumbada-jig-head-facetada-amarela-anzois-maiores-10-60.jpg?v=1645542432,kg,,,
chumbada-jig-head-facetada-amarela-anzois-maiores,,,,,,,,,7g,,,1/0,,,,,'40608080615078,7.0,,-105,continue,manual,3.00,,true,false,,,,,,,,,,,,,,,,,,,,,,,,,,,,https://cdn.shopify.com/s/files/1/0454/5845/6736/products/chumbada-jig-head-facetada-amarela-anzois-maiores-10-60.jpg?v=1645542432,kg,,,
chumbada-jig-head-facetada-amarela-anzois-maiores,,,,,,,,,7g,,,2/0,,,,,'40608080615222,7.0,,-317,deny,manual,3.00,,true,false,,,,,,,,,,,,,,,,,,,,,,,,,,,,https://cdn.shopify.com/s/files/1/0454/5845/6736/products/chumbada-jig-head-facetada-amarela-anzois-maiores-10-60.jpg?v=1645542432,kg,,,
chumbada-jig-head-facetada-amarela-anzois-maiores,,,,,,,,,7g,,,3/0,,,,,'40608080615366,7.0,,-186,continue,manual,3.00,,true,false,,,,,,,,,,,,,,,,,,,,,,,,,,,,https://cdn.shopify.com/s/files/1/0454/5845/6736/products/chumbada-jig-head-facetada-amarela-anzois-maiores-10-60.jpg?v=1645542432,kg,,,
chumbada-jig-head-facetada-amarela-anzois-maiores,,,,,,,,,7g,,,4/0,,,,,'40608080615510,7.0,,-111,continue,manual,3.09,,true,false,,,,,,,,,,,,,,,,,,,,,,,,,,,,https://cdn.shopify.com/s/files/1/0454/5845/6736/products/chumbada-jig-head-facetada-amarela-anzois-maiores-10-60.jpg?v=1645542432,kg,,,
chumbada-jig-head-facetada-amarela-anzois-maiores,,,,,,,,,7g,,,5/0,,,,,'40608080615654,7.0,,-21,continue,manual,3.69,,true,false,,,,,,,,,,,,,,,,,,,,,,,,,,,,https://cdn.shopify.com/s/files/1/0454/5845/6736/products/chumbada-jig-head-facetada-amarela-anzois-maiores-10-60.jpg?v=1645542432,kg,,,
chumbada-jig-head-facetada-amarela-anzois-maiores,,,,,,,,,7g,,,6/0,,,,,'40608080615798,7.0,shopify,0,deny,manual,3.69,,true,false,,,,,,,,,,,,,,,,,,,,,,,,,,,,https://cdn.shopify.com/s/files/1/0454/5845/6736/products/chumbada-jig-head-facetada-amarela-anzois-maiores-10-60.jpg?v=1645542432,kg,,,
chumbada-jig-head-facetada-amarela-anzois-maiores,,,,,,,,,10g,,,1/0,,,,,'40608080615080,10.0,,-17,continue,manual,3.86,,true,false,,,,,,,,,,,,,,,,,,,,,,,,,,,,https://cdn.shopify.com/s/files/1/0454/5845/6736/products/chumbada-jig-head-facetada-amarela-anzois-maiores-10-60.jpg?v=1645542432,kg,,,
chumbada-jig-head-facetada-amarela-anzois-maiores,,,,,,,,,10g,,,2/0,,,,,'40608080615224,10.0,,-91,deny,manual,3.86,,true,false,,,,,,,,,,,,,,,,,,,,,,,,,,,,https://cdn.shopify.com/s/files/1/0454/5845/6736/products/chumbada-jig-head-facetada-amarela-anzois-maiores-10-60.jpg?v=1645542432,kg,,,
chumbada-jig-head-facetada-amarela-anzois-maiores,,,,,,,,,10g,,,3/0,,,,,'40608080615368,10.0,,-132,continue,manual,3.86,,true,false,,,,,,,,,,,,,,,,,,,,,,,,,,,,https://cdn.shopify.com/s/files/1/0454/5845/6736/products/chumbada-jig-head-facetada-amarela-anzois-maiores-10-60.jpg?v=1645542432,kg,,,
chumbada-jig-head-facetada-amarela-anzois-maiores,,,,,,,,,10g,,,4/0,,,,,'40608080615512,10.0,,-61,continue,manual,3.95,,true,false,,,,,,,,,,,,,,,,,,,,,,,,,,,,https://cdn.shopify.com/s/files/1/0454/5845/6736/products/chumbada-jig-head-facetada-amarela-anzois-maiores-10-60.jpg?v=1645542432,kg,,,
chumbada-jig-head-facetada-amarela-anzois-maiores,,,,,,,,,10g,,,5/0,,,,,'40608080615656,10.0,,-21,continue,manual,4.55,,true,false,,,,,,,,,,,,,,,,,,,,,,,,,,,,https://cdn.shopify.com/s/files/1/0454/5845/6736/products/chumbada-jig-head-facetada-amarela-anzois-maiores-10-60.jpg?v=1645542432,kg,,,
chumbada-jig-head-facetada-amarela-anzois-maiores,,,,,,,,,10g,,,6/0,,,,,'40608080615800,10.0,shopify,0,deny,manual,4.55,,true,false,,,,,,,,,,,,,,,,,,,,,,,,,,,,https://cdn.shopify.com/s/files/1/0454/5845/6736/products/chumbada-jig-head-facetada-amarela-anzois-maiores-10-60.jpg?v=1645542432,kg,,,
chumbada-jig-head-facetada-amarela-anzois-maiores,,,,,,,,,12g,,,1/0,,,,,'40608080615081,12.0,,-2,continue,manual,3.86,,true,false,,,,,,,,,,,,,,,,,,,,,,,,,,,,https://cdn.shopify.com/s/files/1/0454/5845/6736/products/chumbada-jig-head-facetada-amarela-anzois-maiores-10-60.jpg?v=1645542432,kg,,,
chumbada-jig-head-facetada-amarela-anzois-maiores,,,,,,,,,12g,,,2/0,,,,,'40608080615225,12.0,,-2,deny,manual,3.86,,true,false,,,,,,,,,,,,,,,,,,,,,,,,,,,,https://cdn.shopify.com/s/files/1/0454/5845/6736/products/chumbada-jig-head-facetada-amarela-anzois-maiores-10-60.jpg?v=1645542432,kg,,,
chumbada-jig-head-facetada-amarela-anzois-maiores,,,,,,,,,12g,,,3/0,,,,,'40608080615369,12.0,,-33,continue,manual,3.86,,true,false,,,,,,,,,,,,,,,,,,,,,,,,,,,,https://cdn.shopify.com/s/files/1/0454/5845/6736/products/chumbada-jig-head-facetada-amarela-anzois-maiores-10-60.jpg?v=1645542432,kg,,,
chumbada-jig-head-facetada-amarela-anzois-maiores,,,,,,,,,12g,,,4/0,,,,,'40608080615513,12.0,,-11,continue,manual,3.95,,true,false,,,,,,,,,,,,,,,,,,,,,,,,,,,,https://cdn.shopify.com/s/files/1/0454/5845/6736/products/chumbada-jig-head-facetada-amarela-anzois-maiores-10-60.jpg?v=1645542432,kg,,,
chumbada-jig-head-facetada-amarela-anzois-maiores,,,,,,,,,12g,,,5/0,,,,,'40608080615657,12.0,,-11,continue,manual,4.55,,true,false,,,,,,,,,,,,,,,,,,,,,,,,,,,,https://cdn.shopify.com/s/files/1/0454/5845/6736/products/chumbada-jig-head-facetada-amarela-anzois-maiores-10-60.jpg?v=1645542432,kg,,,
chumbada-jig-head-facetada-amarela-anzois-maiores,,,,,,,,,12g,,,6/0,,,,,'40608080615801,12.0,shopify,0,deny,manual,4.55,,true,false,,,,,,,,,,,,,,,,,,,,,,,,,,,,https://cdn.shopify.com/s/files/1/0454/5845/6736/products/chumbada-jig-head-facetada-amarela-anzois-maiores-10-60.jpg?v=1645542432,kg,,,
chumbada-jig-head-facetada-amarela-anzois-maiores,,,,,,,,,15g,,,1/0,,,,,'40608080615083,15.0,,0,continue,manual,3.86,,true,false,,,,,,,,,,,,,,,,,,,,,,,,,,,,https://cdn.shopify.com/s/files/1/0454/5845/6736/products/chumbada-jig-head-facetada-amarela-anzois-maiores-10-60.jpg?v=1645542432,kg,,,
chumbada-jig-head-facetada-amarela-anzois-maiores,,,,,,,,,15g,,,2/0,,,,,'40608080615227,15.0,,0,deny,manual,3.86,,true,false,,,,,,,,,,,,,,,,,,,,,,,,,,,,https://cdn.shopify.com/s/files/1/0454/5845/6736/products/chumbada-jig-head-facetada-amarela-anzois-maiores-10-60.jpg?v=1645542432,kg,,,
chumbada-jig-head-facetada-amarela-anzois-maiores,,,,,,,,,15g,,,3/0,,,,,'40608080615371,15.0,,-50,continue,manual,3.86,,true,false,,,,,,,,,,,,,,,,,,,,,,,,,,,,https://cdn.shopify.com/s/files/1/0454/5845/6736/products/chumbada-jig-head-facetada-amarela-anzois-maiores-10-60.jpg?v=1645542432,kg,,,
chumbada-jig-head-facetada-amarela-anzois-maiores,,,,,,,,,15g,,,4/0,,,,,'40608080615515,15.0,,-20,continue,manual,3.95,,true,false,,,,,,,,,,,,,,,,,,,,,,,,,,,,https://cdn.shopify.com/s/files/1/0454/5845/6736/products/chumbada-jig-head-facetada-amarela-anzois-maiores-10-60.jpg?v=1645542432,kg,,,
chumbada-jig-head-facetada-amarela-anzois-maiores,,,,,,,,,15g,,,5/0,,,,,'40608080615659,15.0,,-25,continue,manual,4.55,,true,false,,,,,,,,,,,,,,,,,,,,,,,,,,,,https://cdn.shopify.com/s/files/1/0454/5845/6736/products/chumbada-jig-head-facetada-amarela-anzois-maiores-10-60.jpg?v=1645542432,kg,,,
chumbada-jig-head-facetada-amarela-anzois-maiores,,,,,,,,,15g,,,6/0,,,,,'40608080615803,15.0,shopify,0,deny,manual,4.55,,true,false,,,,,,,,,,,,,,,,,,,,,,,,,,,,https://cdn.shopify.com/s/files/1/0454/5845/6736/products/chumbada-jig-head-facetada-amarela-anzois-maiores-10-60.jpg?v=1645542432,kg,,,
chumbada-jig-head-facetada-amarela-anzois-maiores,,,,,,,,,17g,,,1/0,,,,,'40608080615084,17.0,,0,continue,manual,3.86,,true,false,,,,,,,,,,,,,,,,,,,,,,,,,,,,https://cdn.shopify.com/s/files/1/0454/5845/6736/products/chumbada-jig-head-facetada-amarela-anzois-maiores-10-60.jpg?v=1645542432,kg,,,
chumbada-jig-head-facetada-amarela-anzois-maiores,,,,,,,,,17g,,,2/0,,,,,'40608080615228,17.0,,0,deny,manual,3.86,,true,false,,,,,,,,,,,,,,,,,,,,,,,,,,,,https://cdn.shopify.com/s/files/1/0454/5845/6736/products/chumbada-jig-head-facetada-amarela-anzois-maiores-10-60.jpg?v=1645542432,kg,,,
chumbada-jig-head-facetada-amarela-anzois-maiores,,,,,,,,,17g,,,3/0,,,,,'40608080615372,17.0,,-10,continue,manual,3.86,,true,false,,,,,,,,,,,,,,,,,,,,,,,,,,,,https://cdn.shopify.com/s/files/1/0454/5845/6736/products/chumbada-jig-head-facetada-amarela-anzois-maiores-10-60.jpg?v=1645542432,kg,,,
chumbada-jig-head-facetada-amarela-anzois-maiores,,,,,,,,,17g,,,4/0,,,,,'40608080615516,17.0,,-10,continue,manual,3.95,,true,false,,,,,,,,,,,,,,,,,,,,,,,,,,,,https://cdn.shopify.com/s/files/1/0454/5845/6736/products/chumbada-jig-head-facetada-amarela-anzois-maiores-10-60.jpg?v=1645542432,kg,,,
chumbada-jig-head-facetada-amarela-anzois-maiores,,,,,,,,,17g,,,5/0,,,,,'40608080615660,17.0,,0,continue,manual,4.55,,true,false,,,,,,,,,,,,,,,,,,,,,,,,,,,,https://cdn.shopify.com/s/files/1/0454/5845/6736/products/chumbada-jig-head-facetada-amarela-anzois-maiores-10-60.jpg?v=1645542432,kg,,,
chumbada-jig-head-facetada-amarela-anzois-maiores,,,,,,,,,17g,,,6/0,,,,,'40608080615804,17.0,shopify,0,deny,manual,4.55,,true,false,,,,,,,,,,,,,,,,,,,,,,,,,,,,https://cdn.shopify.com/s/files/1/0454/5845/6736/products/chumbada-jig-head-facetada-amarela-anzois-maiores-10-60.jpg?v=1645542432,kg,,,
chumbada-jig-head-facetada-amarela-anzois-maiores,,,,,,,,,20g,,,1/0,,,,,'40608080615085,20.0,,0,continue,manual,4.37,,true,false,,,,,,,,,,,,,,,,,,,,,,,,,,,,https://cdn.shopify.com/s/files/1/0454/5845/6736/products/chumbada-jig-head-facetada-amarela-anzois-maiores-10-60.jpg?v=1645542432,kg,,,
chumbada-jig-head-facetada-amarela-anzois-maiores,,,,,,,,,20g,,,2/0,,,,,'40608080615229,20.0,,0,deny,manual,4.37,,true,false,,,,,,,,,,,,,,,,,,,,,,,,,,,,https://cdn.shopify.com/s/files/1/0454/5845/6736/products/chumbada-jig-head-facetada-amarela-anzois-maiores-10-60.jpg?v=1645542432,kg,,,
chumbada-jig-head-facetada-amarela-anzois-maiores,,,,,,,,,20g,,,3/0,,,,,'40608080615373,20.0,,-30,continue,manual,4.37,,true,false,,,,,,,,,,,,,,,,,,,,,,,,,,,,https://cdn.shopify.com/s/files/1/0454/5845/6736/products/chumbada-jig-head-facetada-amarela-anzois-maiores-10-60.jpg?v=1645542432,kg,,,
chumbada-jig-head-facetada-amarela-anzois-maiores,,,,,,,,,20g,,,4/0,,,,,'40608080615517,20.0,,-30,continue,manual,4.46,,true,false,,,,,,,,,,,,,,,,,,,,,,,,,,,,https://cdn.shopify.com/s/files/1/0454/5845/6736/products/chumbada-jig-head-facetada-amarela-anzois-maiores-10-60.jpg?v=1645542432,kg,,,
chumbada-jig-head-facetada-amarela-anzois-maiores,,,,,,,,,20g,,,5/0,,,,,'40608080615661,20.0,,-100,continue,manual,5.06,,true,false,,,,,,,,,,,,,,,,,,,,,,,,,,,,https://cdn.shopify.com/s/files/1/0454/5845/6736/products/chumbada-jig-head-facetada-amarela-anzois-maiores-10-60.jpg?v=1645542432,kg,,,
chumbada-jig-head-facetada-amarela-anzois-maiores,,,,,,,,,20g,,,6/0,,,,,'40608080615805,20.0,shopify,0,deny,manual,5.06,,true,false,,,,,,,,,,,,,,,,,,,,,,,,,,,,https://cdn.shopify.com/s/files/1/0454/5845/6736/products/chumbada-jig-head-facetada-amarela-anzois-maiores-10-60.jpg?v=1645542432,kg,,,
chumbada-jig-head-facetada-laranja-anzois-maiores,Anzol Jig Head 90° Facetada Laranja Anzóis Maiores (1/0 - 6/0),<p>Chumbada Jig Head Facetada</p>,Chumbada Oficial,Sem categoria,"","90 graus, Jig Head, jig head facetada, Jig Head Facetada Maior",true,Peso,5g,,Tamanho do Anzol,1/0,,,,,'40608080515060,5.0,,-56,continue,manual,3.00,,true,false,,,,,,https://cdn.shopify.com/s/files/1/0454/5845/6736/products/chumbada-jig-head-facetada-laranja-anzois-maiores-10-60.jpg?v=1645542517,1,Chumbada Jig Head Facetada Laranja Anzóis Maiores (1/0 - 6/0),false,,,,,,,,,,,,,,,,,,,https://cdn.shopify.com/s/files/1/0454/5845/6736/products/chumbada-jig-head-facetada-laranja-anzois-maiores-10-60.jpg?v=1645542517,kg,,,active
chumbada-jig-head-facetada-laranja-anzois-maiores,,,,,,,,,5g,,,2/0,,,,,'40608080515204,5.0,,0,deny,manual,3.00,,true,false,,,,,,https://cdn.shopify.com/s/files/1/0454/5845/6736/products/chumbada-jig-head-facetada-laranja-anzois-maiores-10-60-2.jpg?v=1645542521,2,Chumbada Jig Head Facetada Laranja Anzóis Maiores (1/0 - 6/0),,,,,,,,,,,,,,,,,,,,https://cdn.shopify.com/s/files/1/0454/5845/6736/products/chumbada-jig-head-facetada-laranja-anzois-maiores-10-60.jpg?v=1645542517,kg,,,
chumbada-jig-head-facetada-laranja-anzois-maiores,,,,,,,,,5g,,,3/0,,,,,'40608080515348,5.0,,-60,continue,manual,3.00,,true,false,,,,,,https://cdn.shopify.com/s/files/1/0454/5845/6736/products/chumbada-jig-head-facetada-laranja-anzois-maiores-10-60-3.jpg?v=1645542524,3,Chumbada Jig Head Facetada Laranja Anzóis Maiores (1/0 - 6/0),,,,,,,,,,,,,,,,,,,,https://cdn.shopify.com/s/files/1/0454/5845/6736/products/chumbada-jig-head-facetada-laranja-anzois-maiores-10-60.jpg?v=1645542517,kg,,,
chumbada-jig-head-facetada-laranja-anzois-maiores,,,,,,,,,5g,,,4/0,,,,,'40608080515492,5.0,,-20,continue,manual,3.09,,true,false,,,,,,https://cdn.shopify.com/s/files/1/0454/5845/6736/products/chumbada-jig-head-facetada-laranja-anzois-maiores-10-60-4.jpg?v=1645542526,4,Chumbada Jig Head Facetada Laranja Anzóis Maiores (1/0 - 6/0),,,,,,,,,,,,,,,,,,,,https://cdn.shopify.com/s/files/1/0454/5845/6736/products/chumbada-jig-head-facetada-laranja-anzois-maiores-10-60.jpg?v=1645542517,kg,,,
chumbada-jig-head-facetada-laranja-anzois-maiores,,,,,,,,,5g,,,5/0,,,,,'40608080515636,5.0,,0,continue,manual,3.69,,true,false,,,,,,https://cdn.shopify.com/s/files/1/0454/5845/6736/products/chumbada-jig-head-facetada-laranja-anzois-maiores-10-60-5.jpg?v=1645542530,5,Chumbada Jig Head Facetada Laranja Anzóis Maiores (1/0 - 6/0),,,,,,,,,,,,,,,,,,,,https://cdn.shopify.com/s/files/1/0454/5845/6736/products/chumbada-jig-head-facetada-laranja-anzois-maiores-10-60.jpg?v=1645542517,kg,,,
chumbada-jig-head-facetada-laranja-anzois-maiores,,,,,,,,,5g,,,6/0,,,,,'40608080515780,5.0,shopify,0,deny,manual,3.69,,true,false,,,,,,https://cdn.shopify.com/s/files/1/0454/5845/6736/products/chumbada-jig-head-facetada-laranja-anzois-maiores-10-60-6.jpg?v=1645542533,6,Chumbada Jig Head Facetada Laranja Anzóis Maiores (1/0 - 6/0),,,,,,,,,,,,,,,,,,,,https://cdn.shopify.com/s/files/1/0454/5845/6736/products/chumbada-jig-head-facetada-laranja-anzois-maiores-10-60.jpg?v=1645542517,kg,,,
chumbada-jig-head-facetada-laranja-anzois-maiores,,,,,,,,,7g,,,1/0,,,,,'40608080515062,7.0,,-33,continue,manual,3.00,,true,false,,,,,,,,,,,,,,,,,,,,,,,,,,,,https://cdn.shopify.com/s/files/1/0454/5845/6736/products/chumbada-jig-head-facetada-laranja-anzois-maiores-10-60.jpg?v=1645542517,kg,,,
chumbada-jig-head-facetada-laranja-anzois-maiores,,,,,,,,,7g,,,2/0,,,,,'40608080515206,7.0,,0,deny,manual,3.00,,true,false,,,,,,,,,,,,,,,,,,,,,,,,,,,,https://cdn.shopify.com/s/files/1/0454/5845/6736/products/chumbada-jig-head-facetada-laranja-anzois-maiores-10-60.jpg?v=1645542517,kg,,,
chumbada-jig-head-facetada-laranja-anzois-maiores,,,,,,,,,7g,,,3/0,,,,,'40608080515350,7.0,,-50,continue,manual,3.00,,true,false,,,,,,,,,,,,,,,,,,,,,,,,,,,,https://cdn.shopify.com/s/files/1/0454/5845/6736/products/chumbada-jig-head-facetada-laranja-anzois-maiores-10-60.jpg?v=1645542517,kg,,,
chumbada-jig-head-facetada-laranja-anzois-maiores,,,,,,,,,7g,,,4/0,,,,,'40608080515494,7.0,,-20,continue,manual,3.09,,true,false,,,,,,,,,,,,,,,,,,,,,,,,,,,,https://cdn.shopify.com/s/files/1/0454/5845/6736/products/chumbada-jig-head-facetada-laranja-anzois-maiores-10-60.jpg?v=1645542517,kg,,,
chumbada-jig-head-facetada-laranja-anzois-maiores,,,,,,,,,7g,,,5/0,,,,,'40608080515638,7.0,,0,continue,manual,3.69,,true,false,,,,,,,,,,,,,,,,,,,,,,,,,,,,https://cdn.shopify.com/s/files/1/0454/5845/6736/products/chumbada-jig-head-facetada-laranja-anzois-maiores-10-60.jpg?v=1645542517,kg,,,
chumbada-jig-head-facetada-laranja-anzois-maiores,,,,,,,,,7g,,,6/0,,,,,'40608080515782,7.0,shopify,0,deny,manual,3.69,,true,false,,,,,,,,,,,,,,,,,,,,,,,,,,,,https://cdn.shopify.com/s/files/1/0454/5845/6736/products/chumbada-jig-head-facetada-laranja-anzois-maiores-10-60.jpg?v=1645542517,kg,,,
chumbada-jig-head-facetada-laranja-anzois-maiores,,,,,,,,,10g,,,1/0,,,,,'40608080515064,10.0,,-32,continue,manual,3.86,,true,false,,,,,,,,,,,,,,,,,,,,,,,,,,,,https://cdn.shopify.com/s/files/1/0454/5845/6736/products/chumbada-jig-head-facetada-laranja-anzois-maiores-10-60.jpg?v=1645542517,kg,,,
chumbada-jig-head-facetada-laranja-anzois-maiores,,,,,,,,,10g,,,2/0,,,,,'40608080515208,10.0,,0,deny,manual,3.86,,true,false,,,,,,,,,,,,,,,,,,,,,,,,,,,,https://cdn.shopify.com/s/files/1/0454/5845/6736/products/chumbada-jig-head-facetada-laranja-anzois-maiores-10-60.jpg?v=1645542517,kg,,,
chumbada-jig-head-facetada-laranja-anzois-maiores,,,,,,,,,10g,,,3/0,,,,,'40608080515352,10.0,,-31,continue,manual,3.86,,true,false,,,,,,,,,,,,,,,,,,,,,,,,,,,,https://cdn.shopify.com/s/files/1/0454/5845/6736/products/chumbada-jig-head-facetada-laranja-anzois-maiores-10-60.jpg?v=1645542517,kg,,,
chumbada-jig-head-facetada-laranja-anzois-maiores,,,,,,,,,10g,,,4/0,,,,,'40608080515496,10.0,,-20,continue,manual,3.95,,true,false,,,,,,,,,,,,,,,,,,,,,,,,,,,,https://cdn.shopify.com/s/files/1/0454/5845/6736/products/chumbada-jig-head-facetada-laranja-anzois-maiores-10-60.jpg?v=1645542517,kg,,,
chumbada-jig-head-facetada-laranja-anzois-maiores,,,,,,,,,10g,,,5/0,,,,,'40608080515640,10.0,,0,continue,manual,4.55,,true,false,,,,,,,,,,,,,,,,,,,,,,,,,,,,https://cdn.shopify.com/s/files/1/0454/5845/6736/products/chumbada-jig-head-facetada-laranja-anzois-maiores-10-60.jpg?v=1645542517,kg,,,
chumbada-jig-head-facetada-laranja-anzois-maiores,,,,,,,,,10g,,,6/0,,,,,'40608080515784,10.0,shopify,0,deny,manual,4.55,,true,false,,,,,,,,,,,,,,,,,,,,,,,,,,,,https://cdn.shopify.com/s/files/1/0454/5845/6736/products/chumbada-jig-head-facetada-laranja-anzois-maiores-10-60.jpg?v=1645542517,kg,,,
chumbada-jig-head-facetada-laranja-anzois-maiores,,,,,,,,,12g,,,1/0,,,,,'40608080515065,12.0,,-2,continue,manual,3.86,,true,false,,,,,,,,,,,,,,,,,,,,,,,,,,,,https://cdn.shopify.com/s/files/1/0454/5845/6736/products/chumbada-jig-head-facetada-laranja-anzois-maiores-10-60.jpg?v=1645542517,kg,,,
chumbada-jig-head-facetada-laranja-anzois-maiores,,,,,,,,,12g,,,2/0,,,,,'40608080515209,12.0,,0,deny,manual,3.86,,true,false,,,,,,,,,,,,,,,,,,,,,,,,,,,,https://cdn.shopify.com/s/files/1/0454/5845/6736/products/chumbada-jig-head-facetada-laranja-anzois-maiores-10-60.jpg?v=1645542517,kg,,,
chumbada-jig-head-facetada-laranja-anzois-maiores,,,,,,,,,12g,,,3/0,,,,,'40608080515353,12.0,,-27,continue,manual,3.86,,true,false,,,,,,,,,,,,,,,,,,,,,,,,,,,,https://cdn.shopify.com/s/files/1/0454/5845/6736/products/chumbada-jig-head-facetada-laranja-anzois-maiores-10-60.jpg?v=1645542517,kg,,,
chumbada-jig-head-facetada-laranja-anzois-maiores,,,,,,,,,12g,,,4/0,,,,,'40608080515497,12.0,,-22,continue,manual,3.95,,true,false,,,,,,,,,,,,,,,,,,,,,,,,,,,,https://cdn.shopify.com/s/files/1/0454/5845/6736/products/chumbada-jig-head-facetada-laranja-anzois-maiores-10-60.jpg?v=1645542517,kg,,,
chumbada-jig-head-facetada-laranja-anzois-maiores,,,,,,,,,12g,,,5/0,,,,,'40608080515641,12.0,,-10,continue,manual,4.55,,true,false,,,,,,,,,,,,,,,,,,,,,,,,,,,,https://cdn.shopify.com/s/files/1/0454/5845/6736/products/chumbada-jig-head-facetada-laranja-anzois-maiores-10-60.jpg?v=1645542517,kg,,,
chumbada-jig-head-facetada-laranja-anzois-maiores,,,,,,,,,12g,,,6/0,,,,,'40608080515785,12.0,shopify,0,deny,manual,4.55,,true,false,,,,,,,,,,,,,,,,,,,,,,,,,,,,https://cdn.shopify.com/s/files/1/0454/5845/6736/products/chumbada-jig-head-facetada-laranja-anzois-maiores-10-60.jpg?v=1645542517,kg,,,
chumbada-jig-head-facetada-laranja-anzois-maiores,,,,,,,,,15g,,,1/0,,,,,'40608080515067,15.0,,0,continue,manual,3.86,,true,false,,,,,,,,,,,,,,,,,,,,,,,,,,,,https://cdn.shopify.com/s/files/1/0454/5845/6736/products/chumbada-jig-head-facetada-laranja-anzois-maiores-10-60.jpg?v=1645542517,kg,,,
chumbada-jig-head-facetada-laranja-anzois-maiores,,,,,,,,,15g,,,2/0,,,,,'40608080515211,15.0,,0,deny,manual,3.86,,true,false,,,,,,,,,,,,,,,,,,,,,,,,,,,,https://cdn.shopify.com/s/files/1/0454/5845/6736/products/chumbada-jig-head-facetada-laranja-anzois-maiores-10-60.jpg?v=1645542517,kg,,,
chumbada-jig-head-facetada-laranja-anzois-maiores,,,,,,,,,15g,,,3/0,,,,,'40608080515355,15.0,,-20,continue,manual,3.86,,true,false,,,,,,,,,,,,,,,,,,,,,,,,,,,,https://cdn.shopify.com/s/files/1/0454/5845/6736/products/chumbada-jig-head-facetada-laranja-anzois-maiores-10-60.jpg?v=1645542517,kg,,,
chumbada-jig-head-facetada-laranja-anzois-maiores,,,,,,,,,15g,,,4/0,,,,,'40608080515499,15.0,,-20,continue,manual,3.95,,true,false,,,,,,,,,,,,,,,,,,,,,,,,,,,,https://cdn.shopify.com/s/files/1/0454/5845/6736/products/chumbada-jig-head-facetada-laranja-anzois-maiores-10-60.jpg?v=1645542517,kg,,,
chumbada-jig-head-facetada-laranja-anzois-maiores,,,,,,,,,15g,,,5/0,,,,,'40608080515643,15.0,,0,continue,manual,4.55,,true,false,,,,,,,,,,,,,,,,,,,,,,,,,,,,https://cdn.shopify.com/s/files/1/0454/5845/6736/products/chumbada-jig-head-facetada-laranja-anzois-maiores-10-60.jpg?v=1645542517,kg,,,
chumbada-jig-head-facetada-laranja-anzois-maiores,,,,,,,,,15g,,,6/0,,,,,'40608080515787,15.0,shopify,0,deny,manual,4.55,,true,false,,,,,,,,,,,,,,,,,,,,,,,,,,,,https://cdn.shopify.com/s/files/1/0454/5845/6736/products/chumbada-jig-head-facetada-laranja-anzois-maiores-10-60.jpg?v=1645542517,kg,,,
chumbada-jig-head-facetada-laranja-anzois-maiores,,,,,,,,,17g,,,1/0,,,,,'40608080515068,17.0,,0,continue,manual,3.86,,true,false,,,,,,,,,,,,,,,,,,,,,,,,,,,,https://cdn.shopify.com/s/files/1/0454/5845/6736/products/chumbada-jig-head-facetada-laranja-anzois-maiores-10-60.jpg?v=1645542517,kg,,,
chumbada-jig-head-facetada-laranja-anzois-maiores,,,,,,,,,17g,,,2/0,,,,,'40608080515212,17.0,,0,deny,manual,3.86,,true,false,,,,,,,,,,,,,,,,,,,,,,,,,,,,https://cdn.shopify.com/s/files/1/0454/5845/6736/products/chumbada-jig-head-facetada-laranja-anzois-maiores-10-60.jpg?v=1645542517,kg,,,
chumbada-jig-head-facetada-laranja-anzois-maiores,,,,,,,,,17g,,,3/0,,,,,'40608080515356,17.0,,0,continue,manual,3.86,,true,false,,,,,,,,,,,,,,,,,,,,,,,,,,,,https://cdn.shopify.com/s/files/1/0454/5845/6736/products/chumbada-jig-head-facetada-laranja-anzois-maiores-10-60.jpg?v=1645542517,kg,,,
chumbada-jig-head-facetada-laranja-anzois-maiores,,,,,,,,,17g,,,4/0,,,,,'40608080515500,17.0,,-10,continue,manual,3.95,,true,false,,,,,,,,,,,,,,,,,,,,,,,,,,,,https://cdn.shopify.com/s/files/1/0454/5845/6736/products/chumbada-jig-head-facetada-laranja-anzois-maiores-10-60.jpg?v=1645542517,kg,,,
chumbada-jig-head-facetada-laranja-anzois-maiores,,,,,,,,,17g,,,5/0,,,,,'40608080515644,17.0,,0,continue,manual,4.55,,true,false,,,,,,,,,,,,,,,,,,,,,,,,,,,,https://cdn.shopify.com/s/files/1/0454/5845/6736/products/chumbada-jig-head-facetada-laranja-anzois-maiores-10-60.jpg?v=1645542517,kg,,,
chumbada-jig-head-facetada-laranja-anzois-maiores,,,,,,,,,17g,,,6/0,,,,,'40608080515788,17.0,shopify,0,deny,manual,4.55,,true,false,,,,,,,,,,,,,,,,,,,,,,,,,,,,https://cdn.shopify.com/s/files/1/0454/5845/6736/products/chumbada-jig-head-facetada-laranja-anzois-maiores-10-60.jpg?v=1645542517,kg,,,
chumbada-jig-head-facetada-laranja-anzois-maiores,,,,,,,,,20g,,,1/0,,,,,'40608080515069,20.0,,0,continue,manual,4.37,,true,false,,,,,,,,,,,,,,,,,,,,,,,,,,,,https://cdn.shopify.com/s/files/1/0454/5845/6736/products/chumbada-jig-head-facetada-laranja-anzois-maiores-10-60.jpg?v=1645542517,kg,,,
chumbada-jig-head-facetada-laranja-anzois-maiores,,,,,,,,,20g,,,2/0,,,,,'40608080515213,20.0,,0,deny,manual,4.37,,true,false,,,,,,,,,,,,,,,,,,,,,,,,,,,,https://cdn.shopify.com/s/files/1/0454/5845/6736/products/chumbada-jig-head-facetada-laranja-anzois-maiores-10-60.jpg?v=1645542517,kg,,,
chumbada-jig-head-facetada-laranja-anzois-maiores,,,,,,,,,20g,,,3/0,,,,,'40608080515357,20.0,,0,continue,manual,4.37,,true,false,,,,,,,,,,,,,,,,,,,,,,,,,,,,https://cdn.shopify.com/s/files/1/0454/5845/6736/products/chumbada-jig-head-facetada-laranja-anzois-maiores-10-60.jpg?v=1645542517,kg,,,
chumbada-jig-head-facetada-laranja-anzois-maiores,,,,,,,,,20g,,,4/0,,,,,'40608080515501,20.0,,0,continue,manual,4.46,,true,false,,,,,,,,,,,,,,,,,,,,,,,,,,,,https://cdn.shopify.com/s/files/1/0454/5845/6736/products/chumbada-jig-head-facetada-laranja-anzois-maiores-10-60.jpg?v=1645542517,kg,,,
chumbada-jig-head-facetada-laranja-anzois-maiores,,,,,,,,,20g,,,5/0,,,,,'40608080515645,20.0,,-10,continue,manual,5.06,,true,false,,,,,,,,,,,,,,,,,,,,,,,,,,,,https://cdn.shopify.com/s/files/1/0454/5845/6736/products/chumbada-jig-head-facetada-laranja-anzois-maiores-10-60.jpg?v=1645542517,kg,,,
chumbada-jig-head-facetada-laranja-anzois-maiores,,,,,,,,,20g,,,6/0,,,,,'40608080515789,20.0,shopify,0,deny,manual,5.06,,true,false,,,,,,,,,,,,,,,,,,,,,,,,,,,,https://cdn.shopify.com/s/files/1/0454/5845/6736/products/chumbada-jig-head-facetada-laranja-anzois-maiores-10-60.jpg?v=1645542517,kg,,,
chumbada-jig-head-facetada-preta-anzois-maiores,Anzol Jig Head 90° Facetada Preta Anzóis Maiores (1/0 - 6/0),<p>Chumbada Jig Head Facetada</p>,Chumbada Oficial,,"","90 graus, Jig Head, jig head facetada, Jig Head Facetada Maior",true,Peso,5g,,Tamanho do Anzol,1/0,,,,,'40608080215012,5.0,,-10,continue,manual,3.00,,true,false,,,,,,https://cdn.shopify.com/s/files/1/0454/5845/6736/products/chumbada-jig-head-facetada-preta-anzois-maiores-10-60.jpg?v=1645542538,1,Chumbada Jig Head Facetada Preta Anzóis Maiores (1/0 - 6/0),false,,,,,,,,,,,,,,,,,,,https://cdn.shopify.com/s/files/1/0454/5845/6736/products/chumbada-jig-head-facetada-preta-anzois-maiores-10-60.jpg?v=1645542538,kg,,,active
chumbada-jig-head-facetada-preta-anzois-maiores,,,,,,,,,5g,,,2/0,,,,,'40608080215156,5.0,,0,deny,manual,3.00,,true,false,,,,,,https://cdn.shopify.com/s/files/1/0454/5845/6736/products/chumbada-jig-head-facetada-preta-anzois-maiores-10-60-2.jpg?v=1645542542,2,Chumbada Jig Head Facetada Preta Anzóis Maiores (1/0 - 6/0),,,,,,,,,,,,,,,,,,,,https://cdn.shopify.com/s/files/1/0454/5845/6736/products/chumbada-jig-head-facetada-preta-anzois-maiores-10-60.jpg?v=1645542538,kg,,,
chumbada-jig-head-facetada-preta-anzois-maiores,,,,,,,,,5g,,,3/0,,,,,'40608080215300,5.0,,-5,continue,manual,3.00,,true,false,,,,,,https://cdn.shopify.com/s/files/1/0454/5845/6736/products/chumbada-jig-head-facetada-preta-anzois-maiores-10-60-3.jpg?v=1645542545,3,Chumbada Jig Head Facetada Preta Anzóis Maiores (1/0 - 6/0),,,,,,,,,,,,,,,,,,,,https://cdn.shopify.com/s/files/1/0454/5845/6736/products/chumbada-jig-head-facetada-preta-anzois-maiores-10-60.jpg?v=1645542538,kg,,,
chumbada-jig-head-facetada-preta-anzois-maiores,,,,,,,,,5g,,,4/0,,,,,'40608080215444,5.0,,0,continue,manual,3.09,,true,false,,,,,,https://cdn.shopify.com/s/files/1/0454/5845/6736/products/chumbada-jig-head-facetada-preta-anzois-maiores-10-60-4.jpg?v=1645542547,4,Chumbada Jig Head Facetada Preta Anzóis Maiores (1/0 - 6/0),,,,,,,,,,,,,,,,,,,,https://cdn.shopify.com/s/files/1/0454/5845/6736/products/chumbada-jig-head-facetada-preta-anzois-maiores-10-60.jpg?v=1645542538,kg,,,
chumbada-jig-head-facetada-preta-anzois-maiores,,,,,,,,,5g,,,5/0,,,,,'40608080215588,5.0,,0,continue,manual,3.69,,true,false,,,,,,https://cdn.shopify.com/s/files/1/0454/5845/6736/products/chumbada-jig-head-facetada-preta-anzois-maiores-10-60-5.jpg?v=1645542549,5,Chumbada Jig Head Facetada Preta Anzóis Maiores (1/0 - 6/0),,,,,,,,,,,,,,,,,,,,https://cdn.shopify.com/s/files/1/0454/5845/6736/products/chumbada-jig-head-facetada-preta-anzois-maiores-10-60.jpg?v=1645542538,kg,,,
chumbada-jig-head-facetada-preta-anzois-maiores,,,,,,,,,5g,,,6/0,,,,,'40608080215732,5.0,shopify,0,deny,manual,3.69,,true,false,,,,,,https://cdn.shopify.com/s/files/1/0454/5845/6736/products/chumbada-jig-head-facetada-preta-anzois-maiores-10-60-6.jpg?v=1645542551,6,Chumbada Jig Head Facetada Preta Anzóis Maiores (1/0 - 6/0),,,,,,,,,,,,,,,,,,,,https://cdn.shopify.com/s/files/1/0454/5845/6736/products/chumbada-jig-head-facetada-preta-anzois-maiores-10-60.jpg?v=1645542538,kg,,,
chumbada-jig-head-facetada-preta-anzois-maiores,,,,,,,,,7g,,,1/0,,,,,'40608080215014,7.0,,0,continue,manual,3.00,,true,false,,,,,,,,,,,,,,,,,,,,,,,,,,,,https://cdn.shopify.com/s/files/1/0454/5845/6736/products/chumbada-jig-head-facetada-preta-anzois-maiores-10-60.jpg?v=1645542538,kg,,,
chumbada-jig-head-facetada-preta-anzois-maiores,,,,,,,,,7g,,,2/0,,,,,'40608080215158,7.0,,0,deny,manual,3.00,,true,false,,,,,,,,,,,,,,,,,,,,,,,,,,,,https://cdn.shopify.com/s/files/1/0454/5845/6736/products/chumbada-jig-head-facetada-preta-anzois-maiores-10-60.jpg?v=1645542538,kg,,,
chumbada-jig-head-facetada-preta-anzois-maiores,,,,,,,,,7g,,,3/0,,,,,'40608080215302,7.0,,-50,continue,manual,3.00,,true,false,,,,,,,,,,,,,,,,,,,,,,,,,,,,https://cdn.shopify.com/s/files/1/0454/5845/6736/products/chumbada-jig-head-facetada-preta-anzois-maiores-10-60.jpg?v=1645542538,kg,,,
chumbada-jig-head-facetada-preta-anzois-maiores,,,,,,,,,7g,,,4/0,,,,,'40608080215446,7.0,,-10,continue,manual,3.09,,true,false,,,,,,,,,,,,,,,,,,,,,,,,,,,,https://cdn.shopify.com/s/files/1/0454/5845/6736/products/chumbada-jig-head-facetada-preta-anzois-maiores-10-60.jpg?v=1645542538,kg,,,
chumbada-jig-head-facetada-preta-anzois-maiores,,,,,,,,,7g,,,5/0,,,,,'40608080215590,7.0,,0,continue,manual,3.69,,true,false,,,,,,,,,,,,,,,,,,,,,,,,,,,,https://cdn.shopify.com/s/files/1/0454/5845/6736/products/chumbada-jig-head-facetada-preta-anzois-maiores-10-60.jpg?v=1645542538,kg,,,
chumbada-jig-head-facetada-preta-anzois-maiores,,,,,,,,,7g,,,6/0,,,,,'40608080215734,7.0,shopify,0,deny,manual,3.69,,true,false,,,,,,,,,,,,,,,,,,,,,,,,,,,,https://cdn.shopify.com/s/files/1/0454/5845/6736/products/chumbada-jig-head-facetada-preta-anzois-maiores-10-60.jpg?v=1645542538,kg,,,
chumbada-jig-head-facetada-preta-anzois-maiores,,,,,,,,,10g,,,1/0,,,,,'40608080215016,10.0,,0,continue,manual,3.86,,true,false,,,,,,,,,,,,,,,,,,,,,,,,,,,,https://cdn.shopify.com/s/files/1/0454/5845/6736/products/chumbada-jig-head-facetada-preta-anzois-maiores-10-60.jpg?v=1645542538,kg,,,
chumbada-jig-head-facetada-preta-anzois-maiores,,,,,,,,,10g,,,2/0,,,,,'40608080215160,10.0,,0,deny,manual,3.86,,true,false,,,,,,,,,,,,,,,,,,,,,,,,,,,,https://cdn.shopify.com/s/files/1/0454/5845/6736/products/chumbada-jig-head-facetada-preta-anzois-maiores-10-60.jpg?v=1645542538,kg,,,
chumbada-jig-head-facetada-preta-anzois-maiores,,,,,,,,,10g,,,3/0,,,,,'40608080215304,10.0,,0,continue,manual,3.86,,true,false,,,,,,,,,,,,,,,,,,,,,,,,,,,,https://cdn.shopify.com/s/files/1/0454/5845/6736/products/chumbada-jig-head-facetada-preta-anzois-maiores-10-60.jpg?v=1645542538,kg,,,
chumbada-jig-head-facetada-preta-anzois-maiores,,,,,,,,,10g,,,4/0,,,,,'40608080215448,10.0,,-15,continue,manual,3.95,,true,false,,,,,,,,,,,,,,,,,,,,,,,,,,,,https://cdn.shopify.com/s/files/1/0454/5845/6736/products/chumbada-jig-head-facetada-preta-anzois-maiores-10-60.jpg?v=1645542538,kg,,,
chumbada-jig-head-facetada-preta-anzois-maiores,,,,,,,,,10g,,,5/0,,,,,'40608080215592,10.0,,0,continue,manual,4.55,,true,false,,,,,,,,,,,,,,,,,,,,,,,,,,,,https://cdn.shopify.com/s/files/1/0454/5845/6736/products/chumbada-jig-head-facetada-preta-anzois-maiores-10-60.jpg?v=1645542538,kg,,,
chumbada-jig-head-facetada-preta-anzois-maiores,,,,,,,,,10g,,,6/0,,,,,'40608080215736,10.0,shopify,0,deny,manual,4.55,,true,false,,,,,,,,,,,,,,,,,,,,,,,,,,,,https://cdn.shopify.com/s/files/1/0454/5845/6736/products/chumbada-jig-head-facetada-preta-anzois-maiores-10-60.jpg?v=1645542538,kg,,,
chumbada-jig-head-facetada-preta-anzois-maiores,,,,,,,,,12g,,,1/0,,,,,'40608080215017,12.0,,0,continue,manual,3.86,,true,false,,,,,,,,,,,,,,,,,,,,,,,,,,,,https://cdn.shopify.com/s/files/1/0454/5845/6736/products/chumbada-jig-head-facetada-preta-anzois-maiores-10-60.jpg?v=1645542538,kg,,,
chumbada-jig-head-facetada-preta-anzois-maiores,,,,,,,,,12g,,,2/0,,,,,'40608080215161,12.0,,0,deny,manual,3.86,,true,false,,,,,,,,,,,,,,,,,,,,,,,,,,,,https://cdn.shopify.com/s/files/1/0454/5845/6736/products/chumbada-jig-head-facetada-preta-anzois-maiores-10-60.jpg?v=1645542538,kg,,,
chumbada-jig-head-facetada-preta-anzois-maiores,,,,,,,,,12g,,,3/0,,,,,'40608080215305,12.0,,-20,continue,manual,3.86,,true,false,,,,,,,,,,,,,,,,,,,,,,,,,,,,https://cdn.shopify.com/s/files/1/0454/5845/6736/products/chumbada-jig-head-facetada-preta-anzois-maiores-10-60.jpg?v=1645542538,kg,,,
chumbada-jig-head-facetada-preta-anzois-maiores,,,,,,,,,12g,,,4/0,,,,,'40608080215449,12.0,,-10,continue,manual,3.95,,true,false,,,,,,,,,,,,,,,,,,,,,,,,,,,,https://cdn.shopify.com/s/files/1/0454/5845/6736/products/chumbada-jig-head-facetada-preta-anzois-maiores-10-60.jpg?v=1645542538,kg,,,
chumbada-jig-head-facetada-preta-anzois-maiores,,,,,,,,,12g,,,5/0,,,,,'40608080215593,12.0,,-5,continue,manual,4.55,,true,false,,,,,,,,,,,,,,,,,,,,,,,,,,,,https://cdn.shopify.com/s/files/1/0454/5845/6736/products/chumbada-jig-head-facetada-preta-anzois-maiores-10-60.jpg?v=1645542538,kg,,,
chumbada-jig-head-facetada-preta-anzois-maiores,,,,,,,,,12g,,,6/0,,,,,'40608080215737,12.0,shopify,0,deny,manual,4.55,,true,false,,,,,,,,,,,,,,,,,,,,,,,,,,,,https://cdn.shopify.com/s/files/1/0454/5845/6736/products/chumbada-jig-head-facetada-preta-anzois-maiores-10-60.jpg?v=1645542538,kg,,,
chumbada-jig-head-facetada-preta-anzois-maiores,,,,,,,,,15g,,,1/0,,,,,'40608080215019,15.0,,0,continue,manual,3.86,,true,false,,,,,,,,,,,,,,,,,,,,,,,,,,,,https://cdn.shopify.com/s/files/1/0454/5845/6736/products/chumbada-jig-head-facetada-preta-anzois-maiores-10-60.jpg?v=1645542538,kg,,,
chumbada-jig-head-facetada-preta-anzois-maiores,,,,,,,,,15g,,,2/0,,,,,'40608080215163,15.0,,0,deny,manual,3.86,,true,false,,,,,,,,,,,,,,,,,,,,,,,,,,,,https://cdn.shopify.com/s/files/1/0454/5845/6736/products/chumbada-jig-head-facetada-preta-anzois-maiores-10-60.jpg?v=1645542538,kg,,,
chumbada-jig-head-facetada-preta-anzois-maiores,,,,,,,,,15g,,,3/0,,,,,'40608080215307,15.0,,0,continue,manual,3.86,,true,false,,,,,,,,,,,,,,,,,,,,,,,,,,,,https://cdn.shopify.com/s/files/1/0454/5845/6736/products/chumbada-jig-head-facetada-preta-anzois-maiores-10-60.jpg?v=1645542538,kg,,,
chumbada-jig-head-facetada-preta-anzois-maiores,,,,,,,,,15g,,,4/0,,,,,'40608080215451,15.0,,0,continue,manual,3.95,,true,false,,,,,,,,,,,,,,,,,,,,,,,,,,,,https://cdn.shopify.com/s/files/1/0454/5845/6736/products/chumbada-jig-head-facetada-preta-anzois-maiores-10-60.jpg?v=1645542538,kg,,,
chumbada-jig-head-facetada-preta-anzois-maiores,,,,,,,,,15g,,,5/0,,,,,'40608080215595,15.0,,0,continue,manual,4.55,,true,false,,,,,,,,,,,,,,,,,,,,,,,,,,,,https://cdn.shopify.com/s/files/1/0454/5845/6736/products/chumbada-jig-head-facetada-preta-anzois-maiores-10-60.jpg?v=1645542538,kg,,,
chumbada-jig-head-facetada-preta-anzois-maiores,,,,,,,,,15g,,,6/0,,,,,'40608080215739,15.0,shopify,0,deny,manual,4.55,,true,false,,,,,,,,,,,,,,,,,,,,,,,,,,,,https://cdn.shopify.com/s/files/1/0454/5845/6736/products/chumbada-jig-head-facetada-preta-anzois-maiores-10-60.jpg?v=1645542538,kg,,,
chumbada-jig-head-facetada-preta-anzois-maiores,,,,,,,,,17g,,,1/0,,,,,'40608080215020,17.0,,0,continue,manual,3.86,,true,false,,,,,,,,,,,,,,,,,,,,,,,,,,,,https://cdn.shopify.com/s/files/1/0454/5845/6736/products/chumbada-jig-head-facetada-preta-anzois-maiores-10-60.jpg?v=1645542538,kg,,,
chumbada-jig-head-facetada-preta-anzois-maiores,,,,,,,,,17g,,,2/0,,,,,'40608080215164,17.0,,0,deny,manual,3.86,,true,false,,,,,,,,,,,,,,,,,,,,,,,,,,,,https://cdn.shopify.com/s/files/1/0454/5845/6736/products/chumbada-jig-head-facetada-preta-anzois-maiores-10-60.jpg?v=1645542538,kg,,,
chumbada-jig-head-facetada-preta-anzois-maiores,,,,,,,,,17g,,,3/0,,,,,'40608080215308,17.0,,0,continue,manual,3.86,,true,false,,,,,,,,,,,,,,,,,,,,,,,,,,,,https://cdn.shopify.com/s/files/1/0454/5845/6736/products/chumbada-jig-head-facetada-preta-anzois-maiores-10-60.jpg?v=1645542538,kg,,,
chumbada-jig-head-facetada-preta-anzois-maiores,,,,,,,,,17g,,,4/0,,,,,'40608080215452,17.0,,0,continue,manual,3.95,,true,false,,,,,,,,,,,,,,,,,,,,,,,,,,,,https://cdn.shopify.com/s/files/1/0454/5845/6736/products/chumbada-jig-head-facetada-preta-anzois-maiores-10-60.jpg?v=1645542538,kg,,,
chumbada-jig-head-facetada-preta-anzois-maiores,,,,,,,,,17g,,,5/0,,,,,'40608080215596,17.0,,0,continue,manual,4.55,,true,false,,,,,,,,,,,,,,,,,,,,,,,,,,,,https://cdn.shopify.com/s/files/1/0454/5845/6736/products/chumbada-jig-head-facetada-preta-anzois-maiores-10-60.jpg?v=1645542538,kg,,,
chumbada-jig-head-facetada-preta-anzois-maiores,,,,,,,,,17g,,,6/0,,,,,'40608080215740,17.0,shopify,0,deny,manual,4.55,,true,false,,,,,,,,,,,,,,,,,,,,,,,,,,,,https://cdn.shopify.com/s/files/1/0454/5845/6736/products/chumbada-jig-head-facetada-preta-anzois-maiores-10-60.jpg?v=1645542538,kg,,,
chumbada-jig-head-facetada-preta-anzois-maiores,,,,,,,,,20g,,,1/0,,,,,'40608080215021,20.0,,0,continue,manual,4.37,,true,false,,,,,,,,,,,,,,,,,,,,,,,,,,,,https://cdn.shopify.com/s/files/1/0454/5845/6736/products/chumbada-jig-head-facetada-preta-anzois-maiores-10-60.jpg?v=1645542538,kg,,,
chumbada-jig-head-facetada-preta-anzois-maiores,,,,,,,,,20g,,,2/0,,,,,'40608080215165,20.0,,0,deny,manual,4.37,,true,false,,,,,,,,,,,,,,,,,,,,,,,,,,,,https://cdn.shopify.com/s/files/1/0454/5845/6736/products/chumbada-jig-head-facetada-preta-anzois-maiores-10-60.jpg?v=1645542538,kg,,,
chumbada-jig-head-facetada-preta-anzois-maiores,,,,,,,,,20g,,,3/0,,,,,'40608080215309,20.0,,0,continue,manual,4.37,,true,false,,,,,,,,,,,,,,,,,,,,,,,,,,,,https://cdn.shopify.com/s/files/1/0454/5845/6736/products/chumbada-jig-head-facetada-preta-anzois-maiores-10-60.jpg?v=1645542538,kg,,,
chumbada-jig-head-facetada-preta-anzois-maiores,,,,,,,,,20g,,,4/0,,,,,'40608080215453,20.0,,0,continue,manual,4.46,,true,false,,,,,,,,,,,,,,,,,,,,,,,,,,,,https://cdn.shopify.com/s/files/1/0454/5845/6736/products/chumbada-jig-head-facetada-preta-anzois-maiores-10-60.jpg?v=1645542538,kg,,,
chumbada-jig-head-facetada-preta-anzois-maiores,,,,,,,,,20g,,,5/0,,,,,'40608080215597,20.0,,0,continue,manual,5.06,,true,false,,,,,,,,,,,,,,,,,,,,,,,,,,,,https://cdn.shopify.com/s/files/1/0454/5845/6736/products/chumbada-jig-head-facetada-preta-anzois-maiores-10-60.jpg?v=1645542538,kg,,,
chumbada-jig-head-facetada-preta-anzois-maiores,,,,,,,,,20g,,,6/0,,,,,'40608080215741,20.0,shopify,0,deny,manual,5.06,,true,false,,,,,,,,,,,,,,,,,,,,,,,,,,,,https://cdn.shopify.com/s/files/1/0454/5845/6736/products/chumbada-jig-head-facetada-preta-anzois-maiores-10-60.jpg?v=1645542538,kg,,,
chumbada-jig-head-facetada-vermelha-anzois-maiores,Anzol Jig Head 90° Facetada Vermelha Anzóis Maiores (1/0 - 6/0),<p>Chumbada Jig Head Facetada</p>,Chumbada Oficial,Sem categoria,"","90 graus, Jig Head, jig head facetada, Jig Head Facetada Maior",true,Peso,5g,,Tamanho do Anzol,1/0,,,,,'40608080415044,5.0,,-20,continue,manual,3.00,,true,false,,,,,,https://cdn.shopify.com/s/files/1/0454/5845/6736/products/chumbada-jig-head-facetada-vermelha-anzois-maiores-10-60.jpg?v=1645542592,1,Chumbada Jig Head Facetada Vermelha Anzóis Maiores (1/0 - 6/0),false,,,,,,,,,,,,,,,,,,,https://cdn.shopify.com/s/files/1/0454/5845/6736/products/chumbada-jig-head-facetada-vermelha-anzois-maiores-10-60.jpg?v=1645542592,kg,,,active
chumbada-jig-head-facetada-vermelha-anzois-maiores,,,,,,,,,5g,,,2/0,,,,,'40608080415188,5.0,,0,deny,manual,3.00,,true,false,,,,,,https://cdn.shopify.com/s/files/1/0454/5845/6736/products/chumbada-jig-head-facetada-vermelha-anzois-maiores-10-60-2.jpg?v=1645542596,2,Chumbada Jig Head Facetada Vermelha Anzóis Maiores (1/0 - 6/0),,,,,,,,,,,,,,,,,,,,https://cdn.shopify.com/s/files/1/0454/5845/6736/products/chumbada-jig-head-facetada-vermelha-anzois-maiores-10-60.jpg?v=1645542592,kg,,,
chumbada-jig-head-facetada-vermelha-anzois-maiores,,,,,,,,,5g,,,3/0,,,,,'40608080415332,5.0,,-30,continue,manual,3.00,,true,false,,,,,,https://cdn.shopify.com/s/files/1/0454/5845/6736/products/chumbada-jig-head-facetada-vermelha-anzois-maiores-10-60-3.jpg?v=1645542599,3,Chumbada Jig Head Facetada Vermelha Anzóis Maiores (1/0 - 6/0),,,,,,,,,,,,,,,,,,,,https://cdn.shopify.com/s/files/1/0454/5845/6736/products/chumbada-jig-head-facetada-vermelha-anzois-maiores-10-60.jpg?v=1645542592,kg,,,
chumbada-jig-head-facetada-vermelha-anzois-maiores,,,,,,,,,5g,,,4/0,,,,,'40608080415476,5.0,,-10,continue,manual,3.09,,true,false,,,,,,https://cdn.shopify.com/s/files/1/0454/5845/6736/products/chumbada-jig-head-facetada-vermelha-anzois-maiores-10-60-4.jpg?v=1645542602,4,Chumbada Jig Head Facetada Vermelha Anzóis Maiores (1/0 - 6/0),,,,,,,,,,,,,,,,,,,,https://cdn.shopify.com/s/files/1/0454/5845/6736/products/chumbada-jig-head-facetada-vermelha-anzois-maiores-10-60.jpg?v=1645542592,kg,,,
chumbada-jig-head-facetada-vermelha-anzois-maiores,,,,,,,,,5g,,,5/0,,,,,'40608080415620,5.0,,0,continue,manual,3.69,,true,false,,,,,,https://cdn.shopify.com/s/files/1/0454/5845/6736/products/chumbada-jig-head-facetada-vermelha-anzois-maiores-10-60-5.jpg?v=1645542604,5,Chumbada Jig Head Facetada Vermelha Anzóis Maiores (1/0 - 6/0),,,,,,,,,,,,,,,,,,,,https://cdn.shopify.com/s/files/1/0454/5845/6736/products/chumbada-jig-head-facetada-vermelha-anzois-maiores-10-60.jpg?v=1645542592,kg,,,
chumbada-jig-head-facetada-vermelha-anzois-maiores,,,,,,,,,5g,,,6/0,,,,,'40608080415764,5.0,shopify,0,deny,manual,3.69,,true,false,,,,,,https://cdn.shopify.com/s/files/1/0454/5845/6736/products/chumbada-jig-head-facetada-vermelha-anzois-maiores-10-60-6.jpg?v=1645542607,6,Chumbada Jig Head Facetada Vermelha Anzóis Maiores (1/0 - 6/0),,,,,,,,,,,,,,,,,,,,https://cdn.shopify.com/s/files/1/0454/5845/6736/products/chumbada-jig-head-facetada-vermelha-anzois-maiores-10-60.jpg?v=1645542592,kg,,,
chumbada-jig-head-facetada-vermelha-anzois-maiores,,,,,,,,,7g,,,1/0,,,,,'40608080415046,7.0,,0,continue,manual,3.00,,true,false,,,,,,,,,,,,,,,,,,,,,,,,,,,,https://cdn.shopify.com/s/files/1/0454/5845/6736/products/chumbada-jig-head-facetada-vermelha-anzois-maiores-10-60.jpg?v=1645542592,kg,,,
chumbada-jig-head-facetada-vermelha-anzois-maiores,,,,,,,,,7g,,,2/0,,,,,'40608080415190,7.0,,0,deny,manual,3.00,,true,false,,,,,,,,,,,,,,,,,,,,,,,,,,,,https://cdn.shopify.com/s/files/1/0454/5845/6736/products/chumbada-jig-head-facetada-vermelha-anzois-maiores-10-60.jpg?v=1645542592,kg,,,
chumbada-jig-head-facetada-vermelha-anzois-maiores,,,,,,,,,7g,,,3/0,,,,,'40608080415334,7.0,,-50,continue,manual,3.00,,true,false,,,,,,,,,,,,,,,,,,,,,,,,,,,,https://cdn.shopify.com/s/files/1/0454/5845/6736/products/chumbada-jig-head-facetada-vermelha-anzois-maiores-10-60.jpg?v=1645542592,kg,,,
chumbada-jig-head-facetada-vermelha-anzois-maiores,,,,,,,,,7g,,,4/0,,,,,'40608080415478,7.0,,-30,continue,manual,3.09,,true,false,,,,,,,,,,,,,,,,,,,,,,,,,,,,https://cdn.shopify.com/s/files/1/0454/5845/6736/products/chumbada-jig-head-facetada-vermelha-anzois-maiores-10-60.jpg?v=1645542592,kg,,,
chumbada-jig-head-facetada-vermelha-anzois-maiores,,,,,,,,,7g,,,5/0,,,,,'40608080415622,7.0,,-20,continue,manual,3.69,,true,false,,,,,,,,,,,,,,,,,,,,,,,,,,,,https://cdn.shopify.com/s/files/1/0454/5845/6736/products/chumbada-jig-head-facetada-vermelha-anzois-maiores-10-60.jpg?v=1645542592,kg,,,
chumbada-jig-head-facetada-vermelha-anzois-maiores,,,,,,,,,7g,,,6/0,,,,,'40608080415766,7.0,shopify,0,deny,manual,3.69,,true,false,,,,,,,,,,,,,,,,,,,,,,,,,,,,https://cdn.shopify.com/s/files/1/0454/5845/6736/products/chumbada-jig-head-facetada-vermelha-anzois-maiores-10-60.jpg?v=1645542592,kg,,,
chumbada-jig-head-facetada-vermelha-anzois-maiores,,,,,,,,,10g,,,1/0,,,,,'40608080415048,10.0,,0,continue,manual,3.86,,true,false,,,,,,,,,,,,,,,,,,,,,,,,,,,,https://cdn.shopify.com/s/files/1/0454/5845/6736/products/chumbada-jig-head-facetada-vermelha-anzois-maiores-10-60.jpg?v=1645542592,kg,,,
chumbada-jig-head-facetada-vermelha-anzois-maiores,,,,,,,,,10g,,,2/0,,,,,'40608080415192,10.0,,0,deny,manual,3.86,,true,false,,,,,,,,,,,,,,,,,,,,,,,,,,,,https://cdn.shopify.com/s/files/1/0454/5845/6736/products/chumbada-jig-head-facetada-vermelha-anzois-maiores-10-60.jpg?v=1645542592,kg,,,
chumbada-jig-head-facetada-vermelha-anzois-maiores,,,,,,,,,10g,,,3/0,,,,,'40608080415336,10.0,,-20,continue,manual,3.86,,true,false,,,,,,,,,,,,,,,,,,,,,,,,,,,,https://cdn.shopify.com/s/files/1/0454/5845/6736/products/chumbada-jig-head-facetada-vermelha-anzois-maiores-10-60.jpg?v=1645542592,kg,,,
chumbada-jig-head-facetada-vermelha-anzois-maiores,,,,,,,,,10g,,,4/0,,,,,'40608080415480,10.0,,-30,continue,manual,3.95,,true,false,,,,,,,,,,,,,,,,,,,,,,,,,,,,https://cdn.shopify.com/s/files/1/0454/5845/6736/products/chumbada-jig-head-facetada-vermelha-anzois-maiores-10-60.jpg?v=1645542592,kg,,,
chumbada-jig-head-facetada-vermelha-anzois-maiores,,,,,,,,,10g,,,5/0,,,,,'40608080415624,10.0,,-20,continue,manual,4.55,,true,false,,,,,,,,,,,,,,,,,,,,,,,,,,,,https://cdn.shopify.com/s/files/1/0454/5845/6736/products/chumbada-jig-head-facetada-vermelha-anzois-maiores-10-60.jpg?v=1645542592,kg,,,
chumbada-jig-head-facetada-vermelha-anzois-maiores,,,,,,,,,10g,,,6/0,,,,,'40608080415768,10.0,shopify,0,deny,manual,4.55,,true,false,,,,,,,,,,,,,,,,,,,,,,,,,,,,https://cdn.shopify.com/s/files/1/0454/5845/6736/products/chumbada-jig-head-facetada-vermelha-anzois-maiores-10-60.jpg?v=1645542592,kg,,,
chumbada-jig-head-facetada-vermelha-anzois-maiores,,,,,,,,,12g,,,1/0,,,,,'40608080415049,12.0,,0,continue,manual,3.86,,true,false,,,,,,,,,,,,,,,,,,,,,,,,,,,,https://cdn.shopify.com/s/files/1/0454/5845/6736/products/chumbada-jig-head-facetada-vermelha-anzois-maiores-10-60.jpg?v=1645542592,kg,,,
chumbada-jig-head-facetada-vermelha-anzois-maiores,,,,,,,,,12g,,,2/0,,,,,'40608080415193,12.0,,0,deny,manual,3.86,,true,false,,,,,,,,,,,,,,,,,,,,,,,,,,,,https://cdn.shopify.com/s/files/1/0454/5845/6736/products/chumbada-jig-head-facetada-vermelha-anzois-maiores-10-60.jpg?v=1645542592,kg,,,
chumbada-jig-head-facetada-vermelha-anzois-maiores,,,,,,,,,12g,,,3/0,,,,,'40608080415337,12.0,,0,continue,manual,3.86,,true,false,,,,,,,,,,,,,,,,,,,,,,,,,,,,https://cdn.shopify.com/s/files/1/0454/5845/6736/products/chumbada-jig-head-facetada-vermelha-anzois-maiores-10-60.jpg?v=1645542592,kg,,,
chumbada-jig-head-facetada-vermelha-anzois-maiores,,,,,,,,,12g,,,4/0,,,,,'40608080415481,12.0,,0,continue,manual,3.95,,true,false,,,,,,,,,,,,,,,,,,,,,,,,,,,,https://cdn.shopify.com/s/files/1/0454/5845/6736/products/chumbada-jig-head-facetada-vermelha-anzois-maiores-10-60.jpg?v=1645542592,kg,,,
chumbada-jig-head-facetada-vermelha-anzois-maiores,,,,,,,,,12g,,,5/0,,,,,'40608080415625,12.0,,-10,continue,manual,4.55,,true,false,,,,,,,,,,,,,,,,,,,,,,,,,,,,https://cdn.shopify.com/s/files/1/0454/5845/6736/products/chumbada-jig-head-facetada-vermelha-anzois-maiores-10-60.jpg?v=1645542592,kg,,,
chumbada-jig-head-facetada-vermelha-anzois-maiores,,,,,,,,,12g,,,6/0,,,,,'40608080415769,12.0,shopify,0,deny,manual,4.55,,true,false,,,,,,,,,,,,,,,,,,,,,,,,,,,,https://cdn.shopify.com/s/files/1/0454/5845/6736/products/chumbada-jig-head-facetada-vermelha-anzois-maiores-10-60.jpg?v=1645542592,kg,,,
chumbada-jig-head-facetada-vermelha-anzois-maiores,,,,,,,,,15g,,,1/0,,,,,'40608080415051,15.0,,0,continue,manual,3.86,,true,false,,,,,,,,,,,,,,,,,,,,,,,,,,,,https://cdn.shopify.com/s/files/1/0454/5845/6736/products/chumbada-jig-head-facetada-vermelha-anzois-maiores-10-60.jpg?v=1645542592,kg,,,
chumbada-jig-head-facetada-vermelha-anzois-maiores,,,,,,,,,15g,,,2/0,,,,,'40608080415195,15.0,,0,deny,manual,3.86,,true,false,,,,,,,,,,,,,,,,,,,,,,,,,,,,https://cdn.shopify.com/s/files/1/0454/5845/6736/products/chumbada-jig-head-facetada-vermelha-anzois-maiores-10-60.jpg?v=1645542592,kg,,,
chumbada-jig-head-facetada-vermelha-anzois-maiores,,,,,,,,,15g,,,3/0,,,,,'40608080415339,15.0,,-20,continue,manual,3.86,,true,false,,,,,,,,,,,,,,,,,,,,,,,,,,,,https://cdn.shopify.com/s/files/1/0454/5845/6736/products/chumbada-jig-head-facetada-vermelha-anzois-maiores-10-60.jpg?v=1645542592,kg,,,
chumbada-jig-head-facetada-vermelha-anzois-maiores,,,,,,,,,15g,,,4/0,,,,,'40608080415483,15.0,,-20,continue,manual,3.95,,true,false,,,,,,,,,,,,,,,,,,,,,,,,,,,,https://cdn.shopify.com/s/files/1/0454/5845/6736/products/chumbada-jig-head-facetada-vermelha-anzois-maiores-10-60.jpg?v=1645542592,kg,,,
chumbada-jig-head-facetada-vermelha-anzois-maiores,,,,,,,,,15g,,,5/0,,,,,'40608080415627,15.0,,-20,continue,manual,4.55,,true,false,,,,,,,,,,,,,,,,,,,,,,,,,,,,https://cdn.shopify.com/s/files/1/0454/5845/6736/products/chumbada-jig-head-facetada-vermelha-anzois-maiores-10-60.jpg?v=1645542592,kg,,,
chumbada-jig-head-facetada-vermelha-anzois-maiores,,,,,,,,,15g,,,6/0,,,,,'40608080415771,15.0,shopify,0,deny,manual,4.55,,true,false,,,,,,,,,,,,,,,,,,,,,,,,,,,,https://cdn.shopify.com/s/files/1/0454/5845/6736/products/chumbada-jig-head-facetada-vermelha-anzois-maiores-10-60.jpg?v=1645542592,kg,,,
chumbada-jig-head-facetada-vermelha-anzois-maiores,,,,,,,,,17g,,,1/0,,,,,'40608080415052,17.0,,0,continue,manual,3.86,,true,false,,,,,,,,,,,,,,,,,,,,,,,,,,,,https://cdn.shopify.com/s/files/1/0454/5845/6736/products/chumbada-jig-head-facetada-vermelha-anzois-maiores-10-60.jpg?v=1645542592,kg,,,
chumbada-jig-head-facetada-vermelha-anzois-maiores,,,,,,,,,17g,,,2/0,,,,,'40608080415196,17.0,,0,deny,manual,3.86,,true,false,,,,,,,,,,,,,,,,,,,,,,,,,,,,https://cdn.shopify.com/s/files/1/0454/5845/6736/products/chumbada-jig-head-facetada-vermelha-anzois-maiores-10-60.jpg?v=1645542592,kg,,,
chumbada-jig-head-facetada-vermelha-anzois-maiores,,,,,,,,,17g,,,3/0,,,,,'40608080415340,17.0,,0,continue,manual,3.86,,true,false,,,,,,,,,,,,,,,,,,,,,,,,,,,,https://cdn.shopify.com/s/files/1/0454/5845/6736/products/chumbada-jig-head-facetada-vermelha-anzois-maiores-10-60.jpg?v=1645542592,kg,,,
chumbada-jig-head-facetada-vermelha-anzois-maiores,,,,,,,,,17g,,,4/0,,,,,'40608080415484,17.0,,0,continue,manual,3.95,,true,false,,,,,,,,,,,,,,,,,,,,,,,,,,,,https://cdn.shopify.com/s/files/1/0454/5845/6736/products/chumbada-jig-head-facetada-vermelha-anzois-maiores-10-60.jpg?v=1645542592,kg,,,
chumbada-jig-head-facetada-vermelha-anzois-maiores,,,,,,,,,17g,,,5/0,,,,,'40608080415628,17.0,,0,continue,manual,4.55,,true,false,,,,,,,,,,,,,,,,,,,,,,,,,,,,https://cdn.shopify.com/s/files/1/0454/5845/6736/products/chumbada-jig-head-facetada-vermelha-anzois-maiores-10-60.jpg?v=1645542592,kg,,,
chumbada-jig-head-facetada-vermelha-anzois-maiores,,,,,,,,,17g,,,6/0,,,,,'40608080415772,17.0,shopify,0,deny,manual,4.55,,true,false,,,,,,,,,,,,,,,,,,,,,,,,,,,,https://cdn.shopify.com/s/files/1/0454/5845/6736/products/chumbada-jig-head-facetada-vermelha-anzois-maiores-10-60.jpg?v=1645542592,kg,,,
chumbada-jig-head-facetada-vermelha-anzois-maiores,,,,,,,,,20g,,,1/0,,,,,'40608080415053,20.0,,0,continue,manual,4.37,,true,false,,,,,,,,,,,,,,,,,,,,,,,,,,,,https://cdn.shopify.com/s/files/1/0454/5845/6736/products/chumbada-jig-head-facetada-vermelha-anzois-maiores-10-60.jpg?v=1645542592,kg,,,
chumbada-jig-head-facetada-vermelha-anzois-maiores,,,,,,,,,20g,,,2/0,,,,,'40608080415197,20.0,,0,deny,manual,4.37,,true,false,,,,,,,,,,,,,,,,,,,,,,,,,,,,https://cdn.shopify.com/s/files/1/0454/5845/6736/products/chumbada-jig-head-facetada-vermelha-anzois-maiores-10-60.jpg?v=1645542592,kg,,,
chumbada-jig-head-facetada-vermelha-anzois-maiores,,,,,,,,,20g,,,3/0,,,,,'40608080415341,20.0,,-45,continue,manual,4.37,,true,false,,,,,,,,,,,,,,,,,,,,,,,,,,,,https://cdn.shopify.com/s/files/1/0454/5845/6736/products/chumbada-jig-head-facetada-vermelha-anzois-maiores-10-60.jpg?v=1645542592,kg,,,
chumbada-jig-head-facetada-vermelha-anzois-maiores,,,,,,,,,20g,,,4/0,,,,,'40608080415485,20.0,,-20,continue,manual,4.46,,true,false,,,,,,,,,,,,,,,,,,,,,,,,,,,,https://cdn.shopify.com/s/files/1/0454/5845/6736/products/chumbada-jig-head-facetada-vermelha-anzois-maiores-10-60.jpg?v=1645542592,kg,,,
chumbada-jig-head-facetada-vermelha-anzois-maiores,,,,,,,,,20g,,,5/0,,,,,'40608080415629,20.0,,-20,continue,manual,5.06,,true,false,,,,,,,,,,,,,,,,,,,,,,,,,,,,https://cdn.shopify.com/s/files/1/0454/5845/6736/products/chumbada-jig-head-facetada-vermelha-anzois-maiores-10-60.jpg?v=1645542592,kg,,,
chumbada-jig-head-facetada-vermelha-anzois-maiores,,,,,,,,,20g,,,6/0,,,,,'40608080415773,20.0,shopify,0,deny,manual,5.06,,true,false,,,,,,,,,,,,,,,,,,,,,,,,,,,,https://cdn.shopify.com/s/files/1/0454/5845/6736/products/chumbada-jig-head-facetada-vermelha-anzois-maiores-10-60.jpg?v=1645542592,kg,,,
chumbada-jig-head-esferica-60-amarela-anzois-maiores,Anzol Jig Head 60° Esférica Amarela Anzóis Maiores (3/0 - 5/0),<p>Anzol Jig Head Esférica</p>,Chumbada Oficial,Sem categoria,"","60 Graus, Jig Head, jig head esferica, Jig Head Esferica Maior",true,Peso,5g,,Tamanho do Anzol,3/0,,,,,'4075080612000530,5.0,shopify,-187,deny,manual,3.00,,true,false,,,,,,https://cdn.shopify.com/s/files/1/0454/5845/6736/products/JHEsf60Natural.jpg?v=1662059750,1,Chumbada Jig Head 60 Graus,false,,,,,,,,,,,,,,,,,,,https://cdn.shopify.com/s/files/1/0454/5845/6736/products/JHEsf60Natural.jpg?v=1662059750,kg,,,active
chumbada-jig-head-esferica-60-amarela-anzois-maiores,,,,,,,,,5g,,,4/0,,,,,'4075080612000540,5.0,,-11,deny,manual,3.00,,true,false,,,,,,https://cdn.shopify.com/s/files/1/0454/5845/6736/products/TamanhoJH60oTam3-0.jpg?v=1662059750,2,Chumbada Jig Head 60 Graus,,,,,,,,,,,,,,,,,,,,https://cdn.shopify.com/s/files/1/0454/5845/6736/products/JHEsf60Natural.jpg?v=1662059750,kg,,,
chumbada-jig-head-esferica-60-amarela-anzois-maiores,,,,,,,,,5g,,,5/0,,,,,'4075080612000550,5.0,,-5,deny,manual,3.00,,true,false,,,,,,https://cdn.shopify.com/s/files/1/0454/5845/6736/products/TamanhoJH60oTam4-0.jpg?v=1662059750,3,Chumbada Jig Head 60 Graus,,,,,,,,,,,,,,,,,,,,https://cdn.shopify.com/s/files/1/0454/5845/6736/products/JHEsf60Natural.jpg?v=1662059750,kg,,,
chumbada-jig-head-esferica-60-amarela-anzois-maiores,,,,,,,,,6g,,,3/0,,,,,'4075080612000630,6.0,shopify,0,deny,manual,3.00,,true,false,,,,,,https://cdn.shopify.com/s/files/1/0454/5845/6736/products/TamanhoJH60oTam5-0.jpg?v=1662059750,4,Chumbada Jig Head 60 Graus,,,,,,,,,,,,,,,,,,,,https://cdn.shopify.com/s/files/1/0454/5845/6736/products/JHEsf60Natural.jpg?v=1662059750,kg,,,
chumbada-jig-head-esferica-60-amarela-anzois-maiores,,,,,,,,,6g,,,4/0,,,,,'4075080612000640,6.0,,-5,deny,manual,3.00,,true,false,,,,,,,,,,,,,,,,,,,,,,,,,,,,https://cdn.shopify.com/s/files/1/0454/5845/6736/products/JHEsf60Natural.jpg?v=1662059750,kg,,,
chumbada-jig-head-esferica-60-amarela-anzois-maiores,,,,,,,,,6g,,,5/0,,,,,'4075080612000650,6.0,,-55,deny,manual,3.00,,true,false,,,,,,,,,,,,,,,,,,,,,,,,,,,,https://cdn.shopify.com/s/files/1/0454/5845/6736/products/JHEsf60Natural.jpg?v=1662059750,kg,,,
chumbada-jig-head-esferica-60-amarela-anzois-maiores,,,,,,,,,8g,,,3/0,,,,,'4075080612000830,8.0,shopify,-1,deny,manual,3.00,,true,false,,,,,,,,,,,,,,,,,,,,,,,,,,,,https://cdn.shopify.com/s/files/1/0454/5845/6736/products/JHEsf60Natural.jpg?v=1662059750,kg,,,
chumbada-jig-head-esferica-60-amarela-anzois-maiores,,,,,,,,,8g,,,4/0,,,,,'4075080612000840,8.0,,-6,deny,manual,3.00,,true,false,,,,,,,,,,,,,,,,,,,,,,,,,,,,https://cdn.shopify.com/s/files/1/0454/5845/6736/products/JHEsf60Natural.jpg?v=1662059750,kg,,,
chumbada-jig-head-esferica-60-amarela-anzois-maiores,,,,,,,,,8g,,,5/0,,,,,'4075080612000850,8.0,,-6,deny,manual,3.00,,true,false,,,,,,,,,,,,,,,,,,,,,,,,,,,,https://cdn.shopify.com/s/files/1/0454/5845/6736/products/JHEsf60Natural.jpg?v=1662059750,kg,,,
chumbada-jig-head-esferica-60-amarela-anzois-maiores,,,,,,,,,10g,,,3/0,,,,,'4075080612001030,10.0,shopify,-82,deny,manual,3.86,,true,false,,,,,,,,,,,,,,,,,,,,,,,,,,,,https://cdn.shopify.com/s/files/1/0454/5845/6736/products/JHEsf60Natural.jpg?v=1662059750,kg,,,
chumbada-jig-head-esferica-60-amarela-anzois-maiores,,,,,,,,,10g,,,4/0,,,,,'4075080612001040,10.0,,-27,deny,manual,3.86,,true,false,,,,,,,,,,,,,,,,,,,,,,,,,,,,https://cdn.shopify.com/s/files/1/0454/5845/6736/products/JHEsf60Natural.jpg?v=1662059750,kg,,,
chumbada-jig-head-esferica-60-amarela-anzois-maiores,,,,,,,,,10g,,,5/0,,,,,'4075080612001050,10.0,,-11,deny,manual,3.86,,true,false,,,,,,,,,,,,,,,,,,,,,,,,,,,,https://cdn.shopify.com/s/files/1/0454/5845/6736/products/JHEsf60Natural.jpg?v=1662059750,kg,,,
chumbada-jig-head-esferica-60-amarela-anzois-maiores,,,,,,,,,12g,,,3/0,,,,,'4075080612001230,12.0,shopify,-15,deny,manual,3.86,,true,false,,,,,,,,,,,,,,,,,,,,,,,,,,,,https://cdn.shopify.com/s/files/1/0454/5845/6736/products/JHEsf60Natural.jpg?v=1662059750,kg,,,
chumbada-jig-head-esferica-60-amarela-anzois-maiores,,,,,,,,,12g,,,4/0,,,,,'4075080612001240,12.0,,-67,deny,manual,3.86,,true,false,,,,,,,,,,,,,,,,,,,,,,,,,,,,https://cdn.shopify.com/s/files/1/0454/5845/6736/products/JHEsf60Natural.jpg?v=1662059750,kg,,,
chumbada-jig-head-esferica-60-amarela-anzois-maiores,,,,,,,,,12g,,,5/0,,,,,'4075080612001250,12.0,,-6,deny,manual,3.86,,true,false,,,,,,,,,,,,,,,,,,,,,,,,,,,,https://cdn.shopify.com/s/files/1/0454/5845/6736/products/JHEsf60Natural.jpg?v=1662059750,kg,,,
chumbada-jig-head-esferica-60-amarela-anzois-maiores,,,,,,,,,14g,,,3/0,,,,,'4075080612001430,14.0,shopify,-6,deny,manual,3.86,,true,false,,,,,,,,,,,,,,,,,,,,,,,,,,,,https://cdn.shopify.com/s/files/1/0454/5845/6736/products/JHEsf60Natural.jpg?v=1662059750,kg,,,
chumbada-jig-head-esferica-60-amarela-anzois-maiores,,,,,,,,,14g,,,4/0,,,,,'4075080612001440,14.0,,-5,deny,manual,3.86,,true,false,,,,,,,,,,,,,,,,,,,,,,,,,,,,https://cdn.shopify.com/s/files/1/0454/5845/6736/products/JHEsf60Natural.jpg?v=1662059750,kg,,,
chumbada-jig-head-esferica-60-amarela-anzois-maiores,,,,,,,,,14g,,,5/0,,,,,'4075080612001450,14.0,,-5,deny,manual,3.86,,true,false,,,,,,,,,,,,,,,,,,,,,,,,,,,,https://cdn.shopify.com/s/files/1/0454/5845/6736/products/JHEsf60Natural.jpg?v=1662059750,kg,,,
chumbada-jig-head-esferica-60-amarela-anzois-maiores,,,,,,,,,15g,,,3/0,,,,,'4075080612001530,15.0,shopify,-10,deny,manual,3.86,,true,false,,,,,,,,,,,,,,,,,,,,,,,,,,,,https://cdn.shopify.com/s/files/1/0454/5845/6736/products/JHEsf60Natural.jpg?v=1662059750,kg,,,
chumbada-jig-head-esferica-60-amarela-anzois-maiores,,,,,,,,,15g,,,4/0,,,,,'4075080612001540,15.0,,-11,deny,manual,3.86,,true,false,,,,,,,,,,,,,,,,,,,,,,,,,,,,https://cdn.shopify.com/s/files/1/0454/5845/6736/products/JHEsf60Natural.jpg?v=1662059750,kg,,,
chumbada-jig-head-esferica-60-amarela-anzois-maiores,,,,,,,,,15g,,,5/0,,,,,'4075080612001550,15.0,,0,deny,manual,3.86,,true,false,,,,,,,,,,,,,,,,,,,,,,,,,,,,https://cdn.shopify.com/s/files/1/0454/5845/6736/products/JHEsf60Natural.jpg?v=1662059750,kg,,,
chumbada-jig-head-esferica-60-amarela-anzois-maiores,,,,,,,,,20g,,,3/0,,,,,'4075080612002030,20.0,shopify,-21,deny,manual,4.37,,true,false,,,,,,,,,,,,,,,,,,,,,,,,,,,,https://cdn.shopify.com/s/files/1/0454/5845/6736/products/JHEsf60Natural.jpg?v=1662059750,kg,,,
chumbada-jig-head-esferica-60-amarela-anzois-maiores,,,,,,,,,20g,,,4/0,,,,,'4075080612002040,20.0,,-10,deny,manual,4.37,,true,false,,,,,,,,,,,,,,,,,,,,,,,,,,,,https://cdn.shopify.com/s/files/1/0454/5845/6736/products/JHEsf60Natural.jpg?v=1662059750,kg,,,
chumbada-jig-head-esferica-60-amarela-anzois-maiores,,,,,,,,,20g,,,5/0,,,,,'4075080612002050,20.0,,-70,deny,manual,4.37,,true,false,,,,,,,,,,,,,,,,,,,,,,,,,,,,https://cdn.shopify.com/s/files/1/0454/5845/6736/products/JHEsf60Natural.jpg?v=1662059750,kg,,,
chumbada-jig-head-esferica-60-amarela-anzois-maiores,,,,,,,,,25g,,,3/0,,,,,'4075080612002530,25.0,shopify,-11,deny,manual,4.37,,true,false,,,,,,,,,,,,,,,,,,,,,,,,,,,,https://cdn.shopify.com/s/files/1/0454/5845/6736/products/JHEsf60Natural.jpg?v=1662059750,kg,,,
chumbada-jig-head-esferica-60-amarela-anzois-maiores,,,,,,,,,25g,,,4/0,,,,,'4075080612002540,25.0,,-10,deny,manual,4.37,,true,false,,,,,,,,,,,,,,,,,,,,,,,,,,,,https://cdn.shopify.com/s/files/1/0454/5845/6736/products/JHEsf60Natural.jpg?v=1662059750,kg,,,
chumbada-jig-head-esferica-60-amarela-anzois-maiores,,,,,,,,,25g,,,5/0,,,,,'4075080612002550,25.0,,-70,deny,manual,4.37,,true,false,,,,,,,,,,,,,,,,,,,,,,,,,,,,https://cdn.shopify.com/s/files/1/0454/5845/6736/products/JHEsf60Natural.jpg?v=1662059750,kg,,,
chumbada-jig-head-esferica-60-amarela-anzois-maiores,,,,,,,,,30g,,,3/0,,,,,'4075080612003030,30.0,shopify,0,deny,manual,4.37,,true,false,,,,,,,,,,,,,,,,,,,,,,,,,,,,https://cdn.shopify.com/s/files/1/0454/5845/6736/products/JHEsf60Natural.jpg?v=1662059750,kg,,,
chumbada-jig-head-esferica-60-amarela-anzois-maiores,,,,,,,,,30g,,,4/0,,,,,'4075080612003040,30.0,,-5,deny,manual,4.37,,true,false,,,,,,,,,,,,,,,,,,,,,,,,,,,,https://cdn.shopify.com/s/files/1/0454/5845/6736/products/JHEsf60Natural.jpg?v=1662059750,kg,,,
chumbada-jig-head-esferica-60-amarela-anzois-maiores,,,,,,,,,30g,,,5/0,,,,,'4075080612003050,30.0,,-75,deny,manual,4.37,,true,false,,,,,,,,,,,,,,,,,,,,,,,,,,,,https://cdn.shopify.com/s/files/1/0454/5845/6736/products/JHEsf60Natural.jpg?v=1662059750,kg,,,
chumbada-jig-head-esferica-60-amarela-anzois-maiores,,,,,,,,,40g,,,3/0,,,,,'4075080612004030,40.0,shopify,0,deny,manual,5.62,,true,false,,,,,,,,,,,,,,,,,,,,,,,,,,,,https://cdn.shopify.com/s/files/1/0454/5845/6736/products/JHEsf60Natural.jpg?v=1662059750,kg,,,
chumbada-jig-head-esferica-60-amarela-anzois-maiores,,,,,,,,,40g,,,4/0,,,,,'4075080612004040,40.0,,0,deny,manual,5.62,,true,false,,,,,,,,,,,,,,,,,,,,,,,,,,,,https://cdn.shopify.com/s/files/1/0454/5845/6736/products/JHEsf60Natural.jpg?v=1662059750,kg,,,
chumbada-jig-head-esferica-60-amarela-anzois-maiores,,,,,,,,,40g,,,5/0,,,,,'4075080612004050,40.0,,0,deny,manual,5.62,,true,false,,,,,,,,,,,,,,,,,,,,,,,,,,,,https://cdn.shopify.com/s/files/1/0454/5845/6736/products/JHEsf60Natural.jpg?v=1662059750,kg,,,
chumbada-jig-head-esferica-60-amarela-anzois-maiores,,,,,,,,,50g,,,3/0,,,,,'4075080612005030,50.0,shopify,0,deny,manual,6.86,,true,false,,,,,,,,,,,,,,,,,,,,,,,,,,,,https://cdn.shopify.com/s/files/1/0454/5845/6736/products/JHEsf60Natural.jpg?v=1662059750,kg,,,
chumbada-jig-head-esferica-60-amarela-anzois-maiores,,,,,,,,,50g,,,4/0,,,,,'4075080612005040,50.0,,0,deny,manual,6.86,,true,false,,,,,,,,,,,,,,,,,,,,,,,,,,,,https://cdn.shopify.com/s/files/1/0454/5845/6736/products/JHEsf60Natural.jpg?v=1662059750,kg,,,
chumbada-jig-head-esferica-60-amarela-anzois-maiores,,,,,,,,,50g,,,5/0,,,,,'4075080612005050,50.0,,0,deny,manual,6.86,,true,false,,,,,,,,,,,,,,,,,,,,,,,,,,,,https://cdn.shopify.com/s/files/1/0454/5845/6736/products/JHEsf60Natural.jpg?v=1662059750,kg,,,
chumbada-jig-head-esferica-60-amarela-anzois-maiores,,,,,,,,,60g,,,3/0,,,,,'4075080612006030,60.0,shopify,0,deny,manual,6.86,,true,false,,,,,,,,,,,,,,,,,,,,,,,,,,,,https://cdn.shopify.com/s/files/1/0454/5845/6736/products/JHEsf60Natural.jpg?v=1662059750,kg,,,
chumbada-jig-head-esferica-60-amarela-anzois-maiores,,,,,,,,,60g,,,4/0,,,,,'4075080612006040,60.0,,0,deny,manual,6.86,,true,false,,,,,,,,,,,,,,,,,,,,,,,,,,,,https://cdn.shopify.com/s/files/1/0454/5845/6736/products/JHEsf60Natural.jpg?v=1662059750,kg,,,
chumbada-jig-head-esferica-60-amarela-anzois-maiores,,,,,,,,,60g,,,5/0,,,,,'4075080612006050,60.0,,0,deny,manual,6.86,,true,false,,,,,,,,,,,,,,,,,,,,,,,,,,,,https://cdn.shopify.com/s/files/1/0454/5845/6736/products/JHEsf60Natural.jpg?v=1662059750,kg,,,
chumbada-jig-head-esferica-60-amarela-anzois-maiores,,,,,,,,,70g,,,3/0,,,,,'4075080612007030,70.0,shopify,0,deny,manual,6.86,,true,false,,,,,,,,,,,,,,,,,,,,,,,,,,,,https://cdn.shopify.com/s/files/1/0454/5845/6736/products/JHEsf60Natural.jpg?v=1662059750,kg,,,
chumbada-jig-head-esferica-60-amarela-anzois-maiores,,,,,,,,,70g,,,4/0,,,,,'4075080612007040,70.0,,0,deny,manual,6.86,,true,false,,,,,,,,,,,,,,,,,,,,,,,,,,,,https://cdn.shopify.com/s/files/1/0454/5845/6736/products/JHEsf60Natural.jpg?v=1662059750,kg,,,
chumbada-jig-head-esferica-60-amarela-anzois-maiores,,,,,,,,,70g,,,5/0,,,,,'4075080612007050,70.0,,0,deny,manual,6.86,,true,false,,,,,,,,,,,,,,,,,,,,,,,,,,,,https://cdn.shopify.com/s/files/1/0454/5845/6736/products/JHEsf60Natural.jpg?v=1662059750,kg,,,
chumbada-jig-head-esferica-60-laranja-anzois-maiores,Anzol Jig Head 60° Esférica Laranja Anzóis Maiores (3/0 - 5/0),<p>Anzol Jig Head Esférica</p>,Chumbada Oficial,Sem categoria,"","60 Graus, Jig Head, jig head esferica, Jig Head Esferica Maior",true,Peso,5g,,Tamanho do Anzol,3/0,,,,,'4075080512000530,5.0,shopify,-23,deny,manual,3.00,,true,false,,,,,,https://cdn.shopify.com/s/files/1/0454/5845/6736/products/JHEsf60Natural_49b981de-ce37-4a1d-80a8-94d9f3105a80.jpg?v=1662059777,1,Chumbada Jig Head 60 Graus,false,,,,,,,,,,,,,,,,,,,https://cdn.shopify.com/s/files/1/0454/5845/6736/products/JHEsf60Natural_49b981de-ce37-4a1d-80a8-94d9f3105a80.jpg?v=1662059777,kg,,,active
chumbada-jig-head-esferica-60-laranja-anzois-maiores,,,,,,,,,5g,,,4/0,,,,,'4075080512000540,5.0,,0,deny,manual,3.00,,true,false,,,,,,https://cdn.shopify.com/s/files/1/0454/5845/6736/products/TamanhoJH60oTam3-0_2610b9b0-cef6-44e4-b5d4-71346f0d0059.jpg?v=1662059777,2,Chumbada Jig Head 60 Graus,,,,,,,,,,,,,,,,,,,,https://cdn.shopify.com/s/files/1/0454/5845/6736/products/JHEsf60Natural_49b981de-ce37-4a1d-80a8-94d9f3105a80.jpg?v=1662059777,kg,,,
chumbada-jig-head-esferica-60-laranja-anzois-maiores,,,,,,,,,5g,,,5/0,,,,,'4075080512000550,5.0,,0,deny,manual,3.00,,true,false,,,,,,https://cdn.shopify.com/s/files/1/0454/5845/6736/products/TamanhoJH60oTam4-0_ccb62071-d088-43de-83da-6fd4fbd975b1.jpg?v=1662059777,3,Chumbada Jig Head 60 Graus,,,,,,,,,,,,,,,,,,,,https://cdn.shopify.com/s/files/1/0454/5845/6736/products/JHEsf60Natural_49b981de-ce37-4a1d-80a8-94d9f3105a80.jpg?v=1662059777,kg,,,
chumbada-jig-head-esferica-60-laranja-anzois-maiores,,,,,,,,,6g,,,3/0,,,,,'4075080512000630,6.0,shopify,-10,deny,manual,3.00,,true,false,,,,,,https://cdn.shopify.com/s/files/1/0454/5845/6736/products/TamanhoJH60oTam5-0_08bff6af-eb45-4f41-bb56-494204dd38cc.jpg?v=1662059777,4,Chumbada Jig Head 60 Graus,,,,,,,,,,,,,,,,,,,,https://cdn.shopify.com/s/files/1/0454/5845/6736/products/JHEsf60Natural_49b981de-ce37-4a1d-80a8-94d9f3105a80.jpg?v=1662059777,kg,,,
chumbada-jig-head-esferica-60-laranja-anzois-maiores,,,,,,,,,6g,,,4/0,,,,,'4075080512000640,6.0,,0,deny,manual,3.00,,true,false,,,,,,,,,,,,,,,,,,,,,,,,,,,,https://cdn.shopify.com/s/files/1/0454/5845/6736/products/JHEsf60Natural_49b981de-ce37-4a1d-80a8-94d9f3105a80.jpg?v=1662059777,kg,,,
chumbada-jig-head-esferica-60-laranja-anzois-maiores,,,,,,,,,6g,,,5/0,,,,,'4075080512000650,6.0,,0,deny,manual,3.00,,true,false,,,,,,,,,,,,,,,,,,,,,,,,,,,,https://cdn.shopify.com/s/files/1/0454/5845/6736/products/JHEsf60Natural_49b981de-ce37-4a1d-80a8-94d9f3105a80.jpg?v=1662059777,kg,,,
chumbada-jig-head-esferica-60-laranja-anzois-maiores,,,,,,,,,8g,,,3/0,,,,,'4075080512000830,8.0,shopify,-10,deny,manual,3.00,,true,false,,,,,,,,,,,,,,,,,,,,,,,,,,,,https://cdn.shopify.com/s/files/1/0454/5845/6736/products/JHEsf60Natural_49b981de-ce37-4a1d-80a8-94d9f3105a80.jpg?v=1662059777,kg,,,
chumbada-jig-head-esferica-60-laranja-anzois-maiores,,,,,,,,,8g,,,4/0,,,,,'4075080512000840,8.0,,0,deny,manual,3.00,,true,false,,,,,,,,,,,,,,,,,,,,,,,,,,,,https://cdn.shopify.com/s/files/1/0454/5845/6736/products/JHEsf60Natural_49b981de-ce37-4a1d-80a8-94d9f3105a80.jpg?v=1662059777,kg,,,
chumbada-jig-head-esferica-60-laranja-anzois-maiores,,,,,,,,,8g,,,5/0,,,,,'4075080512000850,8.0,,0,deny,manual,3.00,,true,false,,,,,,,,,,,,,,,,,,,,,,,,,,,,https://cdn.shopify.com/s/files/1/0454/5845/6736/products/JHEsf60Natural_49b981de-ce37-4a1d-80a8-94d9f3105a80.jpg?v=1662059777,kg,,,
chumbada-jig-head-esferica-60-laranja-anzois-maiores,,,,,,,,,10g,,,3/0,,,,,'4075080512001030,10.0,shopify,0,deny,manual,3.86,,true,false,,,,,,,,,,,,,,,,,,,,,,,,,,,,https://cdn.shopify.com/s/files/1/0454/5845/6736/products/JHEsf60Natural_49b981de-ce37-4a1d-80a8-94d9f3105a80.jpg?v=1662059777,kg,,,
chumbada-jig-head-esferica-60-laranja-anzois-maiores,,,,,,,,,10g,,,4/0,,,,,'4075080512001040,10.0,,0,deny,manual,3.86,,true,false,,,,,,,,,,,,,,,,,,,,,,,,,,,,https://cdn.shopify.com/s/files/1/0454/5845/6736/products/JHEsf60Natural_49b981de-ce37-4a1d-80a8-94d9f3105a80.jpg?v=1662059777,kg,,,
chumbada-jig-head-esferica-60-laranja-anzois-maiores,,,,,,,,,10g,,,5/0,,,,,'4075080512001050,10.0,,0,deny,manual,3.86,,true,false,,,,,,,,,,,,,,,,,,,,,,,,,,,,https://cdn.shopify.com/s/files/1/0454/5845/6736/products/JHEsf60Natural_49b981de-ce37-4a1d-80a8-94d9f3105a80.jpg?v=1662059777,kg,,,
chumbada-jig-head-esferica-60-laranja-anzois-maiores,,,,,,,,,12g,,,3/0,,,,,'4075080512001230,12.0,shopify,-12,deny,manual,3.86,,true,false,,,,,,,,,,,,,,,,,,,,,,,,,,,,https://cdn.shopify.com/s/files/1/0454/5845/6736/products/JHEsf60Natural_49b981de-ce37-4a1d-80a8-94d9f3105a80.jpg?v=1662059777,kg,,,
chumbada-jig-head-esferica-60-laranja-anzois-maiores,,,,,,,,,12g,,,4/0,,,,,'4075080512001240,12.0,,0,deny,manual,3.86,,true,false,,,,,,,,,,,,,,,,,,,,,,,,,,,,https://cdn.shopify.com/s/files/1/0454/5845/6736/products/JHEsf60Natural_49b981de-ce37-4a1d-80a8-94d9f3105a80.jpg?v=1662059777,kg,,,
chumbada-jig-head-esferica-60-laranja-anzois-maiores,,,,,,,,,12g,,,5/0,,,,,'4075080512001250,12.0,,0,deny,manual,3.86,,true,false,,,,,,,,,,,,,,,,,,,,,,,,,,,,https://cdn.shopify.com/s/files/1/0454/5845/6736/products/JHEsf60Natural_49b981de-ce37-4a1d-80a8-94d9f3105a80.jpg?v=1662059777,kg,,,
chumbada-jig-head-esferica-60-laranja-anzois-maiores,,,,,,,,,14g,,,3/0,,,,,'4075080512001430,14.0,shopify,0,deny,manual,3.86,,true,false,,,,,,,,,,,,,,,,,,,,,,,,,,,,https://cdn.shopify.com/s/files/1/0454/5845/6736/products/JHEsf60Natural_49b981de-ce37-4a1d-80a8-94d9f3105a80.jpg?v=1662059777,kg,,,
chumbada-jig-head-esferica-60-laranja-anzois-maiores,,,,,,,,,14g,,,4/0,,,,,'4075080512001440,14.0,,0,deny,manual,3.86,,true,false,,,,,,,,,,,,,,,,,,,,,,,,,,,,https://cdn.shopify.com/s/files/1/0454/5845/6736/products/JHEsf60Natural_49b981de-ce37-4a1d-80a8-94d9f3105a80.jpg?v=1662059777,kg,,,
chumbada-jig-head-esferica-60-laranja-anzois-maiores,,,,,,,,,14g,,,5/0,,,,,'4075080512001450,14.0,,0,deny,manual,3.86,,true,false,,,,,,,,,,,,,,,,,,,,,,,,,,,,https://cdn.shopify.com/s/files/1/0454/5845/6736/products/JHEsf60Natural_49b981de-ce37-4a1d-80a8-94d9f3105a80.jpg?v=1662059777,kg,,,
chumbada-jig-head-esferica-60-laranja-anzois-maiores,,,,,,,,,15g,,,3/0,,,,,'4075080512001530,15.0,shopify,0,deny,manual,3.86,,true,false,,,,,,,,,,,,,,,,,,,,,,,,,,,,https://cdn.shopify.com/s/files/1/0454/5845/6736/products/JHEsf60Natural_49b981de-ce37-4a1d-80a8-94d9f3105a80.jpg?v=1662059777,kg,,,
chumbada-jig-head-esferica-60-laranja-anzois-maiores,,,,,,,,,15g,,,4/0,,,,,'4075080512001540,15.0,,0,deny,manual,3.86,,true,false,,,,,,,,,,,,,,,,,,,,,,,,,,,,https://cdn.shopify.com/s/files/1/0454/5845/6736/products/JHEsf60Natural_49b981de-ce37-4a1d-80a8-94d9f3105a80.jpg?v=1662059777,kg,,,
chumbada-jig-head-esferica-60-laranja-anzois-maiores,,,,,,,,,15g,,,5/0,,,,,'4075080512001550,15.0,,0,deny,manual,3.86,,true,false,,,,,,,,,,,,,,,,,,,,,,,,,,,,https://cdn.shopify.com/s/files/1/0454/5845/6736/products/JHEsf60Natural_49b981de-ce37-4a1d-80a8-94d9f3105a80.jpg?v=1662059777,kg,,,
chumbada-jig-head-esferica-60-laranja-anzois-maiores,,,,,,,,,20g,,,3/0,,,,,'4075080512002030,20.0,shopify,-11,deny,manual,4.37,,true,false,,,,,,,,,,,,,,,,,,,,,,,,,,,,https://cdn.shopify.com/s/files/1/0454/5845/6736/products/JHEsf60Natural_49b981de-ce37-4a1d-80a8-94d9f3105a80.jpg?v=1662059777,kg,,,
chumbada-jig-head-esferica-60-laranja-anzois-maiores,,,,,,,,,20g,,,4/0,,,,,'4075080512002040,20.0,,0,deny,manual,4.37,,true,false,,,,,,,,,,,,,,,,,,,,,,,,,,,,https://cdn.shopify.com/s/files/1/0454/5845/6736/products/JHEsf60Natural_49b981de-ce37-4a1d-80a8-94d9f3105a80.jpg?v=1662059777,kg,,,
chumbada-jig-head-esferica-60-laranja-anzois-maiores,,,,,,,,,20g,,,5/0,,,,,'4075080512002050,20.0,,0,deny,manual,4.37,,true,false,,,,,,,,,,,,,,,,,,,,,,,,,,,,https://cdn.shopify.com/s/files/1/0454/5845/6736/products/JHEsf60Natural_49b981de-ce37-4a1d-80a8-94d9f3105a80.jpg?v=1662059777,kg,,,
chumbada-jig-head-esferica-60-laranja-anzois-maiores,,,,,,,,,25g,,,3/0,,,,,'4075080512002530,25.0,shopify,0,deny,manual,4.37,,true,false,,,,,,,,,,,,,,,,,,,,,,,,,,,,https://cdn.shopify.com/s/files/1/0454/5845/6736/products/JHEsf60Natural_49b981de-ce37-4a1d-80a8-94d9f3105a80.jpg?v=1662059777,kg,,,
chumbada-jig-head-esferica-60-laranja-anzois-maiores,,,,,,,,,25g,,,4/0,,,,,'4075080512002540,25.0,,0,deny,manual,4.37,,true,false,,,,,,,,,,,,,,,,,,,,,,,,,,,,https://cdn.shopify.com/s/files/1/0454/5845/6736/products/JHEsf60Natural_49b981de-ce37-4a1d-80a8-94d9f3105a80.jpg?v=1662059777,kg,,,
chumbada-jig-head-esferica-60-laranja-anzois-maiores,,,,,,,,,25g,,,5/0,,,,,'4075080512002550,25.0,,0,deny,manual,4.37,,true,false,,,,,,,,,,,,,,,,,,,,,,,,,,,,https://cdn.shopify.com/s/files/1/0454/5845/6736/products/JHEsf60Natural_49b981de-ce37-4a1d-80a8-94d9f3105a80.jpg?v=1662059777,kg,,,
chumbada-jig-head-esferica-60-laranja-anzois-maiores,,,,,,,,,30g,,,3/0,,,,,'4075080512003030,30.0,shopify,0,deny,manual,4.37,,true,false,,,,,,,,,,,,,,,,,,,,,,,,,,,,https://cdn.shopify.com/s/files/1/0454/5845/6736/products/JHEsf60Natural_49b981de-ce37-4a1d-80a8-94d9f3105a80.jpg?v=1662059777,kg,,,
chumbada-jig-head-esferica-60-laranja-anzois-maiores,,,,,,,,,30g,,,4/0,,,,,'4075080512003040,30.0,,0,deny,manual,4.37,,true,false,,,,,,,,,,,,,,,,,,,,,,,,,,,,https://cdn.shopify.com/s/files/1/0454/5845/6736/products/JHEsf60Natural_49b981de-ce37-4a1d-80a8-94d9f3105a80.jpg?v=1662059777,kg,,,
chumbada-jig-head-esferica-60-laranja-anzois-maiores,,,,,,,,,30g,,,5/0,,,,,'4075080512003050,30.0,,0,deny,manual,4.37,,true,false,,,,,,,,,,,,,,,,,,,,,,,,,,,,https://cdn.shopify.com/s/files/1/0454/5845/6736/products/JHEsf60Natural_49b981de-ce37-4a1d-80a8-94d9f3105a80.jpg?v=1662059777,kg,,,
chumbada-jig-head-esferica-60-laranja-anzois-maiores,,,,,,,,,40g,,,3/0,,,,,'4075080512004030,40.0,shopify,0,deny,manual,5.62,,true,false,,,,,,,,,,,,,,,,,,,,,,,,,,,,https://cdn.shopify.com/s/files/1/0454/5845/6736/products/JHEsf60Natural_49b981de-ce37-4a1d-80a8-94d9f3105a80.jpg?v=1662059777,kg,,,
chumbada-jig-head-esferica-60-laranja-anzois-maiores,,,,,,,,,40g,,,4/0,,,,,'4075080512004040,40.0,,0,deny,manual,5.62,,true,false,,,,,,,,,,,,,,,,,,,,,,,,,,,,https://cdn.shopify.com/s/files/1/0454/5845/6736/products/JHEsf60Natural_49b981de-ce37-4a1d-80a8-94d9f3105a80.jpg?v=1662059777,kg,,,
chumbada-jig-head-esferica-60-laranja-anzois-maiores,,,,,,,,,40g,,,5/0,,,,,'4075080512004050,40.0,,0,deny,manual,5.62,,true,false,,,,,,,,,,,,,,,,,,,,,,,,,,,,https://cdn.shopify.com/s/files/1/0454/5845/6736/products/JHEsf60Natural_49b981de-ce37-4a1d-80a8-94d9f3105a80.jpg?v=1662059777,kg,,,
chumbada-jig-head-esferica-60-laranja-anzois-maiores,,,,,,,,,50g,,,3/0,,,,,'4075080512005030,50.0,shopify,0,deny,manual,6.86,,true,false,,,,,,,,,,,,,,,,,,,,,,,,,,,,https://cdn.shopify.com/s/files/1/0454/5845/6736/products/JHEsf60Natural_49b981de-ce37-4a1d-80a8-94d9f3105a80.jpg?v=1662059777,kg,,,
chumbada-jig-head-esferica-60-laranja-anzois-maiores,,,,,,,,,50g,,,4/0,,,,,'4075080512005040,50.0,,0,deny,manual,6.86,,true,false,,,,,,,,,,,,,,,,,,,,,,,,,,,,https://cdn.shopify.com/s/files/1/0454/5845/6736/products/JHEsf60Natural_49b981de-ce37-4a1d-80a8-94d9f3105a80.jpg?v=1662059777,kg,,,
chumbada-jig-head-esferica-60-laranja-anzois-maiores,,,,,,,,,50g,,,5/0,,,,,'4075080512005050,50.0,,0,deny,manual,6.86,,true,false,,,,,,,,,,,,,,,,,,,,,,,,,,,,https://cdn.shopify.com/s/files/1/0454/5845/6736/products/JHEsf60Natural_49b981de-ce37-4a1d-80a8-94d9f3105a80.jpg?v=1662059777,kg,,,
chumbada-jig-head-esferica-60-laranja-anzois-maiores,,,,,,,,,60g,,,3/0,,,,,'4075080512006030,60.0,shopify,0,deny,manual,6.86,,true,false,,,,,,,,,,,,,,,,,,,,,,,,,,,,https://cdn.shopify.com/s/files/1/0454/5845/6736/products/JHEsf60Natural_49b981de-ce37-4a1d-80a8-94d9f3105a80.jpg?v=1662059777,kg,,,
chumbada-jig-head-esferica-60-laranja-anzois-maiores,,,,,,,,,60g,,,4/0,,,,,'4075080512006040,60.0,,0,deny,manual,6.86,,true,false,,,,,,,,,,,,,,,,,,,,,,,,,,,,https://cdn.shopify.com/s/files/1/0454/5845/6736/products/JHEsf60Natural_49b981de-ce37-4a1d-80a8-94d9f3105a80.jpg?v=1662059777,kg,,,
chumbada-jig-head-esferica-60-laranja-anzois-maiores,,,,,,,,,60g,,,5/0,,,,,'4075080512006050,60.0,,0,deny,manual,6.86,,true,false,,,,,,,,,,,,,,,,,,,,,,,,,,,,https://cdn.shopify.com/s/files/1/0454/5845/6736/products/JHEsf60Natural_49b981de-ce37-4a1d-80a8-94d9f3105a80.jpg?v=1662059777,kg,,,
chumbada-jig-head-esferica-60-laranja-anzois-maiores,,,,,,,,,70g,,,3/0,,,,,'4075080512007030,70.0,shopify,-11,deny,manual,6.86,,true,false,,,,,,,,,,,,,,,,,,,,,,,,,,,,https://cdn.shopify.com/s/files/1/0454/5845/6736/products/JHEsf60Natural_49b981de-ce37-4a1d-80a8-94d9f3105a80.jpg?v=1662059777,kg,,,
chumbada-jig-head-esferica-60-laranja-anzois-maiores,,,,,,,,,70g,,,4/0,,,,,'4075080512007040,70.0,,0,deny,manual,6.86,,true,false,,,,,,,,,,,,,,,,,,,,,,,,,,,,https://cdn.shopify.com/s/files/1/0454/5845/6736/products/JHEsf60Natural_49b981de-ce37-4a1d-80a8-94d9f3105a80.jpg?v=1662059777,kg,,,
chumbada-jig-head-esferica-60-laranja-anzois-maiores,,,,,,,,,70g,,,5/0,,,,,'4075080512007050,70.0,,0,deny,manual,6.86,,true,false,,,,,,,,,,,,,,,,,,,,,,,,,,,,https://cdn.shopify.com/s/files/1/0454/5845/6736/products/JHEsf60Natural_49b981de-ce37-4a1d-80a8-94d9f3105a80.jpg?v=1662059777,kg,,,
chumbada-jig-head-esferica-60-natural-anzois-maiores,Anzol Jig Head 60° Esférica Natural Anzóis Maiores (3/0 - 5/0),<p>Anzol Jig Head Esférica</p>,Chumbada Oficial,Sem categoria,"","60 Graus, Jig Head, jig head esferica, Jig Head Esferica Maior, jig head esferica natural, natural",true,Peso,2g,,Tamanho do Anzol,3/0,,,,,'4075070112000230,2.0,shopify,-10,deny,manual,1.93,,true,false,,,,,,https://cdn.shopify.com/s/files/1/0454/5845/6736/products/JHEsf60Natural1.png?v=1701356647,1,Chumbada Jig Head 60 Graus,false,,,,,,,,,,,,,,,,,,,https://cdn.shopify.com/s/files/1/0454/5845/6736/products/JHEsf60Natural1.png?v=1701356647,kg,,,active
chumbada-jig-head-esferica-60-natural-anzois-maiores,,,,,,,,,2g,,,4/0,,,,,'4075070112000240,2.0,,0,deny,manual,1.93,,true,false,,,,,,https://cdn.shopify.com/s/files/1/0454/5845/6736/products/TamanhoJH60oTam3-0_df55f56f-bcca-4ec1-b3a7-7e45af9f3f10.png?v=1701356647,2,Chumbada Jig Head 60 Graus,,,,,,,,,,,,,,,,,,,,https://cdn.shopify.com/s/files/1/0454/5845/6736/products/JHEsf60Natural1.png?v=1701356647,kg,,,
chumbada-jig-head-esferica-60-natural-anzois-maiores,,,,,,,,,2g,,,5/0,,,,,'4075070112000250,2.0,,0,deny,manual,1.93,,true,false,,,,,,https://cdn.shopify.com/s/files/1/0454/5845/6736/products/TamanhoJH60oTam4-0_9f668523-9438-4352-810e-35fc5e8c5ba2.png?v=1701356647,3,Chumbada Jig Head 60 Graus,,,,,,,,,,,,,,,,,,,,https://cdn.shopify.com/s/files/1/0454/5845/6736/products/JHEsf60Natural1.png?v=1701356647,kg,,,
chumbada-jig-head-esferica-60-natural-anzois-maiores,,,,,,,,,4g,,,3/0,,,,,'4075070112000430,4.0,shopify,0,deny,manual,1.93,,true,false,,,,,,https://cdn.shopify.com/s/files/1/0454/5845/6736/products/TamanhoJH60oTam5-0_4eb73881-2715-4967-bb8f-6693d07f5877.png?v=1701356648,4,Chumbada Jig Head 60 Graus,,,,,,,,,,,,,,,,,,,,https://cdn.shopify.com/s/files/1/0454/5845/6736/products/JHEsf60Natural1.png?v=1701356647,kg,,,
chumbada-jig-head-esferica-60-natural-anzois-maiores,,,,,,,,,4g,,,4/0,,,,,'4075070112000440,4.0,,0,deny,manual,1.93,,true,false,,,,,,,,,,,,,,,,,,,,,,,,,,,,https://cdn.shopify.com/s/files/1/0454/5845/6736/products/JHEsf60Natural1.png?v=1701356647,kg,,,
chumbada-jig-head-esferica-60-natural-anzois-maiores,,,,,,,,,4g,,,5/0,,,,,'4075070112000450,4.0,,0,deny,manual,1.93,,true,false,,,,,,,,,,,,,,,,,,,,,,,,,,,,https://cdn.shopify.com/s/files/1/0454/5845/6736/products/JHEsf60Natural1.png?v=1701356647,kg,,,
chumbada-jig-head-esferica-60-natural-anzois-maiores,,,,,,,,,5g,,,3/0,,,,,'4075070112000530,5.0,shopify,-10,deny,manual,2.20,,true,false,,,,,,,,,,,,,,,,,,,,,,,,,,,,https://cdn.shopify.com/s/files/1/0454/5845/6736/products/JHEsf60Natural1.png?v=1701356647,kg,,,
chumbada-jig-head-esferica-60-natural-anzois-maiores,,,,,,,,,5g,,,4/0,,,,,'4075070112000540,5.0,,0,deny,manual,2.20,,true,false,,,,,,,,,,,,,,,,,,,,,,,,,,,,https://cdn.shopify.com/s/files/1/0454/5845/6736/products/JHEsf60Natural1.png?v=1701356647,kg,,,
chumbada-jig-head-esferica-60-natural-anzois-maiores,,,,,,,,,5g,,,5/0,,,,,'4075070112000550,5.0,,0,deny,manual,2.20,,true,false,,,,,,,,,,,,,,,,,,,,,,,,,,,,https://cdn.shopify.com/s/files/1/0454/5845/6736/products/JHEsf60Natural1.png?v=1701356647,kg,,,
chumbada-jig-head-esferica-60-natural-anzois-maiores,,,,,,,,,6g,,,3/0,,,,,'4075070112000630,6.0,shopify,-15,deny,manual,2.20,,true,false,,,,,,,,,,,,,,,,,,,,,,,,,,,,https://cdn.shopify.com/s/files/1/0454/5845/6736/products/JHEsf60Natural1.png?v=1701356647,kg,,,
chumbada-jig-head-esferica-60-natural-anzois-maiores,,,,,,,,,6g,,,4/0,,,,,'4075070112000640,6.0,,0,deny,manual,2.20,,true,false,,,,,,,,,,,,,,,,,,,,,,,,,,,,https://cdn.shopify.com/s/files/1/0454/5845/6736/products/JHEsf60Natural1.png?v=1701356647,kg,,,
chumbada-jig-head-esferica-60-natural-anzois-maiores,,,,,,,,,6g,,,5/0,,,,,'4075070112000650,6.0,,0,deny,manual,2.20,,true,false,,,,,,,,,,,,,,,,,,,,,,,,,,,,https://cdn.shopify.com/s/files/1/0454/5845/6736/products/JHEsf60Natural1.png?v=1701356647,kg,,,
chumbada-jig-head-esferica-60-natural-anzois-maiores,,,,,,,,,8g,,,3/0,,,,,'4075070112000830,8.0,shopify,-15,deny,manual,2.20,,true,false,,,,,,,,,,,,,,,,,,,,,,,,,,,,https://cdn.shopify.com/s/files/1/0454/5845/6736/products/JHEsf60Natural1.png?v=1701356647,kg,,,
chumbada-jig-head-esferica-60-natural-anzois-maiores,,,,,,,,,8g,,,4/0,,,,,'4075070112000840,8.0,,-1,deny,manual,2.20,,true,false,,,,,,,,,,,,,,,,,,,,,,,,,,,,https://cdn.shopify.com/s/files/1/0454/5845/6736/products/JHEsf60Natural1.png?v=1701356647,kg,,,
chumbada-jig-head-esferica-60-natural-anzois-maiores,,,,,,,,,8g,,,5/0,,,,,'4075070112000850,8.0,,-1,deny,manual,2.20,,true,false,,,,,,,,,,,,,,,,,,,,,,,,,,,,https://cdn.shopify.com/s/files/1/0454/5845/6736/products/JHEsf60Natural1.png?v=1701356647,kg,,,
chumbada-jig-head-esferica-60-natural-anzois-maiores,,,,,,,,,10g,,,3/0,,,,,'4075070112001030,10.0,shopify,-45,deny,manual,2.66,,true,false,,,,,,,,,,,,,,,,,,,,,,,,,,,,https://cdn.shopify.com/s/files/1/0454/5845/6736/products/JHEsf60Natural1.png?v=1701356647,kg,,,
chumbada-jig-head-esferica-60-natural-anzois-maiores,,,,,,,,,10g,,,4/0,,,,,'4075070112001040,10.0,,-6,deny,manual,2.66,,true,false,,,,,,,,,,,,,,,,,,,,,,,,,,,,https://cdn.shopify.com/s/files/1/0454/5845/6736/products/JHEsf60Natural1.png?v=1701356647,kg,,,
chumbada-jig-head-esferica-60-natural-anzois-maiores,,,,,,,,,10g,,,5/0,,,,,'4075070112001050,10.0,,-1,deny,manual,2.66,,true,false,,,,,,,,,,,,,,,,,,,,,,,,,,,,https://cdn.shopify.com/s/files/1/0454/5845/6736/products/JHEsf60Natural1.png?v=1701356647,kg,,,
chumbada-jig-head-esferica-60-natural-anzois-maiores,,,,,,,,,12g,,,3/0,,,,,'4075070112001230,12.0,shopify,-15,deny,manual,2.66,,true,false,,,,,,,,,,,,,,,,,,,,,,,,,,,,https://cdn.shopify.com/s/files/1/0454/5845/6736/products/JHEsf60Natural1.png?v=1701356647,kg,,,
chumbada-jig-head-esferica-60-natural-anzois-maiores,,,,,,,,,12g,,,4/0,,,,,'4075070112001240,12.0,,-1,deny,manual,2.66,,true,false,,,,,,,,,,,,,,,,,,,,,,,,,,,,https://cdn.shopify.com/s/files/1/0454/5845/6736/products/JHEsf60Natural1.png?v=1701356647,kg,,,
chumbada-jig-head-esferica-60-natural-anzois-maiores,,,,,,,,,12g,,,5/0,,,,,'4075070112001250,12.0,,-1,deny,manual,2.66,,true,false,,,,,,,,,,,,,,,,,,,,,,,,,,,,https://cdn.shopify.com/s/files/1/0454/5845/6736/products/JHEsf60Natural1.png?v=1701356647,kg,,,
chumbada-jig-head-esferica-60-natural-anzois-maiores,,,,,,,,,14g,,,3/0,,,,,'4075070112001430,14.0,shopify,0,deny,manual,2.66,,true,false,,,,,,,,,,,,,,,,,,,,,,,,,,,,https://cdn.shopify.com/s/files/1/0454/5845/6736/products/JHEsf60Natural1.png?v=1701356647,kg,,,
chumbada-jig-head-esferica-60-natural-anzois-maiores,,,,,,,,,14g,,,4/0,,,,,'4075070112001440,14.0,,0,deny,manual,2.66,,true,false,,,,,,,,,,,,,,,,,,,,,,,,,,,,https://cdn.shopify.com/s/files/1/0454/5845/6736/products/JHEsf60Natural1.png?v=1701356647,kg,,,
chumbada-jig-head-esferica-60-natural-anzois-maiores,,,,,,,,,14g,,,5/0,,,,,'4075070112001450,14.0,,0,deny,manual,2.66,,true,false,,,,,,,,,,,,,,,,,,,,,,,,,,,,https://cdn.shopify.com/s/files/1/0454/5845/6736/products/JHEsf60Natural1.png?v=1701356647,kg,,,
chumbada-jig-head-esferica-60-natural-anzois-maiores,,,,,,,,,15g,,,3/0,,,,,'4075070112001530,15.0,shopify,-25,deny,manual,2.66,,true,false,,,,,,,,,,,,,,,,,,,,,,,,,,,,https://cdn.shopify.com/s/files/1/0454/5845/6736/products/JHEsf60Natural1.png?v=1701356647,kg,,,
chumbada-jig-head-esferica-60-natural-anzois-maiores,,,,,,,,,15g,,,4/0,,,,,'4075070112001540,15.0,,0,deny,manual,2.66,,true,false,,,,,,,,,,,,,,,,,,,,,,,,,,,,https://cdn.shopify.com/s/files/1/0454/5845/6736/products/JHEsf60Natural1.png?v=1701356647,kg,,,
chumbada-jig-head-esferica-60-natural-anzois-maiores,,,,,,,,,15g,,,5/0,,,,,'4075070112001550,15.0,,-10,deny,manual,2.66,,true,false,,,,,,,,,,,,,,,,,,,,,,,,,,,,https://cdn.shopify.com/s/files/1/0454/5845/6736/products/JHEsf60Natural1.png?v=1701356647,kg,,,
chumbada-jig-head-esferica-60-natural-anzois-maiores,,,,,,,,,20g,,,3/0,,,,,'4075070112002030,20.0,shopify,-25,deny,manual,3.17,,true,false,,,,,,,,,,,,,,,,,,,,,,,,,,,,https://cdn.shopify.com/s/files/1/0454/5845/6736/products/JHEsf60Natural1.png?v=1701356647,kg,,,
chumbada-jig-head-esferica-60-natural-anzois-maiores,,,,,,,,,20g,,,4/0,,,,,'4075070112002040,20.0,,-25,deny,manual,3.17,,true,false,,,,,,,,,,,,,,,,,,,,,,,,,,,,https://cdn.shopify.com/s/files/1/0454/5845/6736/products/JHEsf60Natural1.png?v=1701356647,kg,,,
chumbada-jig-head-esferica-60-natural-anzois-maiores,,,,,,,,,20g,,,5/0,,,,,'4075070112002050,20.0,,0,deny,manual,3.17,,true,false,,,,,,,,,,,,,,,,,,,,,,,,,,,,https://cdn.shopify.com/s/files/1/0454/5845/6736/products/JHEsf60Natural1.png?v=1701356647,kg,,,
chumbada-jig-head-esferica-60-natural-anzois-maiores,,,,,,,,,25g,,,3/0,,,,,'4075070112002530,25.0,shopify,-15,deny,manual,3.17,,true,false,,,,,,,,,,,,,,,,,,,,,,,,,,,,https://cdn.shopify.com/s/files/1/0454/5845/6736/products/JHEsf60Natural1.png?v=1701356647,kg,,,
chumbada-jig-head-esferica-60-natural-anzois-maiores,,,,,,,,,25g,,,4/0,,,,,'4075070112002540,25.0,,-30,deny,manual,3.17,,true,false,,,,,,,,,,,,,,,,,,,,,,,,,,,,https://cdn.shopify.com/s/files/1/0454/5845/6736/products/JHEsf60Natural1.png?v=1701356647,kg,,,
chumbada-jig-head-esferica-60-natural-anzois-maiores,,,,,,,,,25g,,,5/0,,,,,'4075070112002550,25.0,,-10,deny,manual,3.17,,true,false,,,,,,,,,,,,,,,,,,,,,,,,,,,,https://cdn.shopify.com/s/files/1/0454/5845/6736/products/JHEsf60Natural1.png?v=1701356647,kg,,,
chumbada-jig-head-esferica-60-natural-anzois-maiores,,,,,,,,,30g,,,3/0,,,,,'4075070112003030,30.0,shopify,-15,deny,manual,3.17,,true,false,,,,,,,,,,,,,,,,,,,,,,,,,,,,https://cdn.shopify.com/s/files/1/0454/5845/6736/products/JHEsf60Natural1.png?v=1701356647,kg,,,
chumbada-jig-head-esferica-60-natural-anzois-maiores,,,,,,,,,30g,,,4/0,,,,,'4075070112003040,30.0,,-15,deny,manual,3.17,,true,false,,,,,,,,,,,,,,,,,,,,,,,,,,,,https://cdn.shopify.com/s/files/1/0454/5845/6736/products/JHEsf60Natural1.png?v=1701356647,kg,,,
chumbada-jig-head-esferica-60-natural-anzois-maiores,,,,,,,,,30g,,,5/0,,,,,'4075070112003050,30.0,,-10,deny,manual,3.17,,true,false,,,,,,,,,,,,,,,,,,,,,,,,,,,,https://cdn.shopify.com/s/files/1/0454/5845/6736/products/JHEsf60Natural1.png?v=1701356647,kg,,,
chumbada-jig-head-esferica-60-natural-anzois-maiores,,,,,,,,,40g,,,3/0,,,,,'4075070112004030,40.0,shopify,-10,deny,manual,3.82,,true,false,,,,,,,,,,,,,,,,,,,,,,,,,,,,https://cdn.shopify.com/s/files/1/0454/5845/6736/products/JHEsf60Natural1.png?v=1701356647,kg,,,
chumbada-jig-head-esferica-60-natural-anzois-maiores,,,,,,,,,40g,,,4/0,,,,,'4075070112004040,40.0,,-15,deny,manual,3.82,,true,false,,,,,,,,,,,,,,,,,,,,,,,,,,,,https://cdn.shopify.com/s/files/1/0454/5845/6736/products/JHEsf60Natural1.png?v=1701356647,kg,,,
chumbada-jig-head-esferica-60-natural-anzois-maiores,,,,,,,,,40g,,,5/0,,,,,'4075070112004050,40.0,,-6,deny,manual,3.82,,true,false,,,,,,,,,,,,,,,,,,,,,,,,,,,,https://cdn.shopify.com/s/files/1/0454/5845/6736/products/JHEsf60Natural1.png?v=1701356647,kg,,,
chumbada-jig-head-esferica-60-natural-anzois-maiores,,,,,,,,,50g,,,3/0,,,,,'4075070112005030,50.0,shopify,-21,deny,manual,5.06,,true,false,,,,,,,,,,,,,,,,,,,,,,,,,,,,https://cdn.shopify.com/s/files/1/0454/5845/6736/products/JHEsf60Natural1.png?v=1701356647,kg,,,
chumbada-jig-head-esferica-60-natural-anzois-maiores,,,,,,,,,50g,,,4/0,,,,,'4075070112005040,50.0,,-15,deny,manual,5.06,,true,false,,,,,,,,,,,,,,,,,,,,,,,,,,,,https://cdn.shopify.com/s/files/1/0454/5845/6736/products/JHEsf60Natural1.png?v=1701356647,kg,,,
chumbada-jig-head-esferica-60-natural-anzois-maiores,,,,,,,,,50g,,,5/0,,,,,'4075070112005050,50.0,,0,deny,manual,5.06,,true,false,,,,,,,,,,,,,,,,,,,,,,,,,,,,https://cdn.shopify.com/s/files/1/0454/5845/6736/products/JHEsf60Natural1.png?v=1701356647,kg,,,
chumbada-jig-head-esferica-60-natural-anzois-maiores,,,,,,,,,60g,,,3/0,,,,,'4075070112006030,60.0,shopify,0,deny,manual,5.06,,true,false,,,,,,,,,,,,,,,,,,,,,,,,,,,,https://cdn.shopify.com/s/files/1/0454/5845/6736/products/JHEsf60Natural1.png?v=1701356647,kg,,,
chumbada-jig-head-esferica-60-natural-anzois-maiores,,,,,,,,,60g,,,4/0,,,,,'4075070112006040,60.0,,0,deny,manual,5.06,,true,false,,,,,,,,,,,,,,,,,,,,,,,,,,,,https://cdn.shopify.com/s/files/1/0454/5845/6736/products/JHEsf60Natural1.png?v=1701356647,kg,,,
chumbada-jig-head-esferica-60-natural-anzois-maiores,,,,,,,,,60g,,,5/0,,,,,'4075070112006050,60.0,,-10,deny,manual,5.06,,true,false,,,,,,,,,,,,,,,,,,,,,,,,,,,,https://cdn.shopify.com/s/files/1/0454/5845/6736/products/JHEsf60Natural1.png?v=1701356647,kg,,,
chumbada-jig-head-esferica-60-natural-anzois-maiores,,,,,,,,,70g,,,3/0,,,,,'4075070112007030,70.0,shopify,0,deny,manual,5.06,,true,false,,,,,,,,,,,,,,,,,,,,,,,,,,,,https://cdn.shopify.com/s/files/1/0454/5845/6736/products/JHEsf60Natural1.png?v=1701356647,kg,,,
chumbada-jig-head-esferica-60-natural-anzois-maiores,,,,,,,,,70g,,,4/0,,,,,'4075070112007040,70.0,,0,deny,manual,5.06,,true,false,,,,,,,,,,,,,,,,,,,,,,,,,,,,https://cdn.shopify.com/s/files/1/0454/5845/6736/products/JHEsf60Natural1.png?v=1701356647,kg,,,
chumbada-jig-head-esferica-60-natural-anzois-maiores,,,,,,,,,70g,,,5/0,,,,,'4075070112007050,70.0,,-10,deny,manual,5.06,,true,false,,,,,,,,,,,,,,,,,,,,,,,,,,,,https://cdn.shopify.com/s/files/1/0454/5845/6736/products/JHEsf60Natural1.png?v=1701356647,kg,,,
chumbada-jig-head-esferica-60-preta-anzois-maiores,Anzol Jig Head 60° Esférica Preta Anzóis Maiores (3/0 - 5/0),<p>Anzol Jig Head Esférica</p>,Chumbada Oficial,Sem categoria,"","60 Graus, Jig Head, jig head esferica, Jig Head Esferica Maior",true,Peso,5g,,Tamanho do Anzol,3/0,,,,,'4075080212000530,5.0,shopify,-41,deny,manual,3.00,,true,false,,,,,,https://cdn.shopify.com/s/files/1/0454/5845/6736/products/JHEsf60Natural_75c90145-8265-4d6f-bc30-2ed5b0c9d184.jpg?v=1662059791,1,Chumbada Jig Head 60 Graus,false,,,,,,,,,,,,,,,,,,,https://cdn.shopify.com/s/files/1/0454/5845/6736/products/JHEsf60Natural_75c90145-8265-4d6f-bc30-2ed5b0c9d184.jpg?v=1662059791,kg,,,active
chumbada-jig-head-esferica-60-preta-anzois-maiores,,,,,,,,,5g,,,4/0,,,,,'4075080212000540,5.0,,-60,deny,manual,3.00,,true,false,,,,,,https://cdn.shopify.com/s/files/1/0454/5845/6736/products/TamanhoJH60oTam3-0_df63af6e-f42f-4599-82d3-86320d01e1b1.jpg?v=1662059791,2,Chumbada Jig Head 60 Graus,,,,,,,,,,,,,,,,,,,,https://cdn.shopify.com/s/files/1/0454/5845/6736/products/JHEsf60Natural_75c90145-8265-4d6f-bc30-2ed5b0c9d184.jpg?v=1662059791,kg,,,
chumbada-jig-head-esferica-60-preta-anzois-maiores,,,,,,,,,5g,,,5/0,,,,,'4075080212000550,5.0,,-61,deny,manual,3.00,,true,false,,,,,,https://cdn.shopify.com/s/files/1/0454/5845/6736/products/TamanhoJH60oTam4-0_d89ccddb-84b4-4c98-acb9-950450c1c8b7.jpg?v=1662059791,3,Chumbada Jig Head 60 Graus,,,,,,,,,,,,,,,,,,,,https://cdn.shopify.com/s/files/1/0454/5845/6736/products/JHEsf60Natural_75c90145-8265-4d6f-bc30-2ed5b0c9d184.jpg?v=1662059791,kg,,,
chumbada-jig-head-esferica-60-preta-anzois-maiores,,,,,,,,,6g,,,3/0,,,,,'4075080212000630,6.0,shopify,0,deny,manual,3.00,,true,false,,,,,,https://cdn.shopify.com/s/files/1/0454/5845/6736/products/TamanhoJH60oTam5-0_4fa9f102-94f7-4c1a-8f72-e61d3e22d8fa.jpg?v=1662059791,4,Chumbada Jig Head 60 Graus,,,,,,,,,,,,,,,,,,,,https://cdn.shopify.com/s/files/1/0454/5845/6736/products/JHEsf60Natural_75c90145-8265-4d6f-bc30-2ed5b0c9d184.jpg?v=1662059791,kg,,,
chumbada-jig-head-esferica-60-preta-anzois-maiores,,,,,,,,,6g,,,4/0,,,,,'4075080212000640,6.0,,-10,deny,manual,3.00,,true,false,,,,,,,,,,,,,,,,,,,,,,,,,,,,https://cdn.shopify.com/s/files/1/0454/5845/6736/products/JHEsf60Natural_75c90145-8265-4d6f-bc30-2ed5b0c9d184.jpg?v=1662059791,kg,,,
chumbada-jig-head-esferica-60-preta-anzois-maiores,,,,,,,,,6g,,,5/0,,,,,'4075080212000650,6.0,,0,deny,manual,3.00,,true,false,,,,,,,,,,,,,,,,,,,,,,,,,,,,https://cdn.shopify.com/s/files/1/0454/5845/6736/products/JHEsf60Natural_75c90145-8265-4d6f-bc30-2ed5b0c9d184.jpg?v=1662059791,kg,,,
chumbada-jig-head-esferica-60-preta-anzois-maiores,,,,,,,,,8g,,,3/0,,,,,'4075080212000830,8.0,shopify,-10,deny,manual,3.00,,true,false,,,,,,,,,,,,,,,,,,,,,,,,,,,,https://cdn.shopify.com/s/files/1/0454/5845/6736/products/JHEsf60Natural_75c90145-8265-4d6f-bc30-2ed5b0c9d184.jpg?v=1662059791,kg,,,
chumbada-jig-head-esferica-60-preta-anzois-maiores,,,,,,,,,8g,,,4/0,,,,,'4075080212000840,8.0,,0,deny,manual,3.00,,true,false,,,,,,,,,,,,,,,,,,,,,,,,,,,,https://cdn.shopify.com/s/files/1/0454/5845/6736/products/JHEsf60Natural_75c90145-8265-4d6f-bc30-2ed5b0c9d184.jpg?v=1662059791,kg,,,
chumbada-jig-head-esferica-60-preta-anzois-maiores,,,,,,,,,8g,,,5/0,,,,,'4075080212000850,8.0,,0,deny,manual,3.00,,true,false,,,,,,,,,,,,,,,,,,,,,,,,,,,,https://cdn.shopify.com/s/files/1/0454/5845/6736/products/JHEsf60Natural_75c90145-8265-4d6f-bc30-2ed5b0c9d184.jpg?v=1662059791,kg,,,
chumbada-jig-head-esferica-60-preta-anzois-maiores,,,,,,,,,10g,,,3/0,,,,,'4075080212001030,10.0,shopify,0,deny,manual,3.86,,true,false,,,,,,,,,,,,,,,,,,,,,,,,,,,,https://cdn.shopify.com/s/files/1/0454/5845/6736/products/JHEsf60Natural_75c90145-8265-4d6f-bc30-2ed5b0c9d184.jpg?v=1662059791,kg,,,
chumbada-jig-head-esferica-60-preta-anzois-maiores,,,,,,,,,10g,,,4/0,,,,,'4075080212001040,10.0,,-21,deny,manual,3.86,,true,false,,,,,,,,,,,,,,,,,,,,,,,,,,,,https://cdn.shopify.com/s/files/1/0454/5845/6736/products/JHEsf60Natural_75c90145-8265-4d6f-bc30-2ed5b0c9d184.jpg?v=1662059791,kg,,,
chumbada-jig-head-esferica-60-preta-anzois-maiores,,,,,,,,,10g,,,5/0,,,,,'4075080212001050,10.0,,0,deny,manual,3.86,,true,false,,,,,,,,,,,,,,,,,,,,,,,,,,,,https://cdn.shopify.com/s/files/1/0454/5845/6736/products/JHEsf60Natural_75c90145-8265-4d6f-bc30-2ed5b0c9d184.jpg?v=1662059791,kg,,,
chumbada-jig-head-esferica-60-preta-anzois-maiores,,,,,,,,,12g,,,3/0,,,,,'4075080212001230,12.0,shopify,0,deny,manual,3.86,,true,false,,,,,,,,,,,,,,,,,,,,,,,,,,,,https://cdn.shopify.com/s/files/1/0454/5845/6736/products/JHEsf60Natural_75c90145-8265-4d6f-bc30-2ed5b0c9d184.jpg?v=1662059791,kg,,,
chumbada-jig-head-esferica-60-preta-anzois-maiores,,,,,,,,,12g,,,4/0,,,,,'4075080212001240,12.0,,-10,deny,manual,3.86,,true,false,,,,,,,,,,,,,,,,,,,,,,,,,,,,https://cdn.shopify.com/s/files/1/0454/5845/6736/products/JHEsf60Natural_75c90145-8265-4d6f-bc30-2ed5b0c9d184.jpg?v=1662059791,kg,,,
chumbada-jig-head-esferica-60-preta-anzois-maiores,,,,,,,,,12g,,,5/0,,,,,'4075080212001250,12.0,,0,deny,manual,3.86,,true,false,,,,,,,,,,,,,,,,,,,,,,,,,,,,https://cdn.shopify.com/s/files/1/0454/5845/6736/products/JHEsf60Natural_75c90145-8265-4d6f-bc30-2ed5b0c9d184.jpg?v=1662059791,kg,,,
chumbada-jig-head-esferica-60-preta-anzois-maiores,,,,,,,,,14g,,,3/0,,,,,'4075080212001430,14.0,shopify,0,deny,manual,3.86,,true,false,,,,,,,,,,,,,,,,,,,,,,,,,,,,https://cdn.shopify.com/s/files/1/0454/5845/6736/products/JHEsf60Natural_75c90145-8265-4d6f-bc30-2ed5b0c9d184.jpg?v=1662059791,kg,,,
chumbada-jig-head-esferica-60-preta-anzois-maiores,,,,,,,,,14g,,,4/0,,,,,'4075080212001440,14.0,,0,deny,manual,3.86,,true,false,,,,,,,,,,,,,,,,,,,,,,,,,,,,https://cdn.shopify.com/s/files/1/0454/5845/6736/products/JHEsf60Natural_75c90145-8265-4d6f-bc30-2ed5b0c9d184.jpg?v=1662059791,kg,,,
chumbada-jig-head-esferica-60-preta-anzois-maiores,,,,,,,,,14g,,,5/0,,,,,'4075080212001450,14.0,,0,deny,manual,3.86,,true,false,,,,,,,,,,,,,,,,,,,,,,,,,,,,https://cdn.shopify.com/s/files/1/0454/5845/6736/products/JHEsf60Natural_75c90145-8265-4d6f-bc30-2ed5b0c9d184.jpg?v=1662059791,kg,,,
chumbada-jig-head-esferica-60-preta-anzois-maiores,,,,,,,,,15g,,,3/0,,,,,'4075080212001530,15.0,shopify,0,deny,manual,3.86,,true,false,,,,,,,,,,,,,,,,,,,,,,,,,,,,https://cdn.shopify.com/s/files/1/0454/5845/6736/products/JHEsf60Natural_75c90145-8265-4d6f-bc30-2ed5b0c9d184.jpg?v=1662059791,kg,,,
chumbada-jig-head-esferica-60-preta-anzois-maiores,,,,,,,,,15g,,,4/0,,,,,'4075080212001540,15.0,,0,deny,manual,3.86,,true,false,,,,,,,,,,,,,,,,,,,,,,,,,,,,https://cdn.shopify.com/s/files/1/0454/5845/6736/products/JHEsf60Natural_75c90145-8265-4d6f-bc30-2ed5b0c9d184.jpg?v=1662059791,kg,,,
chumbada-jig-head-esferica-60-preta-anzois-maiores,,,,,,,,,15g,,,5/0,,,,,'4075080212001550,15.0,,0,deny,manual,3.86,,true,false,,,,,,,,,,,,,,,,,,,,,,,,,,,,https://cdn.shopify.com/s/files/1/0454/5845/6736/products/JHEsf60Natural_75c90145-8265-4d6f-bc30-2ed5b0c9d184.jpg?v=1662059791,kg,,,
chumbada-jig-head-esferica-60-preta-anzois-maiores,,,,,,,,,20g,,,3/0,,,,,'4075080212002030,20.0,shopify,0,deny,manual,4.37,,true,false,,,,,,,,,,,,,,,,,,,,,,,,,,,,https://cdn.shopify.com/s/files/1/0454/5845/6736/products/JHEsf60Natural_75c90145-8265-4d6f-bc30-2ed5b0c9d184.jpg?v=1662059791,kg,,,
chumbada-jig-head-esferica-60-preta-anzois-maiores,,,,,,,,,20g,,,4/0,,,,,'4075080212002040,20.0,,0,deny,manual,4.37,,true,false,,,,,,,,,,,,,,,,,,,,,,,,,,,,https://cdn.shopify.com/s/files/1/0454/5845/6736/products/JHEsf60Natural_75c90145-8265-4d6f-bc30-2ed5b0c9d184.jpg?v=1662059791,kg,,,
chumbada-jig-head-esferica-60-preta-anzois-maiores,,,,,,,,,20g,,,5/0,,,,,'4075080212002050,20.0,,0,deny,manual,4.37,,true,false,,,,,,,,,,,,,,,,,,,,,,,,,,,,https://cdn.shopify.com/s/files/1/0454/5845/6736/products/JHEsf60Natural_75c90145-8265-4d6f-bc30-2ed5b0c9d184.jpg?v=1662059791,kg,,,
chumbada-jig-head-esferica-60-preta-anzois-maiores,,,,,,,,,25g,,,3/0,,,,,'4075080212002530,25.0,shopify,0,deny,manual,4.37,,true,false,,,,,,,,,,,,,,,,,,,,,,,,,,,,https://cdn.shopify.com/s/files/1/0454/5845/6736/products/JHEsf60Natural_75c90145-8265-4d6f-bc30-2ed5b0c9d184.jpg?v=1662059791,kg,,,
chumbada-jig-head-esferica-60-preta-anzois-maiores,,,,,,,,,25g,,,4/0,,,,,'4075080212002540,25.0,,0,deny,manual,4.37,,true,false,,,,,,,,,,,,,,,,,,,,,,,,,,,,https://cdn.shopify.com/s/files/1/0454/5845/6736/products/JHEsf60Natural_75c90145-8265-4d6f-bc30-2ed5b0c9d184.jpg?v=1662059791,kg,,,
chumbada-jig-head-esferica-60-preta-anzois-maiores,,,,,,,,,25g,,,5/0,,,,,'4075080212002550,25.0,,0,deny,manual,4.37,,true,false,,,,,,,,,,,,,,,,,,,,,,,,,,,,https://cdn.shopify.com/s/files/1/0454/5845/6736/products/JHEsf60Natural_75c90145-8265-4d6f-bc30-2ed5b0c9d184.jpg?v=1662059791,kg,,,
chumbada-jig-head-esferica-60-preta-anzois-maiores,,,,,,,,,30g,,,3/0,,,,,'4075080212003030,30.0,shopify,-11,deny,manual,4.37,,true,false,,,,,,,,,,,,,,,,,,,,,,,,,,,,https://cdn.shopify.com/s/files/1/0454/5845/6736/products/JHEsf60Natural_75c90145-8265-4d6f-bc30-2ed5b0c9d184.jpg?v=1662059791,kg,,,
chumbada-jig-head-esferica-60-preta-anzois-maiores,,,,,,,,,30g,,,4/0,,,,,'4075080212003040,30.0,,0,deny,manual,4.37,,true,false,,,,,,,,,,,,,,,,,,,,,,,,,,,,https://cdn.shopify.com/s/files/1/0454/5845/6736/products/JHEsf60Natural_75c90145-8265-4d6f-bc30-2ed5b0c9d184.jpg?v=1662059791,kg,,,
chumbada-jig-head-esferica-60-preta-anzois-maiores,,,,,,,,,30g,,,5/0,,,,,'4075080212003050,30.0,,-40,deny,manual,4.37,,true,false,,,,,,,,,,,,,,,,,,,,,,,,,,,,https://cdn.shopify.com/s/files/1/0454/5845/6736/products/JHEsf60Natural_75c90145-8265-4d6f-bc30-2ed5b0c9d184.jpg?v=1662059791,kg,,,
chumbada-jig-head-esferica-60-preta-anzois-maiores,,,,,,,,,40g,,,3/0,,,,,'4075080212004030,40.0,shopify,0,deny,manual,5.62,,true,false,,,,,,,,,,,,,,,,,,,,,,,,,,,,https://cdn.shopify.com/s/files/1/0454/5845/6736/products/JHEsf60Natural_75c90145-8265-4d6f-bc30-2ed5b0c9d184.jpg?v=1662059791,kg,,,
chumbada-jig-head-esferica-60-preta-anzois-maiores,,,,,,,,,40g,,,4/0,,,,,'4075080212004040,40.0,,-11,deny,manual,5.62,,true,false,,,,,,,,,,,,,,,,,,,,,,,,,,,,https://cdn.shopify.com/s/files/1/0454/5845/6736/products/JHEsf60Natural_75c90145-8265-4d6f-bc30-2ed5b0c9d184.jpg?v=1662059791,kg,,,
chumbada-jig-head-esferica-60-preta-anzois-maiores,,,,,,,,,40g,,,5/0,,,,,'4075080212004050,40.0,,0,deny,manual,5.62,,true,false,,,,,,,,,,,,,,,,,,,,,,,,,,,,https://cdn.shopify.com/s/files/1/0454/5845/6736/products/JHEsf60Natural_75c90145-8265-4d6f-bc30-2ed5b0c9d184.jpg?v=1662059791,kg,,,
chumbada-jig-head-esferica-60-preta-anzois-maiores,,,,,,,,,50g,,,3/0,,,,,'4075080212005030,50.0,shopify,0,deny,manual,6.86,,true,false,,,,,,,,,,,,,,,,,,,,,,,,,,,,https://cdn.shopify.com/s/files/1/0454/5845/6736/products/JHEsf60Natural_75c90145-8265-4d6f-bc30-2ed5b0c9d184.jpg?v=1662059791,kg,,,
chumbada-jig-head-esferica-60-preta-anzois-maiores,,,,,,,,,50g,,,4/0,,,,,'4075080212005040,50.0,,0,deny,manual,6.86,,true,false,,,,,,,,,,,,,,,,,,,,,,,,,,,,https://cdn.shopify.com/s/files/1/0454/5845/6736/products/JHEsf60Natural_75c90145-8265-4d6f-bc30-2ed5b0c9d184.jpg?v=1662059791,kg,,,
chumbada-jig-head-esferica-60-preta-anzois-maiores,,,,,,,,,50g,,,5/0,,,,,'4075080212005050,50.0,,0,deny,manual,6.86,,true,false,,,,,,,,,,,,,,,,,,,,,,,,,,,,https://cdn.shopify.com/s/files/1/0454/5845/6736/products/JHEsf60Natural_75c90145-8265-4d6f-bc30-2ed5b0c9d184.jpg?v=1662059791,kg,,,
chumbada-jig-head-esferica-60-preta-anzois-maiores,,,,,,,,,60g,,,3/0,,,,,'4075080212006030,60.0,shopify,0,deny,manual,6.86,,true,false,,,,,,,,,,,,,,,,,,,,,,,,,,,,https://cdn.shopify.com/s/files/1/0454/5845/6736/products/JHEsf60Natural_75c90145-8265-4d6f-bc30-2ed5b0c9d184.jpg?v=1662059791,kg,,,
chumbada-jig-head-esferica-60-preta-anzois-maiores,,,,,,,,,60g,,,4/0,,,,,'4075080212006040,60.0,,0,deny,manual,6.86,,true,false,,,,,,,,,,,,,,,,,,,,,,,,,,,,https://cdn.shopify.com/s/files/1/0454/5845/6736/products/JHEsf60Natural_75c90145-8265-4d6f-bc30-2ed5b0c9d184.jpg?v=1662059791,kg,,,
chumbada-jig-head-esferica-60-preta-anzois-maiores,,,,,,,,,60g,,,5/0,,,,,'4075080212006050,60.0,,0,deny,manual,6.86,,true,false,,,,,,,,,,,,,,,,,,,,,,,,,,,,https://cdn.shopify.com/s/files/1/0454/5845/6736/products/JHEsf60Natural_75c90145-8265-4d6f-bc30-2ed5b0c9d184.jpg?v=1662059791,kg,,,
chumbada-jig-head-esferica-60-preta-anzois-maiores,,,,,,,,,70g,,,3/0,,,,,'4075080212007030,70.0,shopify,0,deny,manual,6.86,,true,false,,,,,,,,,,,,,,,,,,,,,,,,,,,,https://cdn.shopify.com/s/files/1/0454/5845/6736/products/JHEsf60Natural_75c90145-8265-4d6f-bc30-2ed5b0c9d184.jpg?v=1662059791,kg,,,
chumbada-jig-head-esferica-60-preta-anzois-maiores,,,,,,,,,70g,,,4/0,,,,,'4075080212007040,70.0,,0,deny,manual,6.86,,true,false,,,,,,,,,,,,,,,,,,,,,,,,,,,,https://cdn.shopify.com/s/files/1/0454/5845/6736/products/JHEsf60Natural_75c90145-8265-4d6f-bc30-2ed5b0c9d184.jpg?v=1662059791,kg,,,
chumbada-jig-head-esferica-60-preta-anzois-maiores,,,,,,,,,70g,,,5/0,,,,,'4075080212007050,70.0,,0,deny,manual,6.86,,true,false,,,,,,,,,,,,,,,,,,,,,,,,,,,,https://cdn.shopify.com/s/files/1/0454/5845/6736/products/JHEsf60Natural_75c90145-8265-4d6f-bc30-2ed5b0c9d184.jpg?v=1662059791,kg,,,
chumbada-jig-head-esferica-60-vermelha-anzois-maiores,Anzol Jig Head 60° Esférica Vermelha Anzóis Maiores (3/0 - 5/0),<p>Anzol Jig Head Esférica</p>,Chumbada Oficial,Sem categoria,"","60 Graus, Jig Head, jig head esferica, Jig Head Esferica Maior",true,Peso,5g,,Tamanho do Anzol,3/0,,,,,'4075080412000530,5.0,shopify,-11,deny,manual,3.00,,true,false,,,,,,https://cdn.shopify.com/s/files/1/0454/5845/6736/products/JHEsf60Natural_a1c48c4a-d664-4217-9679-857518609823.jpg?v=1662059811,1,Chumbada Jig Head 60 Graus,false,,,,,,,,,,,,,,,,,,,https://cdn.shopify.com/s/files/1/0454/5845/6736/products/JHEsf60Natural_a1c48c4a-d664-4217-9679-857518609823.jpg?v=1662059811,kg,,,active
chumbada-jig-head-esferica-60-vermelha-anzois-maiores,,,,,,,,,5g,,,4/0,,,,,'4075080412000540,5.0,,0,deny,manual,3.00,,true,false,,,,,,https://cdn.shopify.com/s/files/1/0454/5845/6736/products/TamanhoJH60oTam3-0_aa767be2-21cd-4c93-9a32-85f1cb1d0c14.jpg?v=1662059811,2,Chumbada Jig Head 60 Graus,,,,,,,,,,,,,,,,,,,,https://cdn.shopify.com/s/files/1/0454/5845/6736/products/JHEsf60Natural_a1c48c4a-d664-4217-9679-857518609823.jpg?v=1662059811,kg,,,
chumbada-jig-head-esferica-60-vermelha-anzois-maiores,,,,,,,,,5g,,,5/0,,,,,'4075080412000550,5.0,,0,deny,manual,3.00,,true,false,,,,,,https://cdn.shopify.com/s/files/1/0454/5845/6736/products/TamanhoJH60oTam4-0_2c51bf7f-b601-41fa-8299-b4f11a804eed.jpg?v=1662059811,3,Chumbada Jig Head 60 Graus,,,,,,,,,,,,,,,,,,,,https://cdn.shopify.com/s/files/1/0454/5845/6736/products/JHEsf60Natural_a1c48c4a-d664-4217-9679-857518609823.jpg?v=1662059811,kg,,,
chumbada-jig-head-esferica-60-vermelha-anzois-maiores,,,,,,,,,6g,,,3/0,,,,,'4075080412000630,6.0,shopify,0,deny,manual,3.00,,true,false,,,,,,https://cdn.shopify.com/s/files/1/0454/5845/6736/products/TamanhoJH60oTam5-0_ea167013-15d6-4d50-b86c-a6014c8dbdab.jpg?v=1662059811,4,Chumbada Jig Head 60 Graus,,,,,,,,,,,,,,,,,,,,https://cdn.shopify.com/s/files/1/0454/5845/6736/products/JHEsf60Natural_a1c48c4a-d664-4217-9679-857518609823.jpg?v=1662059811,kg,,,
chumbada-jig-head-esferica-60-vermelha-anzois-maiores,,,,,,,,,6g,,,4/0,,,,,'4075080412000640,6.0,,0,deny,manual,3.00,,true,false,,,,,,,,,,,,,,,,,,,,,,,,,,,,https://cdn.shopify.com/s/files/1/0454/5845/6736/products/JHEsf60Natural_a1c48c4a-d664-4217-9679-857518609823.jpg?v=1662059811,kg,,,
chumbada-jig-head-esferica-60-vermelha-anzois-maiores,,,,,,,,,6g,,,5/0,,,,,'4075080412000650,6.0,,0,deny,manual,3.00,,true,false,,,,,,,,,,,,,,,,,,,,,,,,,,,,https://cdn.shopify.com/s/files/1/0454/5845/6736/products/JHEsf60Natural_a1c48c4a-d664-4217-9679-857518609823.jpg?v=1662059811,kg,,,
chumbada-jig-head-esferica-60-vermelha-anzois-maiores,,,,,,,,,8g,,,3/0,,,,,'4075080412000830,8.0,shopify,-11,deny,manual,3.00,,true,false,,,,,,,,,,,,,,,,,,,,,,,,,,,,https://cdn.shopify.com/s/files/1/0454/5845/6736/products/JHEsf60Natural_a1c48c4a-d664-4217-9679-857518609823.jpg?v=1662059811,kg,,,
chumbada-jig-head-esferica-60-vermelha-anzois-maiores,,,,,,,,,8g,,,4/0,,,,,'4075080412000840,8.0,,0,deny,manual,3.00,,true,false,,,,,,,,,,,,,,,,,,,,,,,,,,,,https://cdn.shopify.com/s/files/1/0454/5845/6736/products/JHEsf60Natural_a1c48c4a-d664-4217-9679-857518609823.jpg?v=1662059811,kg,,,
chumbada-jig-head-esferica-60-vermelha-anzois-maiores,,,,,,,,,8g,,,5/0,,,,,'4075080412000850,8.0,,0,deny,manual,3.00,,true,false,,,,,,,,,,,,,,,,,,,,,,,,,,,,https://cdn.shopify.com/s/files/1/0454/5845/6736/products/JHEsf60Natural_a1c48c4a-d664-4217-9679-857518609823.jpg?v=1662059811,kg,,,
chumbada-jig-head-esferica-60-vermelha-anzois-maiores,,,,,,,,,10g,,,3/0,,,,,'4075080412001030,10.0,shopify,0,deny,manual,3.86,,true,false,,,,,,,,,,,,,,,,,,,,,,,,,,,,https://cdn.shopify.com/s/files/1/0454/5845/6736/products/JHEsf60Natural_a1c48c4a-d664-4217-9679-857518609823.jpg?v=1662059811,kg,,,
chumbada-jig-head-esferica-60-vermelha-anzois-maiores,,,,,,,,,10g,,,4/0,,,,,'4075080412001040,10.0,,0,deny,manual,3.86,,true,false,,,,,,,,,,,,,,,,,,,,,,,,,,,,https://cdn.shopify.com/s/files/1/0454/5845/6736/products/JHEsf60Natural_a1c48c4a-d664-4217-9679-857518609823.jpg?v=1662059811,kg,,,
chumbada-jig-head-esferica-60-vermelha-anzois-maiores,,,,,,,,,10g,,,5/0,,,,,'4075080412001050,10.0,,0,deny,manual,3.86,,true,false,,,,,,,,,,,,,,,,,,,,,,,,,,,,https://cdn.shopify.com/s/files/1/0454/5845/6736/products/JHEsf60Natural_a1c48c4a-d664-4217-9679-857518609823.jpg?v=1662059811,kg,,,
chumbada-jig-head-esferica-60-vermelha-anzois-maiores,,,,,,,,,12g,,,3/0,,,,,'4075080412001230,12.0,shopify,0,deny,manual,3.86,,true,false,,,,,,,,,,,,,,,,,,,,,,,,,,,,https://cdn.shopify.com/s/files/1/0454/5845/6736/products/JHEsf60Natural_a1c48c4a-d664-4217-9679-857518609823.jpg?v=1662059811,kg,,,
chumbada-jig-head-esferica-60-vermelha-anzois-maiores,,,,,,,,,12g,,,4/0,,,,,'4075080412001240,12.0,,0,deny,manual,3.86,,true,false,,,,,,,,,,,,,,,,,,,,,,,,,,,,https://cdn.shopify.com/s/files/1/0454/5845/6736/products/JHEsf60Natural_a1c48c4a-d664-4217-9679-857518609823.jpg?v=1662059811,kg,,,
chumbada-jig-head-esferica-60-vermelha-anzois-maiores,,,,,,,,,12g,,,5/0,,,,,'4075080412001250,12.0,,0,deny,manual,3.86,,true,false,,,,,,,,,,,,,,,,,,,,,,,,,,,,https://cdn.shopify.com/s/files/1/0454/5845/6736/products/JHEsf60Natural_a1c48c4a-d664-4217-9679-857518609823.jpg?v=1662059811,kg,,,
chumbada-jig-head-esferica-60-vermelha-anzois-maiores,,,,,,,,,14g,,,3/0,,,,,'4075080412001430,14.0,shopify,-11,deny,manual,3.86,,true,false,,,,,,,,,,,,,,,,,,,,,,,,,,,,https://cdn.shopify.com/s/files/1/0454/5845/6736/products/JHEsf60Natural_a1c48c4a-d664-4217-9679-857518609823.jpg?v=1662059811,kg,,,
chumbada-jig-head-esferica-60-vermelha-anzois-maiores,,,,,,,,,14g,,,4/0,,,,,'4075080412001440,14.0,,0,deny,manual,3.86,,true,false,,,,,,,,,,,,,,,,,,,,,,,,,,,,https://cdn.shopify.com/s/files/1/0454/5845/6736/products/JHEsf60Natural_a1c48c4a-d664-4217-9679-857518609823.jpg?v=1662059811,kg,,,
chumbada-jig-head-esferica-60-vermelha-anzois-maiores,,,,,,,,,14g,,,5/0,,,,,'4075080412001450,14.0,,0,deny,manual,3.86,,true,false,,,,,,,,,,,,,,,,,,,,,,,,,,,,https://cdn.shopify.com/s/files/1/0454/5845/6736/products/JHEsf60Natural_a1c48c4a-d664-4217-9679-857518609823.jpg?v=1662059811,kg,,,
chumbada-jig-head-esferica-60-vermelha-anzois-maiores,,,,,,,,,15g,,,3/0,,,,,'4075080412001530,15.0,shopify,0,deny,manual,3.86,,true,false,,,,,,,,,,,,,,,,,,,,,,,,,,,,https://cdn.shopify.com/s/files/1/0454/5845/6736/products/JHEsf60Natural_a1c48c4a-d664-4217-9679-857518609823.jpg?v=1662059811,kg,,,
chumbada-jig-head-esferica-60-vermelha-anzois-maiores,,,,,,,,,15g,,,4/0,,,,,'4075080412001540,15.0,,0,deny,manual,3.86,,true,false,,,,,,,,,,,,,,,,,,,,,,,,,,,,https://cdn.shopify.com/s/files/1/0454/5845/6736/products/JHEsf60Natural_a1c48c4a-d664-4217-9679-857518609823.jpg?v=1662059811,kg,,,
chumbada-jig-head-esferica-60-vermelha-anzois-maiores,,,,,,,,,15g,,,5/0,,,,,'4075080412001550,15.0,,0,deny,manual,3.86,,true,false,,,,,,,,,,,,,,,,,,,,,,,,,,,,https://cdn.shopify.com/s/files/1/0454/5845/6736/products/JHEsf60Natural_a1c48c4a-d664-4217-9679-857518609823.jpg?v=1662059811,kg,,,
chumbada-jig-head-esferica-60-vermelha-anzois-maiores,,,,,,,,,20g,,,3/0,,,,,'4075080412002030,20.0,shopify,0,deny,manual,4.37,,true,false,,,,,,,,,,,,,,,,,,,,,,,,,,,,https://cdn.shopify.com/s/files/1/0454/5845/6736/products/JHEsf60Natural_a1c48c4a-d664-4217-9679-857518609823.jpg?v=1662059811,kg,,,
chumbada-jig-head-esferica-60-vermelha-anzois-maiores,,,,,,,,,20g,,,4/0,,,,,'4075080412002040,20.0,,0,deny,manual,4.37,,true,false,,,,,,,,,,,,,,,,,,,,,,,,,,,,https://cdn.shopify.com/s/files/1/0454/5845/6736/products/JHEsf60Natural_a1c48c4a-d664-4217-9679-857518609823.jpg?v=1662059811,kg,,,
chumbada-jig-head-esferica-60-vermelha-anzois-maiores,,,,,,,,,20g,,,5/0,,,,,'4075080412002050,20.0,,0,deny,manual,4.37,,true,false,,,,,,,,,,,,,,,,,,,,,,,,,,,,https://cdn.shopify.com/s/files/1/0454/5845/6736/products/JHEsf60Natural_a1c48c4a-d664-4217-9679-857518609823.jpg?v=1662059811,kg,,,
chumbada-jig-head-esferica-60-vermelha-anzois-maiores,,,,,,,,,25g,,,3/0,,,,,'4075080412002530,25.0,shopify,-11,deny,manual,4.37,,true,false,,,,,,,,,,,,,,,,,,,,,,,,,,,,https://cdn.shopify.com/s/files/1/0454/5845/6736/products/JHEsf60Natural_a1c48c4a-d664-4217-9679-857518609823.jpg?v=1662059811,kg,,,
chumbada-jig-head-esferica-60-vermelha-anzois-maiores,,,,,,,,,25g,,,4/0,,,,,'4075080412002540,25.0,,0,deny,manual,4.37,,true,false,,,,,,,,,,,,,,,,,,,,,,,,,,,,https://cdn.shopify.com/s/files/1/0454/5845/6736/products/JHEsf60Natural_a1c48c4a-d664-4217-9679-857518609823.jpg?v=1662059811,kg,,,
chumbada-jig-head-esferica-60-vermelha-anzois-maiores,,,,,,,,,25g,,,5/0,,,,,'4075080412002550,25.0,,0,deny,manual,4.37,,true,false,,,,,,,,,,,,,,,,,,,,,,,,,,,,https://cdn.shopify.com/s/files/1/0454/5845/6736/products/JHEsf60Natural_a1c48c4a-d664-4217-9679-857518609823.jpg?v=1662059811,kg,,,
chumbada-jig-head-esferica-60-vermelha-anzois-maiores,,,,,,,,,30g,,,3/0,,,,,'4075080412003030,30.0,shopify,0,deny,manual,4.37,,true,false,,,,,,,,,,,,,,,,,,,,,,,,,,,,https://cdn.shopify.com/s/files/1/0454/5845/6736/products/JHEsf60Natural_a1c48c4a-d664-4217-9679-857518609823.jpg?v=1662059811,kg,,,
chumbada-jig-head-esferica-60-vermelha-anzois-maiores,,,,,,,,,30g,,,4/0,,,,,'4075080412003040,30.0,,0,deny,manual,4.37,,true,false,,,,,,,,,,,,,,,,,,,,,,,,,,,,https://cdn.shopify.com/s/files/1/0454/5845/6736/products/JHEsf60Natural_a1c48c4a-d664-4217-9679-857518609823.jpg?v=1662059811,kg,,,
chumbada-jig-head-esferica-60-vermelha-anzois-maiores,,,,,,,,,30g,,,5/0,,,,,'4075080412003050,30.0,,0,deny,manual,4.37,,true,false,,,,,,,,,,,,,,,,,,,,,,,,,,,,https://cdn.shopify.com/s/files/1/0454/5845/6736/products/JHEsf60Natural_a1c48c4a-d664-4217-9679-857518609823.jpg?v=1662059811,kg,,,
chumbada-jig-head-esferica-60-vermelha-anzois-maiores,,,,,,,,,40g,,,3/0,,,,,'4075080412004030,40.0,shopify,0,deny,manual,5.62,,true,false,,,,,,,,,,,,,,,,,,,,,,,,,,,,https://cdn.shopify.com/s/files/1/0454/5845/6736/products/JHEsf60Natural_a1c48c4a-d664-4217-9679-857518609823.jpg?v=1662059811,kg,,,
chumbada-jig-head-esferica-60-vermelha-anzois-maiores,,,,,,,,,40g,,,4/0,,,,,'4075080412004040,40.0,,0,deny,manual,5.62,,true,false,,,,,,,,,,,,,,,,,,,,,,,,,,,,https://cdn.shopify.com/s/files/1/0454/5845/6736/products/JHEsf60Natural_a1c48c4a-d664-4217-9679-857518609823.jpg?v=1662059811,kg,,,
chumbada-jig-head-esferica-60-vermelha-anzois-maiores,,,,,,,,,40g,,,5/0,,,,,'4075080412004050,40.0,,0,deny,manual,5.62,,true,false,,,,,,,,,,,,,,,,,,,,,,,,,,,,https://cdn.shopify.com/s/files/1/0454/5845/6736/products/JHEsf60Natural_a1c48c4a-d664-4217-9679-857518609823.jpg?v=1662059811,kg,,,
chumbada-jig-head-esferica-60-vermelha-anzois-maiores,,,,,,,,,50g,,,3/0,,,,,'4075080412005030,50.0,shopify,0,deny,manual,6.86,,true,false,,,,,,,,,,,,,,,,,,,,,,,,,,,,https://cdn.shopify.com/s/files/1/0454/5845/6736/products/JHEsf60Natural_a1c48c4a-d664-4217-9679-857518609823.jpg?v=1662059811,kg,,,
chumbada-jig-head-esferica-60-vermelha-anzois-maiores,,,,,,,,,50g,,,4/0,,,,,'4075080412005040,50.0,,0,deny,manual,6.86,,true,false,,,,,,,,,,,,,,,,,,,,,,,,,,,,https://cdn.shopify.com/s/files/1/0454/5845/6736/products/JHEsf60Natural_a1c48c4a-d664-4217-9679-857518609823.jpg?v=1662059811,kg,,,
chumbada-jig-head-esferica-60-vermelha-anzois-maiores,,,,,,,,,50g,,,5/0,,,,,'4075080412005050,50.0,,0,deny,manual,6.86,,true,false,,,,,,,,,,,,,,,,,,,,,,,,,,,,https://cdn.shopify.com/s/files/1/0454/5845/6736/products/JHEsf60Natural_a1c48c4a-d664-4217-9679-857518609823.jpg?v=1662059811,kg,,,
chumbada-jig-head-esferica-60-vermelha-anzois-maiores,,,,,,,,,60g,,,3/0,,,,,'4075080412006030,60.0,shopify,0,deny,manual,6.86,,true,false,,,,,,,,,,,,,,,,,,,,,,,,,,,,https://cdn.shopify.com/s/files/1/0454/5845/6736/products/JHEsf60Natural_a1c48c4a-d664-4217-9679-857518609823.jpg?v=1662059811,kg,,,
chumbada-jig-head-esferica-60-vermelha-anzois-maiores,,,,,,,,,60g,,,4/0,,,,,'4075080412006040,60.0,,0,deny,manual,6.86,,true,false,,,,,,,,,,,,,,,,,,,,,,,,,,,,https://cdn.shopify.com/s/files/1/0454/5845/6736/products/JHEsf60Natural_a1c48c4a-d664-4217-9679-857518609823.jpg?v=1662059811,kg,,,
chumbada-jig-head-esferica-60-vermelha-anzois-maiores,,,,,,,,,60g,,,5/0,,,,,'4075080412006050,60.0,,0,deny,manual,6.86,,true,false,,,,,,,,,,,,,,,,,,,,,,,,,,,,https://cdn.shopify.com/s/files/1/0454/5845/6736/products/JHEsf60Natural_a1c48c4a-d664-4217-9679-857518609823.jpg?v=1662059811,kg,,,
chumbada-jig-head-esferica-60-vermelha-anzois-maiores,,,,,,,,,70g,,,3/0,,,,,'4075080412007030,70.0,shopify,0,deny,manual,6.86,,true,false,,,,,,,,,,,,,,,,,,,,,,,,,,,,https://cdn.shopify.com/s/files/1/0454/5845/6736/products/JHEsf60Natural_a1c48c4a-d664-4217-9679-857518609823.jpg?v=1662059811,kg,,,
chumbada-jig-head-esferica-60-vermelha-anzois-maiores,,,,,,,,,70g,,,4/0,,,,,'4075080412007040,70.0,,0,deny,manual,6.86,,true,false,,,,,,,,,,,,,,,,,,,,,,,,,,,,https://cdn.shopify.com/s/files/1/0454/5845/6736/products/JHEsf60Natural_a1c48c4a-d664-4217-9679-857518609823.jpg?v=1662059811,kg,,,
chumbada-jig-head-esferica-60-vermelha-anzois-maiores,,,,,,,,,70g,,,5/0,,,,,'4075080412007050,70.0,,0,deny,manual,6.86,,true,false,,,,,,,,,,,,,,,,,,,,,,,,,,,,https://cdn.shopify.com/s/files/1/0454/5845/6736/products/JHEsf60Natural_a1c48c4a-d664-4217-9679-857518609823.jpg?v=1662059811,kg,,,
chumbada-jig-head-facetada-60-amarela-anzois-maiores,Anzol Jig Head 60° Facetada Amarela Anzóis Maiores (3/0 - 5/0),<p>Chumbada Jig Head Facetada</p>,Chumbada Oficial,Sem categoria,"","60 Graus, Jig Head, jig head facetada, Jig Head Facetada Maior",true,Peso,5g,,Tamanho do Anzol,3/0,,,,,'4076080612000530,5.0,shopify,-10,deny,manual,3.00,,true,false,,,,,,https://cdn.shopify.com/s/files/1/0454/5845/6736/products/JHFac60Natural.jpg?v=1662061571,1,Chumbada Jig Head 60 Graus,false,,,,,,,,,,,,,,,,,,,https://cdn.shopify.com/s/files/1/0454/5845/6736/products/JHFac60Natural.jpg?v=1662061571,kg,,,active
chumbada-jig-head-facetada-60-amarela-anzois-maiores,,,,,,,,,5g,,,4/0,,,,,'4076080612000540,5.0,,0,deny,manual,3.00,,true,false,,,,,,https://cdn.shopify.com/s/files/1/0454/5845/6736/products/TamanhoJH60oTam3-0_52eee161-be55-4ad2-ba3c-47fddbcfa82c.jpg?v=1662061571,2,Chumbada Jig Head 60 Graus,,,,,,,,,,,,,,,,,,,,https://cdn.shopify.com/s/files/1/0454/5845/6736/products/JHFac60Natural.jpg?v=1662061571,kg,,,
chumbada-jig-head-facetada-60-amarela-anzois-maiores,,,,,,,,,5g,,,5/0,,,,,'4076080612000550,5.0,,0,deny,manual,3.00,,true,false,,,,,,https://cdn.shopify.com/s/files/1/0454/5845/6736/products/TamanhoJH60oTam4-0_518b7994-9bcf-4a39-9aee-00686aef8d21.jpg?v=1662061571,3,Chumbada Jig Head 60 Graus,,,,,,,,,,,,,,,,,,,,https://cdn.shopify.com/s/files/1/0454/5845/6736/products/JHFac60Natural.jpg?v=1662061571,kg,,,
chumbada-jig-head-facetada-60-amarela-anzois-maiores,,,,,,,,,7g,,,3/0,,,,,'4076080612000730,7.0,shopify,-30,deny,manual,3.00,,true,false,,,,,,https://cdn.shopify.com/s/files/1/0454/5845/6736/products/TamanhoJH60oTam5-0_58b7b42e-465a-4c6d-98ba-85134565d102.jpg?v=1662061571,4,Chumbada Jig Head 60 Graus,,,,,,,,,,,,,,,,,,,,https://cdn.shopify.com/s/files/1/0454/5845/6736/products/JHFac60Natural.jpg?v=1662061571,kg,,,
chumbada-jig-head-facetada-60-amarela-anzois-maiores,,,,,,,,,7g,,,4/0,,,,,'4076080612000740,7.0,,-1,deny,manual,3.00,,true,false,,,,,,https://cdn.shopify.com/s/files/1/0454/5845/6736/files/01_ac4ebb5e-cfcf-434f-b4f4-952dc9c36119.jpg?v=1732198218,5,"",,,,,,,,,,,,,,,,,,,,https://cdn.shopify.com/s/files/1/0454/5845/6736/products/JHFac60Natural.jpg?v=1662061571,kg,,,
chumbada-jig-head-facetada-60-amarela-anzois-maiores,,,,,,,,,7g,,,5/0,,,,,'4076080612000750,7.0,,-1,deny,manual,3.00,,true,false,,,,,,,,,,,,,,,,,,,,,,,,,,,,https://cdn.shopify.com/s/files/1/0454/5845/6736/products/JHFac60Natural.jpg?v=1662061571,kg,,,
chumbada-jig-head-facetada-60-amarela-anzois-maiores,,,,,,,,,10g,,,3/0,,,,,'4076080612001030,10.0,shopify,-20,deny,manual,3.86,,true,false,,,,,,,,,,,,,,,,,,,,,,,,,,,,https://cdn.shopify.com/s/files/1/0454/5845/6736/products/JHFac60Natural.jpg?v=1662061571,kg,,,
chumbada-jig-head-facetada-60-amarela-anzois-maiores,,,,,,,,,10g,,,4/0,,,,,'4076080612001040,10.0,,-11,deny,manual,3.86,,true,false,,,,,,,,,,,,,,,,,,,,,,,,,,,,https://cdn.shopify.com/s/files/1/0454/5845/6736/products/JHFac60Natural.jpg?v=1662061571,kg,,,
chumbada-jig-head-facetada-60-amarela-anzois-maiores,,,,,,,,,10g,,,5/0,,,,,'4076080612001050,10.0,,-1,deny,manual,3.86,,true,false,,,,,,,,,,,,,,,,,,,,,,,,,,,,https://cdn.shopify.com/s/files/1/0454/5845/6736/products/JHFac60Natural.jpg?v=1662061571,kg,,,
chumbada-jig-head-facetada-60-amarela-anzois-maiores,,,,,,,,,12g,,,3/0,,,,,'4076080612001230,12.0,shopify,0,deny,manual,3.86,,true,false,,,,,,,,,,,,,,,,,,,,,,,,,,,,https://cdn.shopify.com/s/files/1/0454/5845/6736/products/JHFac60Natural.jpg?v=1662061571,kg,,,
chumbada-jig-head-facetada-60-amarela-anzois-maiores,,,,,,,,,12g,,,4/0,,,,,'4076080612001240,12.0,,-1,deny,manual,3.86,,true,false,,,,,,,,,,,,,,,,,,,,,,,,,,,,https://cdn.shopify.com/s/files/1/0454/5845/6736/products/JHFac60Natural.jpg?v=1662061571,kg,,,
chumbada-jig-head-facetada-60-amarela-anzois-maiores,,,,,,,,,12g,,,5/0,,,,,'4076080612001250,12.0,,-11,deny,manual,3.86,,true,false,,,,,,,,,,,,,,,,,,,,,,,,,,,,https://cdn.shopify.com/s/files/1/0454/5845/6736/products/JHFac60Natural.jpg?v=1662061571,kg,,,
chumbada-jig-head-facetada-60-amarela-anzois-maiores,,,,,,,,,15g,,,3/0,,,,,'4076080612001530,15.0,shopify,0,deny,manual,3.86,,true,false,,,,,,,,,,,,,,,,,,,,,,,,,,,,https://cdn.shopify.com/s/files/1/0454/5845/6736/products/JHFac60Natural.jpg?v=1662061571,kg,,,
chumbada-jig-head-facetada-60-amarela-anzois-maiores,,,,,,,,,15g,,,4/0,,,,,'4076080612001540,15.0,,0,deny,manual,3.86,,true,false,,,,,,,,,,,,,,,,,,,,,,,,,,,,https://cdn.shopify.com/s/files/1/0454/5845/6736/products/JHFac60Natural.jpg?v=1662061571,kg,,,
chumbada-jig-head-facetada-60-amarela-anzois-maiores,,,,,,,,,15g,,,5/0,,,,,'4076080612001550,15.0,,0,deny,manual,3.86,,true,false,,,,,,,,,,,,,,,,,,,,,,,,,,,,https://cdn.shopify.com/s/files/1/0454/5845/6736/products/JHFac60Natural.jpg?v=1662061571,kg,,,
chumbada-jig-head-facetada-60-amarela-anzois-maiores,,,,,,,,,17g,,,3/0,,,,,'4076080612001730,17.0,shopify,0,deny,manual,3.86,,true,false,,,,,,,,,,,,,,,,,,,,,,,,,,,,https://cdn.shopify.com/s/files/1/0454/5845/6736/products/JHFac60Natural.jpg?v=1662061571,kg,,,
chumbada-jig-head-facetada-60-amarela-anzois-maiores,,,,,,,,,17g,,,4/0,,,,,'4076080612001740,17.0,,0,deny,manual,3.86,,true,false,,,,,,,,,,,,,,,,,,,,,,,,,,,,https://cdn.shopify.com/s/files/1/0454/5845/6736/products/JHFac60Natural.jpg?v=1662061571,kg,,,
chumbada-jig-head-facetada-60-amarela-anzois-maiores,,,,,,,,,17g,,,5/0,,,,,'4076080612001750,17.0,,0,deny,manual,3.86,,true,false,,,,,,,,,,,,,,,,,,,,,,,,,,,,https://cdn.shopify.com/s/files/1/0454/5845/6736/products/JHFac60Natural.jpg?v=1662061571,kg,,,
chumbada-jig-head-facetada-60-amarela-anzois-maiores,,,,,,,,,20g,,,3/0,,,,,'4076080612002030,20.0,shopify,0,deny,manual,4.37,,true,false,,,,,,,,,,,,,,,,,,,,,,,,,,,,https://cdn.shopify.com/s/files/1/0454/5845/6736/products/JHFac60Natural.jpg?v=1662061571,kg,,,
chumbada-jig-head-facetada-60-amarela-anzois-maiores,,,,,,,,,20g,,,4/0,,,,,'4076080612002040,20.0,,0,deny,manual,4.37,,true,false,,,,,,,,,,,,,,,,,,,,,,,,,,,,https://cdn.shopify.com/s/files/1/0454/5845/6736/products/JHFac60Natural.jpg?v=1662061571,kg,,,
chumbada-jig-head-facetada-60-amarela-anzois-maiores,,,,,,,,,20g,,,5/0,,,,,'4076080612002050,20.0,,0,deny,manual,4.37,,true,false,,,,,,,,,,,,,,,,,,,,,,,,,,,,https://cdn.shopify.com/s/files/1/0454/5845/6736/products/JHFac60Natural.jpg?v=1662061571,kg,,,
chumbada-jig-head-facetada-60-laranja-anzois-maiores,Anzol Jig Head 60° Facetada Laranja Anzóis Maiores (3/0 - 5/0),<p>Chumbada Jig Head Facetada</p>,Chumbada Oficial,Sem categoria,"","60 Graus, Jig Head, jig head facetada, Jig Head Facetada Maior",true,Peso,5g,,Tamanho do Anzol,3/0,,,,,'4076080512000530,5.0,shopify,0,deny,manual,3.00,,true,false,,,,,,https://cdn.shopify.com/s/files/1/0454/5845/6736/products/JHFac60Natural_812921fd-56d8-4ed0-845c-03235480ecee.jpg?v=1662061590,1,Chumbada Jig Head 60 Graus,false,,,,,,,,,,,,,,,,,,,https://cdn.shopify.com/s/files/1/0454/5845/6736/products/JHFac60Natural_812921fd-56d8-4ed0-845c-03235480ecee.jpg?v=1662061590,kg,,,active
chumbada-jig-head-facetada-60-laranja-anzois-maiores,,,,,,,,,5g,,,4/0,,,,,'4076080512000540,5.0,,0,deny,manual,3.00,,true,false,,,,,,https://cdn.shopify.com/s/files/1/0454/5845/6736/products/TamanhoJH60oTam3-0_f73a7299-743a-4873-8b00-282b4d18ea50.jpg?v=1662061590,2,Chumbada Jig Head 60 Graus,,,,,,,,,,,,,,,,,,,,https://cdn.shopify.com/s/files/1/0454/5845/6736/products/JHFac60Natural_812921fd-56d8-4ed0-845c-03235480ecee.jpg?v=1662061590,kg,,,
chumbada-jig-head-facetada-60-laranja-anzois-maiores,,,,,,,,,5g,,,5/0,,,,,'4076080512000550,5.0,,0,deny,manual,3.00,,true,false,,,,,,https://cdn.shopify.com/s/files/1/0454/5845/6736/products/TamanhoJH60oTam4-0_6835abb1-f069-4659-b7ea-7177bf89c095.jpg?v=1662061590,3,Chumbada Jig Head 60 Graus,,,,,,,,,,,,,,,,,,,,https://cdn.shopify.com/s/files/1/0454/5845/6736/products/JHFac60Natural_812921fd-56d8-4ed0-845c-03235480ecee.jpg?v=1662061590,kg,,,
chumbada-jig-head-facetada-60-laranja-anzois-maiores,,,,,,,,,7g,,,3/0,,,,,'4076080512000730,7.0,shopify,0,deny,manual,3.00,,true,false,,,,,,https://cdn.shopify.com/s/files/1/0454/5845/6736/products/TamanhoJH60oTam5-0_addb913b-6650-40ba-b6ce-fd6427ac2bf6.jpg?v=1662061590,4,Chumbada Jig Head 60 Graus,,,,,,,,,,,,,,,,,,,,https://cdn.shopify.com/s/files/1/0454/5845/6736/products/JHFac60Natural_812921fd-56d8-4ed0-845c-03235480ecee.jpg?v=1662061590,kg,,,
chumbada-jig-head-facetada-60-laranja-anzois-maiores,,,,,,,,,7g,,,4/0,,,,,'4076080512000740,7.0,,0,deny,manual,3.00,,true,false,,,,,,https://cdn.shopify.com/s/files/1/0454/5845/6736/files/01_ed9d0613-bec8-4d1b-819a-6a3c57cd01c5.jpg?v=1732198246,5,"",,,,,,,,,,,,,,,,,,,,https://cdn.shopify.com/s/files/1/0454/5845/6736/products/JHFac60Natural_812921fd-56d8-4ed0-845c-03235480ecee.jpg?v=1662061590,kg,,,
chumbada-jig-head-facetada-60-laranja-anzois-maiores,,,,,,,,,7g,,,5/0,,,,,'4076080512000750,7.0,,0,deny,manual,3.00,,true,false,,,,,,,,,,,,,,,,,,,,,,,,,,,,https://cdn.shopify.com/s/files/1/0454/5845/6736/products/JHFac60Natural_812921fd-56d8-4ed0-845c-03235480ecee.jpg?v=1662061590,kg,,,
chumbada-jig-head-facetada-60-laranja-anzois-maiores,,,,,,,,,10g,,,3/0,,,,,'4076080512001030,10.0,shopify,0,deny,manual,3.86,,true,false,,,,,,,,,,,,,,,,,,,,,,,,,,,,https://cdn.shopify.com/s/files/1/0454/5845/6736/products/JHFac60Natural_812921fd-56d8-4ed0-845c-03235480ecee.jpg?v=1662061590,kg,,,
chumbada-jig-head-facetada-60-laranja-anzois-maiores,,,,,,,,,10g,,,4/0,,,,,'4076080512001040,10.0,,0,deny,manual,3.86,,true,false,,,,,,,,,,,,,,,,,,,,,,,,,,,,https://cdn.shopify.com/s/files/1/0454/5845/6736/products/JHFac60Natural_812921fd-56d8-4ed0-845c-03235480ecee.jpg?v=1662061590,kg,,,
chumbada-jig-head-facetada-60-laranja-anzois-maiores,,,,,,,,,10g,,,5/0,,,,,'4076080512001050,10.0,,0,deny,manual,3.86,,true,false,,,,,,,,,,,,,,,,,,,,,,,,,,,,https://cdn.shopify.com/s/files/1/0454/5845/6736/products/JHFac60Natural_812921fd-56d8-4ed0-845c-03235480ecee.jpg?v=1662061590,kg,,,
chumbada-jig-head-facetada-60-laranja-anzois-maiores,,,,,,,,,12g,,,3/0,,,,,'4076080512001230,12.0,shopify,0,deny,manual,3.86,,true,false,,,,,,,,,,,,,,,,,,,,,,,,,,,,https://cdn.shopify.com/s/files/1/0454/5845/6736/products/JHFac60Natural_812921fd-56d8-4ed0-845c-03235480ecee.jpg?v=1662061590,kg,,,
chumbada-jig-head-facetada-60-laranja-anzois-maiores,,,,,,,,,12g,,,4/0,,,,,'4076080512001240,12.0,,0,deny,manual,3.86,,true,false,,,,,,,,,,,,,,,,,,,,,,,,,,,,https://cdn.shopify.com/s/files/1/0454/5845/6736/products/JHFac60Natural_812921fd-56d8-4ed0-845c-03235480ecee.jpg?v=1662061590,kg,,,
chumbada-jig-head-facetada-60-laranja-anzois-maiores,,,,,,,,,12g,,,5/0,,,,,'4076080512001250,12.0,,0,deny,manual,3.86,,true,false,,,,,,,,,,,,,,,,,,,,,,,,,,,,https://cdn.shopify.com/s/files/1/0454/5845/6736/products/JHFac60Natural_812921fd-56d8-4ed0-845c-03235480ecee.jpg?v=1662061590,kg,,,
chumbada-jig-head-facetada-60-laranja-anzois-maiores,,,,,,,,,15g,,,3/0,,,,,'4076080512001530,15.0,shopify,0,deny,manual,3.86,,true,false,,,,,,,,,,,,,,,,,,,,,,,,,,,,https://cdn.shopify.com/s/files/1/0454/5845/6736/products/JHFac60Natural_812921fd-56d8-4ed0-845c-03235480ecee.jpg?v=1662061590,kg,,,
chumbada-jig-head-facetada-60-laranja-anzois-maiores,,,,,,,,,15g,,,4/0,,,,,'4076080512001540,15.0,,0,deny,manual,3.86,,true,false,,,,,,,,,,,,,,,,,,,,,,,,,,,,https://cdn.shopify.com/s/files/1/0454/5845/6736/products/JHFac60Natural_812921fd-56d8-4ed0-845c-03235480ecee.jpg?v=1662061590,kg,,,
chumbada-jig-head-facetada-60-laranja-anzois-maiores,,,,,,,,,15g,,,5/0,,,,,'4076080512001550,15.0,,0,deny,manual,3.86,,true,false,,,,,,,,,,,,,,,,,,,,,,,,,,,,https://cdn.shopify.com/s/files/1/0454/5845/6736/products/JHFac60Natural_812921fd-56d8-4ed0-845c-03235480ecee.jpg?v=1662061590,kg,,,
chumbada-jig-head-facetada-60-laranja-anzois-maiores,,,,,,,,,17g,,,3/0,,,,,'4076080512001730,17.0,shopify,0,deny,manual,3.86,,true,false,,,,,,,,,,,,,,,,,,,,,,,,,,,,https://cdn.shopify.com/s/files/1/0454/5845/6736/products/JHFac60Natural_812921fd-56d8-4ed0-845c-03235480ecee.jpg?v=1662061590,kg,,,
chumbada-jig-head-facetada-60-laranja-anzois-maiores,,,,,,,,,17g,,,4/0,,,,,'4076080512001740,17.0,,0,deny,manual,3.86,,true,false,,,,,,,,,,,,,,,,,,,,,,,,,,,,https://cdn.shopify.com/s/files/1/0454/5845/6736/products/JHFac60Natural_812921fd-56d8-4ed0-845c-03235480ecee.jpg?v=1662061590,kg,,,
chumbada-jig-head-facetada-60-laranja-anzois-maiores,,,,,,,,,17g,,,5/0,,,,,'4076080512001750,17.0,,0,deny,manual,3.86,,true,false,,,,,,,,,,,,,,,,,,,,,,,,,,,,https://cdn.shopify.com/s/files/1/0454/5845/6736/products/JHFac60Natural_812921fd-56d8-4ed0-845c-03235480ecee.jpg?v=1662061590,kg,,,
chumbada-jig-head-facetada-60-laranja-anzois-maiores,,,,,,,,,20g,,,3/0,,,,,'4076080512002030,20.0,shopify,-10,deny,manual,4.37,,true,false,,,,,,,,,,,,,,,,,,,,,,,,,,,,https://cdn.shopify.com/s/files/1/0454/5845/6736/products/JHFac60Natural_812921fd-56d8-4ed0-845c-03235480ecee.jpg?v=1662061590,kg,,,
chumbada-jig-head-facetada-60-laranja-anzois-maiores,,,,,,,,,20g,,,4/0,,,,,'4076080512002040,20.0,,-10,deny,manual,4.37,,true,false,,,,,,,,,,,,,,,,,,,,,,,,,,,,https://cdn.shopify.com/s/files/1/0454/5845/6736/products/JHFac60Natural_812921fd-56d8-4ed0-845c-03235480ecee.jpg?v=1662061590,kg,,,
chumbada-jig-head-facetada-60-laranja-anzois-maiores,,,,,,,,,20g,,,5/0,,,,,'4076080512002050,20.0,,0,deny,manual,4.37,,true,false,,,,,,,,,,,,,,,,,,,,,,,,,,,,https://cdn.shopify.com/s/files/1/0454/5845/6736/products/JHFac60Natural_812921fd-56d8-4ed0-845c-03235480ecee.jpg?v=1662061590,kg,,,
chumbada-jig-head-facetada-60-natural-anzois-maiores,Anzol Jig Head 60° Facetada Natural Anzóis Maiores (3/0 - 5/0),<p>Chumbada Jig Head Facetada</p>,Chumbada Oficial,Sem categoria,"","60 Graus, Jig Head, jig head facetada, Jig Head Facetada Maior, jig head facetada natural, natural",true,Peso,5g,,Tamanho do Anzol,3/0,,,,,'4076070112000530,5.0,shopify,0,deny,manual,2.20,,true,false,,,,,,https://cdn.shopify.com/s/files/1/0454/5845/6736/products/JHFac60Natural1.png?v=1701356637,1,Chumbada Jig Head 60 Graus,false,,,,,,,,,,,,,,,,,,,https://cdn.shopify.com/s/files/1/0454/5845/6736/products/JHFac60Natural1.png?v=1701356637,kg,,,active
chumbada-jig-head-facetada-60-natural-anzois-maiores,,,,,,,,,5g,,,4/0,,,,,'4076070112000540,5.0,,-25,deny,manual,2.20,,true,false,,,,,,https://cdn.shopify.com/s/files/1/0454/5845/6736/products/TamanhoJH60oTam3-0.png?v=1701356637,2,Chumbada Jig Head 60 Graus,,,,,,,,,,,,,,,,,,,,https://cdn.shopify.com/s/files/1/0454/5845/6736/products/JHFac60Natural1.png?v=1701356637,kg,,,
chumbada-jig-head-facetada-60-natural-anzois-maiores,,,,,,,,,5g,,,5/0,,,,,'4076070112000550,5.0,,0,deny,manual,2.20,,true,false,,,,,,https://cdn.shopify.com/s/files/1/0454/5845/6736/products/TamanhoJH60oTam4-0.png?v=1701356637,3,Chumbada Jig Head 60 Graus,,,,,,,,,,,,,,,,,,,,https://cdn.shopify.com/s/files/1/0454/5845/6736/products/JHFac60Natural1.png?v=1701356637,kg,,,
chumbada-jig-head-facetada-60-natural-anzois-maiores,,,,,,,,,7g,,,3/0,,,,,'4076070112000730,7.0,shopify,-25,deny,manual,2.20,,true,false,,,,,,https://cdn.shopify.com/s/files/1/0454/5845/6736/products/TamanhoJH60oTam5-0.png?v=1701356637,4,Chumbada Jig Head 60 Graus,,,,,,,,,,,,,,,,,,,,https://cdn.shopify.com/s/files/1/0454/5845/6736/products/JHFac60Natural1.png?v=1701356637,kg,,,
chumbada-jig-head-facetada-60-natural-anzois-maiores,,,,,,,,,7g,,,4/0,,,,,'4076070112000740,7.0,,-1,deny,manual,2.20,,true,false,,,,,,,,,,,,,,,,,,,,,,,,,,,,https://cdn.shopify.com/s/files/1/0454/5845/6736/products/JHFac60Natural1.png?v=1701356637,kg,,,
chumbada-jig-head-facetada-60-natural-anzois-maiores,,,,,,,,,7g,,,5/0,,,,,'4076070112000750,7.0,,-1,deny,manual,2.20,,true,false,,,,,,,,,,,,,,,,,,,,,,,,,,,,https://cdn.shopify.com/s/files/1/0454/5845/6736/products/JHFac60Natural1.png?v=1701356637,kg,,,
chumbada-jig-head-facetada-60-natural-anzois-maiores,,,,,,,,,10g,,,3/0,,,,,'4076070112001030,10.0,shopify,0,deny,manual,2.66,,true,false,,,,,,,,,,,,,,,,,,,,,,,,,,,,https://cdn.shopify.com/s/files/1/0454/5845/6736/products/JHFac60Natural1.png?v=1701356637,kg,,,
chumbada-jig-head-facetada-60-natural-anzois-maiores,,,,,,,,,10g,,,4/0,,,,,'4076070112001040,10.0,,-1,deny,manual,2.66,,true,false,,,,,,,,,,,,,,,,,,,,,,,,,,,,https://cdn.shopify.com/s/files/1/0454/5845/6736/products/JHFac60Natural1.png?v=1701356637,kg,,,
chumbada-jig-head-facetada-60-natural-anzois-maiores,,,,,,,,,10g,,,5/0,,,,,'4076070112001050,10.0,,-1,deny,manual,2.66,,true,false,,,,,,,,,,,,,,,,,,,,,,,,,,,,https://cdn.shopify.com/s/files/1/0454/5845/6736/products/JHFac60Natural1.png?v=1701356637,kg,,,
chumbada-jig-head-facetada-60-natural-anzois-maiores,,,,,,,,,12g,,,3/0,,,,,'4076070112001230,12.0,shopify,0,deny,manual,2.66,,true,false,,,,,,,,,,,,,,,,,,,,,,,,,,,,https://cdn.shopify.com/s/files/1/0454/5845/6736/products/JHFac60Natural1.png?v=1701356637,kg,,,
chumbada-jig-head-facetada-60-natural-anzois-maiores,,,,,,,,,12g,,,4/0,,,,,'4076070112001240,12.0,,-1,deny,manual,2.66,,true,false,,,,,,,,,,,,,,,,,,,,,,,,,,,,https://cdn.shopify.com/s/files/1/0454/5845/6736/products/JHFac60Natural1.png?v=1701356637,kg,,,
chumbada-jig-head-facetada-60-natural-anzois-maiores,,,,,,,,,12g,,,5/0,,,,,'4076070112001250,12.0,,-1,deny,manual,2.66,,true,false,,,,,,,,,,,,,,,,,,,,,,,,,,,,https://cdn.shopify.com/s/files/1/0454/5845/6736/products/JHFac60Natural1.png?v=1701356637,kg,,,
chumbada-jig-head-facetada-60-natural-anzois-maiores,,,,,,,,,15g,,,3/0,,,,,'4076070112001530,15.0,shopify,0,deny,manual,2.66,,true,false,,,,,,,,,,,,,,,,,,,,,,,,,,,,https://cdn.shopify.com/s/files/1/0454/5845/6736/products/JHFac60Natural1.png?v=1701356637,kg,,,
chumbada-jig-head-facetada-60-natural-anzois-maiores,,,,,,,,,15g,,,4/0,,,,,'4076070112001540,15.0,,0,deny,manual,2.66,,true,false,,,,,,,,,,,,,,,,,,,,,,,,,,,,https://cdn.shopify.com/s/files/1/0454/5845/6736/products/JHFac60Natural1.png?v=1701356637,kg,,,
chumbada-jig-head-facetada-60-natural-anzois-maiores,,,,,,,,,15g,,,5/0,,,,,'4076070112001550,15.0,,0,deny,manual,2.66,,true,false,,,,,,,,,,,,,,,,,,,,,,,,,,,,https://cdn.shopify.com/s/files/1/0454/5845/6736/products/JHFac60Natural1.png?v=1701356637,kg,,,
chumbada-jig-head-facetada-60-natural-anzois-maiores,,,,,,,,,17g,,,3/0,,,,,'4076070112001730,17.0,shopify,0,deny,manual,2.66,,true,false,,,,,,,,,,,,,,,,,,,,,,,,,,,,https://cdn.shopify.com/s/files/1/0454/5845/6736/products/JHFac60Natural1.png?v=1701356637,kg,,,
chumbada-jig-head-facetada-60-natural-anzois-maiores,,,,,,,,,17g,,,4/0,,,,,'4076070112001740,17.0,,-10,deny,manual,2.66,,true,false,,,,,,,,,,,,,,,,,,,,,,,,,,,,https://cdn.shopify.com/s/files/1/0454/5845/6736/products/JHFac60Natural1.png?v=1701356637,kg,,,
chumbada-jig-head-facetada-60-natural-anzois-maiores,,,,,,,,,17g,,,5/0,,,,,'4076070112001750,17.0,,-10,deny,manual,2.66,,true,false,,,,,,,,,,,,,,,,,,,,,,,,,,,,https://cdn.shopify.com/s/files/1/0454/5845/6736/products/JHFac60Natural1.png?v=1701356637,kg,,,
chumbada-jig-head-facetada-60-natural-anzois-maiores,,,,,,,,,20g,,,3/0,,,,,'4076070112002030,20.0,shopify,0,deny,manual,3.17,,true,false,,,,,,,,,,,,,,,,,,,,,,,,,,,,https://cdn.shopify.com/s/files/1/0454/5845/6736/products/JHFac60Natural1.png?v=1701356637,kg,,,
chumbada-jig-head-facetada-60-natural-anzois-maiores,,,,,,,,,20g,,,4/0,,,,,'4076070112002040,20.0,,-10,deny,manual,3.17,,true,false,,,,,,,,,,,,,,,,,,,,,,,,,,,,https://cdn.shopify.com/s/files/1/0454/5845/6736/products/JHFac60Natural1.png?v=1701356637,kg,,,
chumbada-jig-head-facetada-60-natural-anzois-maiores,,,,,,,,,20g,,,5/0,,,,,'4076070112002050,20.0,,-10,deny,manual,3.17,,true,false,,,,,,,,,,,,,,,,,,,,,,,,,,,,https://cdn.shopify.com/s/files/1/0454/5845/6736/products/JHFac60Natural1.png?v=1701356637,kg,,,
chumbada-jig-head-facetada-60-preta-anzois-maiores,Anzol Jig Head 60° Facetada Preta Anzóis Maiores (3/0 - 5/0),<p>Chumbada Jig Head Facetada</p>,Chumbada Oficial,Sem categoria,"","60 Graus, Jig Head, jig head facetada, Jig Head Facetada Maior",true,Peso,5g,,Tamanho do Anzol,3/0,,,,,'4076080212000530,5.0,shopify,0,deny,manual,3.00,,true,false,,,,,,https://cdn.shopify.com/s/files/1/0454/5845/6736/products/JHFac60Natural_598809df-2812-4746-a7a1-c9c99984bc50.jpg?v=1662061600,1,Chumbada Jig Head 60 Graus,false,,,,,,,,,,,,,,,,,,,https://cdn.shopify.com/s/files/1/0454/5845/6736/products/JHFac60Natural_598809df-2812-4746-a7a1-c9c99984bc50.jpg?v=1662061600,kg,,,active
chumbada-jig-head-facetada-60-preta-anzois-maiores,,,,,,,,,5g,,,4/0,,,,,'4076080212000540,5.0,,0,deny,manual,3.00,,true,false,,,,,,https://cdn.shopify.com/s/files/1/0454/5845/6736/products/TamanhoJH60oTam3-0_7f8df5f3-2ab6-485f-8900-120188e6f972.jpg?v=1662061600,2,Chumbada Jig Head 60 Graus,,,,,,,,,,,,,,,,,,,,https://cdn.shopify.com/s/files/1/0454/5845/6736/products/JHFac60Natural_598809df-2812-4746-a7a1-c9c99984bc50.jpg?v=1662061600,kg,,,
chumbada-jig-head-facetada-60-preta-anzois-maiores,,,,,,,,,5g,,,5/0,,,,,'4076080212000550,5.0,,0,deny,manual,3.00,,true,false,,,,,,https://cdn.shopify.com/s/files/1/0454/5845/6736/products/TamanhoJH60oTam4-0_42670a8c-31fa-4729-aee4-b1ecda7bd0d7.jpg?v=1662061600,3,Chumbada Jig Head 60 Graus,,,,,,,,,,,,,,,,,,,,https://cdn.shopify.com/s/files/1/0454/5845/6736/products/JHFac60Natural_598809df-2812-4746-a7a1-c9c99984bc50.jpg?v=1662061600,kg,,,
chumbada-jig-head-facetada-60-preta-anzois-maiores,,,,,,,,,7g,,,3/0,,,,,'4076080212000730,7.0,shopify,-11,deny,manual,3.00,,true,false,,,,,,https://cdn.shopify.com/s/files/1/0454/5845/6736/products/TamanhoJH60oTam5-0_3ad17bca-482d-46b1-befe-3b9e1e3a564d.jpg?v=1662061600,4,Chumbada Jig Head 60 Graus,,,,,,,,,,,,,,,,,,,,https://cdn.shopify.com/s/files/1/0454/5845/6736/products/JHFac60Natural_598809df-2812-4746-a7a1-c9c99984bc50.jpg?v=1662061600,kg,,,
chumbada-jig-head-facetada-60-preta-anzois-maiores,,,,,,,,,7g,,,4/0,,,,,'4076080212000740,7.0,,0,deny,manual,3.00,,true,false,,,,,,,,,,,,,,,,,,,,,,,,,,,,https://cdn.shopify.com/s/files/1/0454/5845/6736/products/JHFac60Natural_598809df-2812-4746-a7a1-c9c99984bc50.jpg?v=1662061600,kg,,,
chumbada-jig-head-facetada-60-preta-anzois-maiores,,,,,,,,,7g,,,5/0,,,,,'4076080212000750,7.0,,0,deny,manual,3.00,,true,false,,,,,,,,,,,,,,,,,,,,,,,,,,,,https://cdn.shopify.com/s/files/1/0454/5845/6736/products/JHFac60Natural_598809df-2812-4746-a7a1-c9c99984bc50.jpg?v=1662061600,kg,,,
chumbada-jig-head-facetada-60-preta-anzois-maiores,,,,,,,,,10g,,,3/0,,,,,'4076080212001030,10.0,shopify,0,deny,manual,3.86,,true,false,,,,,,,,,,,,,,,,,,,,,,,,,,,,https://cdn.shopify.com/s/files/1/0454/5845/6736/products/JHFac60Natural_598809df-2812-4746-a7a1-c9c99984bc50.jpg?v=1662061600,kg,,,
chumbada-jig-head-facetada-60-preta-anzois-maiores,,,,,,,,,10g,,,4/0,,,,,'4076080212001040,10.0,,0,deny,manual,3.86,,true,false,,,,,,,,,,,,,,,,,,,,,,,,,,,,https://cdn.shopify.com/s/files/1/0454/5845/6736/products/JHFac60Natural_598809df-2812-4746-a7a1-c9c99984bc50.jpg?v=1662061600,kg,,,
chumbada-jig-head-facetada-60-preta-anzois-maiores,,,,,,,,,10g,,,5/0,,,,,'4076080212001050,10.0,,0,deny,manual,3.86,,true,false,,,,,,,,,,,,,,,,,,,,,,,,,,,,https://cdn.shopify.com/s/files/1/0454/5845/6736/products/JHFac60Natural_598809df-2812-4746-a7a1-c9c99984bc50.jpg?v=1662061600,kg,,,
chumbada-jig-head-facetada-60-preta-anzois-maiores,,,,,,,,,12g,,,3/0,,,,,'4076080212001230,12.0,shopify,-11,deny,manual,3.86,,true,false,,,,,,,,,,,,,,,,,,,,,,,,,,,,https://cdn.shopify.com/s/files/1/0454/5845/6736/products/JHFac60Natural_598809df-2812-4746-a7a1-c9c99984bc50.jpg?v=1662061600,kg,,,
chumbada-jig-head-facetada-60-preta-anzois-maiores,,,,,,,,,12g,,,4/0,,,,,'4076080212001240,12.0,,0,deny,manual,3.86,,true,false,,,,,,,,,,,,,,,,,,,,,,,,,,,,https://cdn.shopify.com/s/files/1/0454/5845/6736/products/JHFac60Natural_598809df-2812-4746-a7a1-c9c99984bc50.jpg?v=1662061600,kg,,,
chumbada-jig-head-facetada-60-preta-anzois-maiores,,,,,,,,,12g,,,5/0,,,,,'4076080212001250,12.0,,0,deny,manual,3.86,,true,false,,,,,,,,,,,,,,,,,,,,,,,,,,,,https://cdn.shopify.com/s/files/1/0454/5845/6736/products/JHFac60Natural_598809df-2812-4746-a7a1-c9c99984bc50.jpg?v=1662061600,kg,,,
chumbada-jig-head-facetada-60-preta-anzois-maiores,,,,,,,,,15g,,,3/0,,,,,'4076080212001530,15.0,shopify,0,deny,manual,3.86,,true,false,,,,,,,,,,,,,,,,,,,,,,,,,,,,https://cdn.shopify.com/s/files/1/0454/5845/6736/products/JHFac60Natural_598809df-2812-4746-a7a1-c9c99984bc50.jpg?v=1662061600,kg,,,
chumbada-jig-head-facetada-60-preta-anzois-maiores,,,,,,,,,15g,,,4/0,,,,,'4076080212001540,15.0,,0,deny,manual,3.86,,true,false,,,,,,,,,,,,,,,,,,,,,,,,,,,,https://cdn.shopify.com/s/files/1/0454/5845/6736/products/JHFac60Natural_598809df-2812-4746-a7a1-c9c99984bc50.jpg?v=1662061600,kg,,,
chumbada-jig-head-facetada-60-preta-anzois-maiores,,,,,,,,,15g,,,5/0,,,,,'4076080212001550,15.0,,0,deny,manual,3.86,,true,false,,,,,,,,,,,,,,,,,,,,,,,,,,,,https://cdn.shopify.com/s/files/1/0454/5845/6736/products/JHFac60Natural_598809df-2812-4746-a7a1-c9c99984bc50.jpg?v=1662061600,kg,,,
chumbada-jig-head-facetada-60-preta-anzois-maiores,,,,,,,,,17g,,,3/0,,,,,'4076080212001730,17.0,shopify,0,deny,manual,3.86,,true,false,,,,,,,,,,,,,,,,,,,,,,,,,,,,https://cdn.shopify.com/s/files/1/0454/5845/6736/products/JHFac60Natural_598809df-2812-4746-a7a1-c9c99984bc50.jpg?v=1662061600,kg,,,
chumbada-jig-head-facetada-60-preta-anzois-maiores,,,,,,,,,17g,,,4/0,,,,,'4076080212001740,17.0,,0,deny,manual,3.86,,true,false,,,,,,,,,,,,,,,,,,,,,,,,,,,,https://cdn.shopify.com/s/files/1/0454/5845/6736/products/JHFac60Natural_598809df-2812-4746-a7a1-c9c99984bc50.jpg?v=1662061600,kg,,,
chumbada-jig-head-facetada-60-preta-anzois-maiores,,,,,,,,,17g,,,5/0,,,,,'4076080212001750,17.0,,0,deny,manual,3.86,,true,false,,,,,,,,,,,,,,,,,,,,,,,,,,,,https://cdn.shopify.com/s/files/1/0454/5845/6736/products/JHFac60Natural_598809df-2812-4746-a7a1-c9c99984bc50.jpg?v=1662061600,kg,,,
chumbada-jig-head-facetada-60-preta-anzois-maiores,,,,,,,,,20g,,,3/0,,,,,'4076080212002030,20.0,shopify,0,deny,manual,4.37,,true,false,,,,,,,,,,,,,,,,,,,,,,,,,,,,https://cdn.shopify.com/s/files/1/0454/5845/6736/products/JHFac60Natural_598809df-2812-4746-a7a1-c9c99984bc50.jpg?v=1662061600,kg,,,
chumbada-jig-head-facetada-60-preta-anzois-maiores,,,,,,,,,20g,,,4/0,,,,,'4076080212002040,20.0,,-11,deny,manual,4.37,,true,false,,,,,,,,,,,,,,,,,,,,,,,,,,,,https://cdn.shopify.com/s/files/1/0454/5845/6736/products/JHFac60Natural_598809df-2812-4746-a7a1-c9c99984bc50.jpg?v=1662061600,kg,,,
chumbada-jig-head-facetada-60-preta-anzois-maiores,,,,,,,,,20g,,,5/0,,,,,'4076080212002050,20.0,,0,deny,manual,4.37,,true,false,,,,,,,,,,,,,,,,,,,,,,,,,,,,https://cdn.shopify.com/s/files/1/0454/5845/6736/products/JHFac60Natural_598809df-2812-4746-a7a1-c9c99984bc50.jpg?v=1662061600,kg,,,
chumbada-jig-head-facetada-60-vermelha-anzois-maiores,Anzol Jig Head 60° Facetada Vermelha Anzóis Maiores (3/0 - 5/0),<p>Chumbada Jig Head Facetada</p>,Chumbada Oficial,Sem categoria,"","60 Graus, Jig Head, jig head facetada, Jig Head Facetada Maior",true,Peso,5g,,Tamanho do Anzol,3/0,,,,,'4076080412000530,5.0,shopify,0,deny,manual,3.00,,true,false,,,,,,https://cdn.shopify.com/s/files/1/0454/5845/6736/products/JHFac60Natural_b8ad85d2-efd1-4d28-bff2-fe4c447a8800.jpg?v=1662061614,1,Chumbada Jig Head 60 Graus,false,,,,,,,,,,,,,,,,,,,https://cdn.shopify.com/s/files/1/0454/5845/6736/products/JHFac60Natural_b8ad85d2-efd1-4d28-bff2-fe4c447a8800.jpg?v=1662061614,kg,,,active
chumbada-jig-head-facetada-60-vermelha-anzois-maiores,,,,,,,,,5g,,,4/0,,,,,'4076080412000540,5.0,,0,deny,manual,3.00,,true,false,,,,,,https://cdn.shopify.com/s/files/1/0454/5845/6736/products/TamanhoJH60oTam3-0_f3e9b92d-c04b-40d3-b232-bef45693406e.jpg?v=1662061614,2,Chumbada Jig Head 60 Graus,,,,,,,,,,,,,,,,,,,,https://cdn.shopify.com/s/files/1/0454/5845/6736/products/JHFac60Natural_b8ad85d2-efd1-4d28-bff2-fe4c447a8800.jpg?v=1662061614,kg,,,
chumbada-jig-head-facetada-60-vermelha-anzois-maiores,,,,,,,,,5g,,,5/0,,,,,'4076080412000550,5.0,,0,deny,manual,3.00,,true,false,,,,,,https://cdn.shopify.com/s/files/1/0454/5845/6736/products/TamanhoJH60oTam4-0_26a0f0df-e9e5-4f2c-88a8-e4ce128da1a6.jpg?v=1662061614,3,Chumbada Jig Head 60 Graus,,,,,,,,,,,,,,,,,,,,https://cdn.shopify.com/s/files/1/0454/5845/6736/products/JHFac60Natural_b8ad85d2-efd1-4d28-bff2-fe4c447a8800.jpg?v=1662061614,kg,,,
chumbada-jig-head-facetada-60-vermelha-anzois-maiores,,,,,,,,,7g,,,3/0,,,,,'4076080412000730,7.0,shopify,-11,deny,manual,3.00,,true,false,,,,,,https://cdn.shopify.com/s/files/1/0454/5845/6736/products/TamanhoJH60oTam5-0_877c300e-3688-4907-aa46-00824e8f3c97.jpg?v=1662061615,4,Chumbada Jig Head 60 Graus,,,,,,,,,,,,,,,,,,,,https://cdn.shopify.com/s/files/1/0454/5845/6736/products/JHFac60Natural_b8ad85d2-efd1-4d28-bff2-fe4c447a8800.jpg?v=1662061614,kg,,,
chumbada-jig-head-facetada-60-vermelha-anzois-maiores,,,,,,,,,7g,,,4/0,,,,,'4076080412000740,7.0,,0,deny,manual,3.00,,true,false,,,,,,,,,,,,,,,,,,,,,,,,,,,,https://cdn.shopify.com/s/files/1/0454/5845/6736/products/JHFac60Natural_b8ad85d2-efd1-4d28-bff2-fe4c447a8800.jpg?v=1662061614,kg,,,
chumbada-jig-head-facetada-60-vermelha-anzois-maiores,,,,,,,,,7g,,,5/0,,,,,'4076080412000750,7.0,,0,deny,manual,3.00,,true,false,,,,,,,,,,,,,,,,,,,,,,,,,,,,https://cdn.shopify.com/s/files/1/0454/5845/6736/products/JHFac60Natural_b8ad85d2-efd1-4d28-bff2-fe4c447a8800.jpg?v=1662061614,kg,,,
chumbada-jig-head-facetada-60-vermelha-anzois-maiores,,,,,,,,,10g,,,3/0,,,,,'4076080412001030,10.0,shopify,0,deny,manual,3.86,,true,false,,,,,,,,,,,,,,,,,,,,,,,,,,,,https://cdn.shopify.com/s/files/1/0454/5845/6736/products/JHFac60Natural_b8ad85d2-efd1-4d28-bff2-fe4c447a8800.jpg?v=1662061614,kg,,,
chumbada-jig-head-facetada-60-vermelha-anzois-maiores,,,,,,,,,10g,,,4/0,,,,,'4076080412001040,10.0,,0,deny,manual,3.86,,true,false,,,,,,,,,,,,,,,,,,,,,,,,,,,,https://cdn.shopify.com/s/files/1/0454/5845/6736/products/JHFac60Natural_b8ad85d2-efd1-4d28-bff2-fe4c447a8800.jpg?v=1662061614,kg,,,
chumbada-jig-head-facetada-60-vermelha-anzois-maiores,,,,,,,,,10g,,,5/0,,,,,'4076080412001050,10.0,,0,deny,manual,3.86,,true,false,,,,,,,,,,,,,,,,,,,,,,,,,,,,https://cdn.shopify.com/s/files/1/0454/5845/6736/products/JHFac60Natural_b8ad85d2-efd1-4d28-bff2-fe4c447a8800.jpg?v=1662061614,kg,,,
chumbada-jig-head-facetada-60-vermelha-anzois-maiores,,,,,,,,,12g,,,3/0,,,,,'4076080412001230,12.0,shopify,-11,deny,manual,3.86,,true,false,,,,,,,,,,,,,,,,,,,,,,,,,,,,https://cdn.shopify.com/s/files/1/0454/5845/6736/products/JHFac60Natural_b8ad85d2-efd1-4d28-bff2-fe4c447a8800.jpg?v=1662061614,kg,,,
chumbada-jig-head-facetada-60-vermelha-anzois-maiores,,,,,,,,,12g,,,4/0,,,,,'4076080412001240,12.0,,0,deny,manual,3.86,,true,false,,,,,,,,,,,,,,,,,,,,,,,,,,,,https://cdn.shopify.com/s/files/1/0454/5845/6736/products/JHFac60Natural_b8ad85d2-efd1-4d28-bff2-fe4c447a8800.jpg?v=1662061614,kg,,,
chumbada-jig-head-facetada-60-vermelha-anzois-maiores,,,,,,,,,12g,,,5/0,,,,,'4076080412001250,12.0,,0,deny,manual,3.86,,true,false,,,,,,,,,,,,,,,,,,,,,,,,,,,,https://cdn.shopify.com/s/files/1/0454/5845/6736/products/JHFac60Natural_b8ad85d2-efd1-4d28-bff2-fe4c447a8800.jpg?v=1662061614,kg,,,
chumbada-jig-head-facetada-60-vermelha-anzois-maiores,,,,,,,,,15g,,,3/0,,,,,'4076080412001530,15.0,shopify,0,deny,manual,3.86,,true,false,,,,,,,,,,,,,,,,,,,,,,,,,,,,https://cdn.shopify.com/s/files/1/0454/5845/6736/products/JHFac60Natural_b8ad85d2-efd1-4d28-bff2-fe4c447a8800.jpg?v=1662061614,kg,,,
chumbada-jig-head-facetada-60-vermelha-anzois-maiores,,,,,,,,,15g,,,4/0,,,,,'4076080412001540,15.0,,0,deny,manual,3.86,,true,false,,,,,,,,,,,,,,,,,,,,,,,,,,,,https://cdn.shopify.com/s/files/1/0454/5845/6736/products/JHFac60Natural_b8ad85d2-efd1-4d28-bff2-fe4c447a8800.jpg?v=1662061614,kg,,,
chumbada-jig-head-facetada-60-vermelha-anzois-maiores,,,,,,,,,15g,,,5/0,,,,,'4076080412001550,15.0,,0,deny,manual,3.86,,true,false,,,,,,,,,,,,,,,,,,,,,,,,,,,,https://cdn.shopify.com/s/files/1/0454/5845/6736/products/JHFac60Natural_b8ad85d2-efd1-4d28-bff2-fe4c447a8800.jpg?v=1662061614,kg,,,
chumbada-jig-head-facetada-60-vermelha-anzois-maiores,,,,,,,,,17g,,,3/0,,,,,'4076080412001730,17.0,shopify,0,deny,manual,3.86,,true,false,,,,,,,,,,,,,,,,,,,,,,,,,,,,https://cdn.shopify.com/s/files/1/0454/5845/6736/products/JHFac60Natural_b8ad85d2-efd1-4d28-bff2-fe4c447a8800.jpg?v=1662061614,kg,,,
chumbada-jig-head-facetada-60-vermelha-anzois-maiores,,,,,,,,,17g,,,4/0,,,,,'4076080412001740,17.0,,0,deny,manual,3.86,,true,false,,,,,,,,,,,,,,,,,,,,,,,,,,,,https://cdn.shopify.com/s/files/1/0454/5845/6736/products/JHFac60Natural_b8ad85d2-efd1-4d28-bff2-fe4c447a8800.jpg?v=1662061614,kg,,,
chumbada-jig-head-facetada-60-vermelha-anzois-maiores,,,,,,,,,17g,,,5/0,,,,,'4076080412001750,17.0,,0,deny,manual,3.86,,true,false,,,,,,,,,,,,,,,,,,,,,,,,,,,,https://cdn.shopify.com/s/files/1/0454/5845/6736/products/JHFac60Natural_b8ad85d2-efd1-4d28-bff2-fe4c447a8800.jpg?v=1662061614,kg,,,
chumbada-jig-head-facetada-60-vermelha-anzois-maiores,,,,,,,,,20g,,,3/0,,,,,'4076080412002030,20.0,shopify,-11,deny,manual,4.37,,true,false,,,,,,,,,,,,,,,,,,,,,,,,,,,,https://cdn.shopify.com/s/files/1/0454/5845/6736/products/JHFac60Natural_b8ad85d2-efd1-4d28-bff2-fe4c447a8800.jpg?v=1662061614,kg,,,
chumbada-jig-head-facetada-60-vermelha-anzois-maiores,,,,,,,,,20g,,,4/0,,,,,'4076080412002040,20.0,,0,deny,manual,4.37,,true,false,,,,,,,,,,,,,,,,,,,,,,,,,,,,https://cdn.shopify.com/s/files/1/0454/5845/6736/products/JHFac60Natural_b8ad85d2-efd1-4d28-bff2-fe4c447a8800.jpg?v=1662061614,kg,,,
chumbada-jig-head-facetada-60-vermelha-anzois-maiores,,,,,,,,,20g,,,5/0,,,,,'4076080412002050,20.0,,0,deny,manual,4.37,,true,false,,,,,,,,,,,,,,,,,,,,,,,,,,,,https://cdn.shopify.com/s/files/1/0454/5845/6736/products/JHFac60Natural_b8ad85d2-efd1-4d28-bff2-fe4c447a8800.jpg?v=1662061614,kg,,,
jig-head-offset-esferico-ewg-amarelo-maior,Anzol Jig Head Offset Esférico EWG Amarelo Maior,<p>Chumbada Jig Head Offset Esférico EWG Amarelo Maior</p>,Chumbada Oficial,Sem categoria,"","Amarelo, Chumbada, Colorido, Esférico, EWG, Jig Head, Jig Head Esférico EWG, Maior, Offset, Todos",true,Peso,5g,,Tamanho do Anzol,1/0,,,,,'40801308060705,5.0,,0,continue,manual,2.76,,true,false,,,,,,https://cdn.shopify.com/s/files/1/0454/5845/6736/files/Anzol-Jig-Head-Offset-Esferico-EWG-amarlo-Maior.png?v=1769793335,1,"",false,,,,,,,,,,,,,,,,,,,,kg,,,active
jig-head-offset-esferico-ewg-amarelo-maior,,,,,,,,,7g,,,1/0,,,,,'40801308060707,7.0,,0,continue,manual,2.76,,true,false,,,,,,,,,,,,,,,,,,,,,,,,,,,,,kg,,,
jig-head-offset-esferico-ewg-amarelo-maior,,,,,,,,,9g,,,1/0,,,,,'40801308060709,9.0,,0,continue,manual,2.76,,true,false,,,,,,,,,,,,,,,,,,,,,,,,,,,,,kg,,,
jig-head-offset-esferico-ewg-amarelo-maior,,,,,,,,,12g,,,1/0,,,,,'40801308060712,12.0,,0,continue,manual,3.62,,true,false,,,,,,,,,,,,,,,,,,,,,,,,,,,,,kg,,,
jig-head-offset-esferico-ewg-amarelo-maior,,,,,,,,,14g,,,1/0,,,,,'40801308060714,14.0,,0,continue,manual,3.62,,true,false,,,,,,,,,,,,,,,,,,,,,,,,,,,,,kg,,,
jig-head-offset-esferico-ewg-amarelo-maior,,,,,,,,,16g,,,1/0,,,,,'40801308060716,16.0,,0,continue,manual,3.62,,true,false,,,,,,,,,,,,,,,,,,,,,,,,,,,,,kg,,,
jig-head-offset-esferico-ewg-amarelo-maior,,,,,,,,,5g,,,2/0,,,,,'40801308060605,5.0,,-70,continue,manual,3.09,,true,false,,,,,,,,,,,,,,,,,,,,,,,,,,,,,kg,,,
jig-head-offset-esferico-ewg-amarelo-maior,,,,,,,,,7g,,,2/0,,,,,'40801308060607,7.0,,0,continue,manual,3.09,,true,false,,,,,,,,,,,,,,,,,,,,,,,,,,,,,kg,,,
jig-head-offset-esferico-ewg-amarelo-maior,,,,,,,,,9g,,,2/0,,,,,'40801308060609,9.0,,0,continue,manual,3.09,,true,false,,,,,,,,,,,,,,,,,,,,,,,,,,,,,kg,,,
jig-head-offset-esferico-ewg-amarelo-maior,,,,,,,,,12g,,,2/0,,,,,'40801308060612,12.0,,0,continue,manual,3.95,,true,false,,,,,,,,,,,,,,,,,,,,,,,,,,,,,kg,,,
jig-head-offset-esferico-ewg-amarelo-maior,,,,,,,,,14g,,,2/0,,,,,'40801308060614,14.0,,0,continue,manual,3.95,,true,false,,,,,,,,,,,,,,,,,,,,,,,,,,,,,kg,,,
jig-head-offset-esferico-ewg-amarelo-maior,,,,,,,,,16g,,,2/0,,,,,'40801308060616,16.0,,0,continue,manual,3.95,,true,false,,,,,,,,,,,,,,,,,,,,,,,,,,,,,kg,,,
jig-head-offset-esferico-ewg-amarelo-maior,,,,,,,,,5g,,,3/0,,,,,'40801308060505,5.0,,-100,continue,manual,3.30,,true,false,,,,,,,,,,,,,,,,,,,,,,,,,,,,,kg,,,
jig-head-offset-esferico-ewg-amarelo-maior,,,,,,,,,7g,,,3/0,,,,,'40801308060507,7.0,,-105,continue,manual,3.30,,true,false,,,,,,,,,,,,,,,,,,,,,,,,,,,,,kg,,,
jig-head-offset-esferico-ewg-amarelo-maior,,,,,,,,,9g,,,3/0,,,,,'40801308060509,9.0,,0,continue,manual,3.30,,true,false,,,,,,,,,,,,,,,,,,,,,,,,,,,,,kg,,,
jig-head-offset-esferico-ewg-amarelo-maior,,,,,,,,,12g,,,3/0,,,,,'40801308060512,12.0,,-50,continue,manual,4.16,,true,false,,,,,,,,,,,,,,,,,,,,,,,,,,,,,kg,,,
jig-head-offset-esferico-ewg-amarelo-maior,,,,,,,,,14g,,,3/0,,,,,'40801308060514,14.0,,0,continue,manual,4.16,,true,false,,,,,,,,,,,,,,,,,,,,,,,,,,,,,kg,,,
jig-head-offset-esferico-ewg-amarelo-maior,,,,,,,,,16g,,,3/0,,,,,'40801308060516,16.0,,0,continue,manual,4.16,,true,false,,,,,,,,,,,,,,,,,,,,,,,,,,,,,kg,,,
jig-head-offset-esferico-ewg-amarelo-maior,,,,,,,,,5g,,,4/0,,,,,'40801308060405,5.0,,0,continue,manual,3.42,,true,false,,,,,,,,,,,,,,,,,,,,,,,,,,,,,kg,,,
jig-head-offset-esferico-ewg-amarelo-maior,,,,,,,,,7g,,,4/0,,,,,'40801308060407,7.0,,0,continue,manual,3.42,,true,false,,,,,,,,,,,,,,,,,,,,,,,,,,,,,kg,,,
jig-head-offset-esferico-ewg-amarelo-maior,,,,,,,,,9g,,,4/0,,,,,'40801308060409,9.0,,0,continue,manual,3.42,,true,false,,,,,,,,,,,,,,,,,,,,,,,,,,,,,kg,,,
jig-head-offset-esferico-ewg-amarelo-maior,,,,,,,,,12g,,,4/0,,,,,'40801308060412,12.0,,0,continue,manual,4.28,,true,false,,,,,,,,,,,,,,,,,,,,,,,,,,,,,kg,,,
jig-head-offset-esferico-ewg-amarelo-maior,,,,,,,,,14g,,,4/0,,,,,'40801308060414,14.0,,-25,continue,manual,4.28,,true,false,,,,,,,,,,,,,,,,,,,,,,,,,,,,,kg,,,
jig-head-offset-esferico-ewg-amarelo-maior,,,,,,,,,16g,,,4/0,,,,,'40801308060416,16.0,,-50,continue,manual,4.28,,true,false,,,,,,,,,,,,,,,,,,,,,,,,,,,,,kg,,,
jig-head-offset-esferico-ewg-amarelo-maior,,,,,,,,,5g,,,5/0,,,,,'40801308060305,5.0,,0,continue,manual,3.66,,true,false,,,,,,,,,,,,,,,,,,,,,,,,,,,,,kg,,,
jig-head-offset-esferico-ewg-amarelo-maior,,,,,,,,,7g,,,5/0,,,,,'40801308060307,7.0,,0,continue,manual,3.66,,true,false,,,,,,,,,,,,,,,,,,,,,,,,,,,,,kg,,,
jig-head-offset-esferico-ewg-amarelo-maior,,,,,,,,,9g,,,5/0,,,,,'40801308060309,9.0,,0,continue,manual,3.66,,true,false,,,,,,,,,,,,,,,,,,,,,,,,,,,,,kg,,,
jig-head-offset-esferico-ewg-amarelo-maior,,,,,,,,,12g,,,5/0,,,,,'40801308060312,12.0,,-10,continue,manual,4.52,,true,false,,,,,,,,,,,,,,,,,,,,,,,,,,,,,kg,,,
jig-head-offset-esferico-ewg-amarelo-maior,,,,,,,,,14g,,,5/0,,,,,'40801308060314,14.0,,-10,continue,manual,4.52,,true,false,,,,,,,,,,,,,,,,,,,,,,,,,,,,,kg,,,
jig-head-offset-esferico-ewg-amarelo-maior,,,,,,,,,16g,,,5/0,,,,,'40801308060316,16.0,,0,continue,manual,4.52,,true,false,,,,,,,,,,,,,,,,,,,,,,,,,,,,,kg,,,
jig-head-offset-esferico-ewg-amarelo-maior,,,,,,,,,5g,,,6/0,,,,,'40801308060205,5.0,,-20,continue,manual,3.84,,true,false,,,,,,,,,,,,,,,,,,,,,,,,,,,,,kg,,,
jig-head-offset-esferico-ewg-amarelo-maior,,,,,,,,,7g,,,6/0,,,,,'40801308060207,7.0,,0,continue,manual,3.84,,true,false,,,,,,,,,,,,,,,,,,,,,,,,,,,,,kg,,,
jig-head-offset-esferico-ewg-amarelo-maior,,,,,,,,,9g,,,6/0,,,,,'40801308060209,9.0,,0,continue,manual,3.84,,true,false,,,,,,,,,,,,,,,,,,,,,,,,,,,,,kg,,,
jig-head-offset-esferico-ewg-amarelo-maior,,,,,,,,,12g,,,6/0,,,,,'40801308060212,12.0,,0,continue,manual,4.70,,true,false,,,,,,,,,,,,,,,,,,,,,,,,,,,,,kg,,,
jig-head-offset-esferico-ewg-amarelo-maior,,,,,,,,,14g,,,6/0,,,,,'40801308060214,14.0,,-10,continue,manual,4.70,,true,false,,,,,,,,,,,,,,,,,,,,,,,,,,,,,kg,,,
jig-head-offset-esferico-ewg-amarelo-maior,,,,,,,,,16g,,,6/0,,,,,'40801308060216,16.0,,0,continue,manual,4.70,,true,false,,,,,,,,,,,,,,,,,,,,,,,,,,,,,kg,,,
jig-head-offset-esferico-ewg-amarelo-maior,,,,,,,,,5g,,,7/0,,,,,'40801308060105,5.0,,0,continue,manual,4.01,,true,false,,,,,,,,,,,,,,,,,,,,,,,,,,,,,kg,,,
jig-head-offset-esferico-ewg-amarelo-maior,,,,,,,,,7g,,,7/0,,,,,'40801308060107,7.0,,0,continue,manual,4.01,,true,false,,,,,,,,,,,,,,,,,,,,,,,,,,,,,kg,,,
jig-head-offset-esferico-ewg-amarelo-maior,,,,,,,,,9g,,,7/0,,,,,'40801308060109,9.0,,0,continue,manual,4.01,,true,false,,,,,,,,,,,,,,,,,,,,,,,,,,,,,kg,,,
jig-head-offset-esferico-ewg-amarelo-maior,,,,,,,,,12g,,,7/0,,,,,'40801308060112,12.0,,0,continue,manual,4.87,,true,false,,,,,,,,,,,,,,,,,,,,,,,,,,,,,kg,,,
jig-head-offset-esferico-ewg-amarelo-maior,,,,,,,,,14g,,,7/0,,,,,'40801308060114,14.0,,0,continue,manual,4.87,,true,false,,,,,,,,,,,,,,,,,,,,,,,,,,,,,kg,,,
jig-head-offset-esferico-ewg-amarelo-maior,,,,,,,,,16g,,,7/0,,,,,'40801308060116,16.0,,0,continue,manual,4.87,,true,false,,,,,,,,,,,,,,,,,,,,,,,,,,,,,kg,,,
jig-head-offset-esferico-ewg-amarelo-menor,Anzol Jig Head Offset Esférico EWG Amarelo Menor,<p>Chumbada Jig Head Offset Esférico EWG Amarelo Menor</p>,Chumbada Oficial,Sem categoria,"","Amarelo, Chumbada, Colorido, Esférico, EWG, Jig Head, Jig Head Esférico EWG, Menor, Offset, Todos",true,Peso,5g,,Tamanho do Anzol,#1,,,,,'40801308060805,5.0,shopify,0,deny,manual,2.76,,true,false,,,,,,https://cdn.shopify.com/s/files/1/0454/5845/6736/files/amarelo.png?v=1769794516,1,"",false,,,,,,,,,,,,,,,,,,,,kg,,,active
jig-head-offset-esferico-ewg-amarelo-menor,,,,,,,,,7g,,,#1,,,,,'40801308060807,7.0,shopify,0,deny,manual,2.76,,true,false,,,,,,,,,,,,,,,,,,,,,,,,,,,,,kg,,,
jig-head-offset-esferico-ewg-amarelo-menor,,,,,,,,,9g,,,#1,,,,,'40801308060809,9.0,shopify,0,deny,manual,2.76,,true,false,,,,,,,,,,,,,,,,,,,,,,,,,,,,,kg,,,
jig-head-offset-esferico-ewg-amarelo-menor,,,,,,,,,12g,,,#1,,,,,'40801308060812,12.0,shopify,0,deny,manual,3.62,,true,false,,,,,,,,,,,,,,,,,,,,,,,,,,,,,kg,,,
jig-head-offset-esferico-ewg-amarelo-menor,,,,,,,,,14g,,,#1,,,,,'40801308060814,14.0,shopify,0,deny,manual,3.62,,true,false,,,,,,,,,,,,,,,,,,,,,,,,,,,,,kg,,,
jig-head-offset-esferico-ewg-amarelo-menor,,,,,,,,,16g,,,#1,,,,,'40801308060816,16.0,shopify,0,deny,manual,3.62,,true,false,,,,,,,,,,,,,,,,,,,,,,,,,,,,,kg,,,
jig-head-offset-esferico-ewg-amarelo-menor,,,,,,,,,5g,,,#2,,,,,'40801308060905,5.0,,0,continue,manual,2.76,,true,false,,,,,,,,,,,,,,,,,,,,,,,,,,,,,kg,,,
jig-head-offset-esferico-ewg-amarelo-menor,,,,,,,,,7g,,,#2,,,,,'40801308060907,7.0,,0,continue,manual,2.76,,true,false,,,,,,,,,,,,,,,,,,,,,,,,,,,,,kg,,,
jig-head-offset-esferico-ewg-amarelo-menor,,,,,,,,,9g,,,#2,,,,,'40801308060909,9.0,,0,continue,manual,2.76,,true,false,,,,,,,,,,,,,,,,,,,,,,,,,,,,,kg,,,
jig-head-offset-esferico-ewg-amarelo-menor,,,,,,,,,12g,,,#2,,,,,'40801308060912,12.0,,0,continue,manual,3.62,,true,false,,,,,,,,,,,,,,,,,,,,,,,,,,,,,kg,,,
jig-head-offset-esferico-ewg-amarelo-menor,,,,,,,,,14g,,,#2,,,,,'40801308060914,14.0,,0,continue,manual,3.62,,true,false,,,,,,,,,,,,,,,,,,,,,,,,,,,,,kg,,,
jig-head-offset-esferico-ewg-amarelo-menor,,,,,,,,,16g,,,#2,,,,,'40801308060916,16.0,,0,continue,manual,3.62,,true,false,,,,,,,,,,,,,,,,,,,,,,,,,,,,,kg,,,
jig-head-offset-esferico-ewg-amarelo-menor,,,,,,,,,5g,,,#4,,,,,'40801308061005,5.0,,-10,continue,manual,2.76,,true,false,,,,,,,,,,,,,,,,,,,,,,,,,,,,,kg,,,
jig-head-offset-esferico-ewg-amarelo-menor,,,,,,,,,7g,,,#4,,,,,'40801308061007,7.0,,0,continue,manual,2.76,,true,false,,,,,,,,,,,,,,,,,,,,,,,,,,,,,kg,,,
jig-head-offset-esferico-ewg-amarelo-menor,,,,,,,,,9g,,,#4,,,,,'40801308061009,9.0,,0,continue,manual,2.76,,true,false,,,,,,,,,,,,,,,,,,,,,,,,,,,,,kg,,,
jig-head-offset-esferico-ewg-amarelo-menor,,,,,,,,,12g,,,#4,,,,,'40801308061012,12.0,,0,continue,manual,3.62,,true,false,,,,,,,,,,,,,,,,,,,,,,,,,,,,,kg,,,
jig-head-offset-esferico-ewg-amarelo-menor,,,,,,,,,14g,,,#4,,,,,'40801308061014,14.0,,0,continue,manual,3.62,,true,false,,,,,,,,,,,,,,,,,,,,,,,,,,,,,kg,,,
jig-head-offset-esferico-ewg-amarelo-menor,,,,,,,,,16g,,,#4,,,,,'40801308061016,16.0,,0,continue,manual,3.62,,true,false,,,,,,,,,,,,,,,,,,,,,,,,,,,,,kg,,,
jig-head-offset-esferico-ewg-amarelo-menor,,,,,,,,,5g,,,#6,,,,,'40801308061105,5.0,,0,continue,manual,2.76,,true,false,,,,,,,,,,,,,,,,,,,,,,,,,,,,,kg,,,
jig-head-offset-esferico-ewg-amarelo-menor,,,,,,,,,7g,,,#6,,,,,'40801308061107,7.0,,-10,continue,manual,2.76,,true,false,,,,,,,,,,,,,,,,,,,,,,,,,,,,,kg,,,
jig-head-offset-esferico-ewg-amarelo-menor,,,,,,,,,9g,,,#6,,,,,'40801308061109,9.0,,0,continue,manual,2.76,,true,false,,,,,,,,,,,,,,,,,,,,,,,,,,,,,kg,,,
jig-head-offset-esferico-ewg-amarelo-menor,,,,,,,,,12g,,,#6,,,,,'40801308061112,12.0,,0,continue,manual,3.62,,true,false,,,,,,,,,,,,,,,,,,,,,,,,,,,,,kg,,,
jig-head-offset-esferico-ewg-amarelo-menor,,,,,,,,,14g,,,#6,,,,,'40801308061114,14.0,,0,continue,manual,3.62,,true,false,,,,,,,,,,,,,,,,,,,,,,,,,,,,,kg,,,
jig-head-offset-esferico-ewg-amarelo-menor,,,,,,,,,16g,,,#6,,,,,'40801308061116,16.0,,0,continue,manual,3.62,,true,false,,,,,,,,,,,,,,,,,,,,,,,,,,,,,kg,,,
jig-head-offset-esferico-ewg-laranja-maior,Anzol Jig Head Offset Esférico EWG Laranja Maior,<p>Chumbada Jig Head Offset Esférico EWG Laranja Maior</p>,Chumbada Oficial,Sem categoria,"","Chumbada, Colorido, Esférico, EWG, Jig Head, Jig Head Esférico EWG, Laranja, Maior, Offset, Todos",true,Peso,5g,,Tamanho do Anzol,1/0,,,,,'40801308050705,5.0,,0,continue,manual,2.76,,true,false,,,,,,https://cdn.shopify.com/s/files/1/0454/5845/6736/files/Anzol-Jig-Head-Offset-Esferico-EWG-laranja-Maior.png?v=1769793172,1,"",false,,,,,,,,,,,,,,,,,,,,kg,,,active
jig-head-offset-esferico-ewg-laranja-maior,,,,,,,,,7g,,,1/0,,,,,'40801308050707,7.0,,0,continue,manual,2.76,,true,false,,,,,,,,,,,,,,,,,,,,,,,,,,,,,kg,,,
jig-head-offset-esferico-ewg-laranja-maior,,,,,,,,,9g,,,1/0,,,,,'40801308050709,9.0,,0,continue,manual,2.76,,true,false,,,,,,,,,,,,,,,,,,,,,,,,,,,,,kg,,,
jig-head-offset-esferico-ewg-laranja-maior,,,,,,,,,12g,,,1/0,,,,,'40801308050712,12.0,,0,continue,manual,3.62,,true,false,,,,,,,,,,,,,,,,,,,,,,,,,,,,,kg,,,
jig-head-offset-esferico-ewg-laranja-maior,,,,,,,,,14g,,,1/0,,,,,'40801308050714,14.0,,0,continue,manual,3.62,,true,false,,,,,,,,,,,,,,,,,,,,,,,,,,,,,kg,,,
jig-head-offset-esferico-ewg-laranja-maior,,,,,,,,,16g,,,1/0,,,,,'40801308050716,16.0,,0,continue,manual,3.62,,true,false,,,,,,,,,,,,,,,,,,,,,,,,,,,,,kg,,,
jig-head-offset-esferico-ewg-laranja-maior,,,,,,,,,5g,,,2/0,,,,,'40801308050605,5.0,,0,continue,manual,3.09,,true,false,,,,,,,,,,,,,,,,,,,,,,,,,,,,,kg,,,
jig-head-offset-esferico-ewg-laranja-maior,,,,,,,,,7g,,,2/0,,,,,'40801308050607,7.0,,0,continue,manual,3.09,,true,false,,,,,,,,,,,,,,,,,,,,,,,,,,,,,kg,,,
jig-head-offset-esferico-ewg-laranja-maior,,,,,,,,,9g,,,2/0,,,,,'40801308050609,9.0,,0,continue,manual,3.09,,true,false,,,,,,,,,,,,,,,,,,,,,,,,,,,,,kg,,,
jig-head-offset-esferico-ewg-laranja-maior,,,,,,,,,12g,,,2/0,,,,,'40801308050612,12.0,,0,continue,manual,3.95,,true,false,,,,,,,,,,,,,,,,,,,,,,,,,,,,,kg,,,
jig-head-offset-esferico-ewg-laranja-maior,,,,,,,,,14g,,,2/0,,,,,'40801308050614,14.0,,0,continue,manual,3.95,,true,false,,,,,,,,,,,,,,,,,,,,,,,,,,,,,kg,,,
jig-head-offset-esferico-ewg-laranja-maior,,,,,,,,,16g,,,2/0,,,,,'40801308050616,16.0,,0,continue,manual,3.95,,true,false,,,,,,,,,,,,,,,,,,,,,,,,,,,,,kg,,,
jig-head-offset-esferico-ewg-laranja-maior,,,,,,,,,5g,,,3/0,,,,,'40801308050505,5.0,,0,continue,manual,3.30,,true,false,,,,,,,,,,,,,,,,,,,,,,,,,,,,,kg,,,
jig-head-offset-esferico-ewg-laranja-maior,,,,,,,,,7g,,,3/0,,,,,'40801308050507,7.0,,0,continue,manual,3.30,,true,false,,,,,,,,,,,,,,,,,,,,,,,,,,,,,kg,,,
jig-head-offset-esferico-ewg-laranja-maior,,,,,,,,,9g,,,3/0,,,,,'40801308050509,9.0,,0,continue,manual,3.30,,true,false,,,,,,,,,,,,,,,,,,,,,,,,,,,,,kg,,,
jig-head-offset-esferico-ewg-laranja-maior,,,,,,,,,12g,,,3/0,,,,,'40801308050512,12.0,,0,continue,manual,4.16,,true,false,,,,,,,,,,,,,,,,,,,,,,,,,,,,,kg,,,
jig-head-offset-esferico-ewg-laranja-maior,,,,,,,,,14g,,,3/0,,,,,'40801308050514,14.0,,0,continue,manual,4.16,,true,false,,,,,,,,,,,,,,,,,,,,,,,,,,,,,kg,,,
jig-head-offset-esferico-ewg-laranja-maior,,,,,,,,,16g,,,3/0,,,,,'40801308050516,16.0,,0,continue,manual,4.16,,true,false,,,,,,,,,,,,,,,,,,,,,,,,,,,,,kg,,,
jig-head-offset-esferico-ewg-laranja-maior,,,,,,,,,5g,,,4/0,,,,,'40801308050405,5.0,,0,continue,manual,3.42,,true,false,,,,,,,,,,,,,,,,,,,,,,,,,,,,,kg,,,
jig-head-offset-esferico-ewg-laranja-maior,,,,,,,,,7g,,,4/0,,,,,'40801308050407,7.0,,0,continue,manual,3.42,,true,false,,,,,,,,,,,,,,,,,,,,,,,,,,,,,kg,,,
jig-head-offset-esferico-ewg-laranja-maior,,,,,,,,,9g,,,4/0,,,,,'40801308050409,9.0,,0,continue,manual,3.42,,true,false,,,,,,,,,,,,,,,,,,,,,,,,,,,,,kg,,,
jig-head-offset-esferico-ewg-laranja-maior,,,,,,,,,12g,,,4/0,,,,,'40801308050412,12.0,,0,continue,manual,4.28,,true,false,,,,,,,,,,,,,,,,,,,,,,,,,,,,,kg,,,
jig-head-offset-esferico-ewg-laranja-maior,,,,,,,,,14g,,,4/0,,,,,'40801308050414,14.0,,0,continue,manual,4.28,,true,false,,,,,,,,,,,,,,,,,,,,,,,,,,,,,kg,,,
jig-head-offset-esferico-ewg-laranja-maior,,,,,,,,,16g,,,4/0,,,,,'40801308050416,16.0,,0,continue,manual,4.28,,true,false,,,,,,,,,,,,,,,,,,,,,,,,,,,,,kg,,,
jig-head-offset-esferico-ewg-laranja-maior,,,,,,,,,5g,,,5/0,,,,,'40801308050305,5.0,,0,continue,manual,3.66,,true,false,,,,,,,,,,,,,,,,,,,,,,,,,,,,,kg,,,
jig-head-offset-esferico-ewg-laranja-maior,,,,,,,,,7g,,,5/0,,,,,'40801308050307,7.0,,0,continue,manual,3.66,,true,false,,,,,,,,,,,,,,,,,,,,,,,,,,,,,kg,,,
jig-head-offset-esferico-ewg-laranja-maior,,,,,,,,,9g,,,5/0,,,,,'40801308050309,9.0,,0,continue,manual,3.66,,true,false,,,,,,,,,,,,,,,,,,,,,,,,,,,,,kg,,,
jig-head-offset-esferico-ewg-laranja-maior,,,,,,,,,12g,,,5/0,,,,,'40801308050312,12.0,,0,continue,manual,4.52,,true,false,,,,,,,,,,,,,,,,,,,,,,,,,,,,,kg,,,
jig-head-offset-esferico-ewg-laranja-maior,,,,,,,,,14g,,,5/0,,,,,'40801308050314,14.0,,0,continue,manual,4.52,,true,false,,,,,,,,,,,,,,,,,,,,,,,,,,,,,kg,,,
jig-head-offset-esferico-ewg-laranja-maior,,,,,,,,,16g,,,5/0,,,,,'40801308050316,16.0,,0,continue,manual,4.52,,true,false,,,,,,,,,,,,,,,,,,,,,,,,,,,,,kg,,,
jig-head-offset-esferico-ewg-laranja-maior,,,,,,,,,5g,,,6/0,,,,,'40801308050205,5.0,,0,continue,manual,3.84,,true,false,,,,,,,,,,,,,,,,,,,,,,,,,,,,,kg,,,
jig-head-offset-esferico-ewg-laranja-maior,,,,,,,,,7g,,,6/0,,,,,'40801308050207,7.0,,0,continue,manual,3.84,,true,false,,,,,,,,,,,,,,,,,,,,,,,,,,,,,kg,,,
jig-head-offset-esferico-ewg-laranja-maior,,,,,,,,,9g,,,6/0,,,,,'40801308050209,9.0,,0,continue,manual,3.84,,true,false,,,,,,,,,,,,,,,,,,,,,,,,,,,,,kg,,,
jig-head-offset-esferico-ewg-laranja-maior,,,,,,,,,12g,,,6/0,,,,,'40801308050212,12.0,,0,continue,manual,4.70,,true,false,,,,,,,,,,,,,,,,,,,,,,,,,,,,,kg,,,
jig-head-offset-esferico-ewg-laranja-maior,,,,,,,,,14g,,,6/0,,,,,'40801308050214,14.0,,0,continue,manual,4.70,,true,false,,,,,,,,,,,,,,,,,,,,,,,,,,,,,kg,,,
jig-head-offset-esferico-ewg-laranja-maior,,,,,,,,,16g,,,6/0,,,,,'40801308050216,16.0,,0,continue,manual,4.70,,true,false,,,,,,,,,,,,,,,,,,,,,,,,,,,,,kg,,,
jig-head-offset-esferico-ewg-laranja-maior,,,,,,,,,5g,,,7/0,,,,,'40801308050105,5.0,shopify,0,deny,manual,4.01,,true,false,,,,,,,,,,,,,,,,,,,,,,,,,,,,,kg,,,
jig-head-offset-esferico-ewg-laranja-maior,,,,,,,,,7g,,,7/0,,,,,'40801308050107,7.0,shopify,0,deny,manual,4.01,,true,false,,,,,,,,,,,,,,,,,,,,,,,,,,,,,kg,,,
jig-head-offset-esferico-ewg-laranja-maior,,,,,,,,,9g,,,7/0,,,,,'40801308050109,9.0,shopify,0,deny,manual,4.01,,true,false,,,,,,,,,,,,,,,,,,,,,,,,,,,,,kg,,,
jig-head-offset-esferico-ewg-laranja-maior,,,,,,,,,12g,,,7/0,,,,,'40801308050112,12.0,shopify,0,deny,manual,4.87,,true,false,,,,,,,,,,,,,,,,,,,,,,,,,,,,,kg,,,
jig-head-offset-esferico-ewg-laranja-maior,,,,,,,,,14g,,,7/0,,,,,'40801308050114,14.0,shopify,0,deny,manual,4.87,,true,false,,,,,,,,,,,,,,,,,,,,,,,,,,,,,kg,,,
jig-head-offset-esferico-ewg-laranja-maior,,,,,,,,,16g,,,7/0,,,,,'40801308050116,16.0,shopify,0,deny,manual,4.87,,true,false,,,,,,,,,,,,,,,,,,,,,,,,,,,,,kg,,,
jig-head-offset-esferico-ewg-laranja-menor,Anzol Jig Head Offset Esférico EWG Laranja Menor,<p>Chumbada Jig Head Offset Esférico EWG Laranja Menor</p>,Chumbada Oficial,Sem categoria,"","Chumbada, Colorido, Esférico, EWG, Jig Head, Jig Head Esférico EWG, Laranja, Menor, Offset, Todos",true,Peso,5g,,Tamanho do Anzol,#1,,,,,'40801308050805,5.0,shopify,0,deny,manual,2.76,,true,false,,,,,,https://cdn.shopify.com/s/files/1/0454/5845/6736/files/laranja.png?v=1769794516,1,"",false,,,,,,,,,,,,,,,,,,,,kg,,,active
jig-head-offset-esferico-ewg-laranja-menor,,,,,,,,,7g,,,#1,,,,,'40801308050807,7.0,shopify,0,deny,manual,2.76,,true,false,,,,,,,,,,,,,,,,,,,,,,,,,,,,,kg,,,
jig-head-offset-esferico-ewg-laranja-menor,,,,,,,,,9g,,,#1,,,,,'40801308050809,9.0,shopify,0,deny,manual,2.76,,true,false,,,,,,,,,,,,,,,,,,,,,,,,,,,,,kg,,,
jig-head-offset-esferico-ewg-laranja-menor,,,,,,,,,12g,,,#1,,,,,'40801308050812,12.0,shopify,0,deny,manual,3.62,,true,false,,,,,,,,,,,,,,,,,,,,,,,,,,,,,kg,,,
jig-head-offset-esferico-ewg-laranja-menor,,,,,,,,,14g,,,#1,,,,,'40801308050814,14.0,shopify,0,deny,manual,3.62,,true,false,,,,,,,,,,,,,,,,,,,,,,,,,,,,,kg,,,
jig-head-offset-esferico-ewg-laranja-menor,,,,,,,,,16g,,,#1,,,,,'40801308050816,16.0,shopify,0,deny,manual,3.62,,true,false,,,,,,,,,,,,,,,,,,,,,,,,,,,,,kg,,,
jig-head-offset-esferico-ewg-laranja-menor,,,,,,,,,5g,,,#2,,,,,'40801308050905,5.0,,0,continue,manual,2.76,,true,false,,,,,,,,,,,,,,,,,,,,,,,,,,,,,kg,,,
jig-head-offset-esferico-ewg-laranja-menor,,,,,,,,,7g,,,#2,,,,,'40801308050907,7.0,,0,continue,manual,2.76,,true,false,,,,,,,,,,,,,,,,,,,,,,,,,,,,,kg,,,
jig-head-offset-esferico-ewg-laranja-menor,,,,,,,,,9g,,,#2,,,,,'40801308050909,9.0,,0,continue,manual,2.76,,true,false,,,,,,,,,,,,,,,,,,,,,,,,,,,,,kg,,,
jig-head-offset-esferico-ewg-laranja-menor,,,,,,,,,12g,,,#2,,,,,'40801308050912,12.0,,0,continue,manual,3.62,,true,false,,,,,,,,,,,,,,,,,,,,,,,,,,,,,kg,,,
jig-head-offset-esferico-ewg-laranja-menor,,,,,,,,,14g,,,#2,,,,,'40801308050914,14.0,,0,continue,manual,3.62,,true,false,,,,,,,,,,,,,,,,,,,,,,,,,,,,,kg,,,
jig-head-offset-esferico-ewg-laranja-menor,,,,,,,,,16g,,,#2,,,,,'40801308050916,16.0,,0,continue,manual,3.62,,true,false,,,,,,,,,,,,,,,,,,,,,,,,,,,,,kg,,,
jig-head-offset-esferico-ewg-laranja-menor,,,,,,,,,5g,,,#4,,,,,'40801308051005,5.0,,-10,continue,manual,2.76,,true,false,,,,,,,,,,,,,,,,,,,,,,,,,,,,,kg,,,
jig-head-offset-esferico-ewg-laranja-menor,,,,,,,,,7g,,,#4,,,,,'40801308051007,7.0,,0,continue,manual,2.76,,true,false,,,,,,,,,,,,,,,,,,,,,,,,,,,,,kg,,,
jig-head-offset-esferico-ewg-laranja-menor,,,,,,,,,9g,,,#4,,,,,'40801308051009,9.0,,-5,continue,manual,2.76,,true,false,,,,,,,,,,,,,,,,,,,,,,,,,,,,,kg,,,
jig-head-offset-esferico-ewg-laranja-menor,,,,,,,,,12g,,,#4,,,,,'40801308051012,12.0,,0,continue,manual,3.62,,true,false,,,,,,,,,,,,,,,,,,,,,,,,,,,,,kg,,,
jig-head-offset-esferico-ewg-laranja-menor,,,,,,,,,14g,,,#4,,,,,'40801308051014,14.0,,0,continue,manual,3.62,,true,false,,,,,,,,,,,,,,,,,,,,,,,,,,,,,kg,,,
jig-head-offset-esferico-ewg-laranja-menor,,,,,,,,,16g,,,#4,,,,,'40801308051016,16.0,,0,continue,manual,3.62,,true,false,,,,,,,,,,,,,,,,,,,,,,,,,,,,,kg,,,
jig-head-offset-esferico-ewg-laranja-menor,,,,,,,,,5g,,,#6,,,,,'40801308051105,5.0,,0,continue,manual,2.76,,true,false,,,,,,,,,,,,,,,,,,,,,,,,,,,,,kg,,,
jig-head-offset-esferico-ewg-laranja-menor,,,,,,,,,7g,,,#6,,,,,'40801308051107,7.0,,-6,continue,manual,2.76,,true,false,,,,,,,,,,,,,,,,,,,,,,,,,,,,,kg,,,
jig-head-offset-esferico-ewg-laranja-menor,,,,,,,,,9g,,,#6,,,,,'40801308051109,9.0,,-10,continue,manual,2.76,,true,false,,,,,,,,,,,,,,,,,,,,,,,,,,,,,kg,,,
jig-head-offset-esferico-ewg-laranja-menor,,,,,,,,,12g,,,#6,,,,,'40801308051112,12.0,,0,continue,manual,3.62,,true,false,,,,,,,,,,,,,,,,,,,,,,,,,,,,,kg,,,
jig-head-offset-esferico-ewg-laranja-menor,,,,,,,,,14g,,,#6,,,,,'40801308051114,14.0,,0,continue,manual,3.62,,true,false,,,,,,,,,,,,,,,,,,,,,,,,,,,,,kg,,,
jig-head-offset-esferico-ewg-laranja-menor,,,,,,,,,16g,,,#6,,,,,'40801308051116,16.0,,0,continue,manual,3.62,,true,false,,,,,,,,,,,,,,,,,,,,,,,,,,,,,kg,,,
jig-head-offset-esferico-ewg-natural-maior,Anzol Jig Head Offset Esférico EWG Natural Maior,<p>Chumbada Jig Head Offset Esférico EWG Natural Maior</p>,Chumbada Oficial,Sem categoria,"","Chumbada, Esférico, EWG, Jig Head, Jig Head Esférico EWG, Maior, Natural, Offset, Todos",true,Peso,3g,,Tamanho do Anzol,1/0,,,,,'40801307010703,3.0,,-92,continue,manual,1.70,,true,false,,,,,,https://cdn.shopify.com/s/files/1/0454/5845/6736/files/Anzol-Jig-Head-Offset-Esferico-EWG-natural-Maior.png?v=1769793666,1,"",false,,,,,,,,,,,,,,,,,,,,kg,,,active
jig-head-offset-esferico-ewg-natural-maior,,,,,,,,,5g,,,1/0,,,,,'40801307010705,5.0,,-85,continue,manual,1.96,,true,false,,,,,,,,,,,,,,,,,,,,,,,,,,,,,kg,,,
jig-head-offset-esferico-ewg-natural-maior,,,,,,,,,7g,,,1/0,,,,,'40801307010707,7.0,,-29,continue,manual,1.96,,true,false,,,,,,,,,,,,,,,,,,,,,,,,,,,,,kg,,,
jig-head-offset-esferico-ewg-natural-maior,,,,,,,,,9g,,,1/0,,,,,'40801307010709,9.0,,-74,continue,manual,1.96,,true,false,,,,,,,,,,,,,,,,,,,,,,,,,,,,,kg,,,
jig-head-offset-esferico-ewg-natural-maior,,,,,,,,,12g,,,1/0,,,,,'40801307010712,12.0,,-60,continue,manual,2.42,,true,false,,,,,,,,,,,,,,,,,,,,,,,,,,,,,kg,,,
jig-head-offset-esferico-ewg-natural-maior,,,,,,,,,14g,,,1/0,,,,,'40801307010714,14.0,,-30,continue,manual,2.42,,true,false,,,,,,,,,,,,,,,,,,,,,,,,,,,,,kg,,,
jig-head-offset-esferico-ewg-natural-maior,,,,,,,,,16g,,,1/0,,,,,'40801307010716,16.0,,0,continue,manual,2.42,,true,false,,,,,,,,,,,,,,,,,,,,,,,,,,,,,kg,,,
jig-head-offset-esferico-ewg-natural-maior,,,,,,,,,3g,,,2/0,,,,,'40801307010603,3.0,,-60,continue,manual,2.02,,true,false,,,,,,,,,,,,,,,,,,,,,,,,,,,,,kg,,,
jig-head-offset-esferico-ewg-natural-maior,,,,,,,,,5g,,,2/0,,,,,'40801307010605,5.0,,-148,continue,manual,2.29,,true,false,,,,,,,,,,,,,,,,,,,,,,,,,,,,,kg,,,
jig-head-offset-esferico-ewg-natural-maior,,,,,,,,,7g,,,2/0,,,,,'40801307010607,7.0,,-113,continue,manual,2.29,,true,false,,,,,,,,,,,,,,,,,,,,,,,,,,,,,kg,,,
jig-head-offset-esferico-ewg-natural-maior,,,,,,,,,9g,,,2/0,,,,,'40801307010609,9.0,,-102,continue,manual,2.29,,true,false,,,,,,,,,,,,,,,,,,,,,,,,,,,,,kg,,,
jig-head-offset-esferico-ewg-natural-maior,,,,,,,,,12g,,,2/0,,,,,'40801307010612,12.0,,-95,continue,manual,2.75,,true,false,,,,,,,,,,,,,,,,,,,,,,,,,,,,,kg,,,
jig-head-offset-esferico-ewg-natural-maior,,,,,,,,,14g,,,2/0,,,,,'40801307010614,14.0,,-40,continue,manual,2.75,,true,false,,,,,,,,,,,,,,,,,,,,,,,,,,,,,kg,,,
jig-head-offset-esferico-ewg-natural-maior,,,,,,,,,16g,,,2/0,,,,,'40801307010616,16.0,,-20,continue,manual,2.75,,true,false,,,,,,,,,,,,,,,,,,,,,,,,,,,,,kg,,,
jig-head-offset-esferico-ewg-natural-maior,,,,,,,,,3g,,,3/0,,,,,'40801307010503,3.0,,-85,continue,manual,2.23,,true,false,,,,,,,,,,,,,,,,,,,,,,,,,,,,,kg,,,
jig-head-offset-esferico-ewg-natural-maior,,,,,,,,,5g,,,3/0,,,,,'40801307010505,5.0,,-135,continue,manual,2.50,,true,false,,,,,,,,,,,,,,,,,,,,,,,,,,,,,kg,,,
jig-head-offset-esferico-ewg-natural-maior,,,,,,,,,7g,,,3/0,,,,,'40801307010507,7.0,,-155,continue,manual,2.50,,true,false,,,,,,,,,,,,,,,,,,,,,,,,,,,,,kg,,,
jig-head-offset-esferico-ewg-natural-maior,,,,,,,,,9g,,,3/0,,,,,'40801307010509,9.0,,-65,continue,manual,2.50,,true,false,,,,,,,,,,,,,,,,,,,,,,,,,,,,,kg,,,
jig-head-offset-esferico-ewg-natural-maior,,,,,,,,,12g,,,3/0,,,,,'40801307010512,12.0,,-80,continue,manual,2.96,,true,false,,,,,,,,,,,,,,,,,,,,,,,,,,,,,kg,,,
jig-head-offset-esferico-ewg-natural-maior,,,,,,,,,14g,,,3/0,,,,,'40801307010514,14.0,,-35,continue,manual,2.96,,true,false,,,,,,,,,,,,,,,,,,,,,,,,,,,,,kg,,,
jig-head-offset-esferico-ewg-natural-maior,,,,,,,,,16g,,,3/0,,,,,'40801307010516,16.0,,-25,continue,manual,2.96,,true,false,,,,,,,,,,,,,,,,,,,,,,,,,,,,,kg,,,
jig-head-offset-esferico-ewg-natural-maior,,,,,,,,,3g,,,4/0,,,,,'40801307010403,3.0,,-44,continue,manual,2.35,,true,false,,,,,,,,,,,,,,,,,,,,,,,,,,,,,kg,,,
jig-head-offset-esferico-ewg-natural-maior,,,,,,,,,5g,,,4/0,,,,,'40801307010405,5.0,,-70,continue,manual,2.62,,true,false,,,,,,,,,,,,,,,,,,,,,,,,,,,,,kg,,,
jig-head-offset-esferico-ewg-natural-maior,,,,,,,,,7g,,,4/0,,,,,'40801307010407,7.0,,-50,continue,manual,2.62,,true,false,,,,,,,,,,,,,,,,,,,,,,,,,,,,,kg,,,
jig-head-offset-esferico-ewg-natural-maior,,,,,,,,,9g,,,4/0,,,,,'40801307010409,9.0,,-37,continue,manual,2.62,,true,false,,,,,,,,,,,,,,,,,,,,,,,,,,,,,kg,,,
jig-head-offset-esferico-ewg-natural-maior,,,,,,,,,12g,,,4/0,,,,,'40801307010412,12.0,,-93,continue,manual,3.08,,true,false,,,,,,,,,,,,,,,,,,,,,,,,,,,,,kg,,,
jig-head-offset-esferico-ewg-natural-maior,,,,,,,,,14g,,,4/0,,,,,'40801307010414,14.0,,-29,continue,manual,3.08,,true,false,,,,,,,,,,,,,,,,,,,,,,,,,,,,,kg,,,
jig-head-offset-esferico-ewg-natural-maior,,,,,,,,,16g,,,4/0,,,,,'40801307010416,16.0,,-5,continue,manual,3.08,,true,false,,,,,,,,,,,,,,,,,,,,,,,,,,,,,kg,,,
jig-head-offset-esferico-ewg-natural-maior,,,,,,,,,3g,,,5/0,,,,,'40801307010303,3.0,,-20,continue,manual,2.59,,true,false,,,,,,,,,,,,,,,,,,,,,,,,,,,,,kg,,,
jig-head-offset-esferico-ewg-natural-maior,,,,,,,,,5g,,,5/0,,,,,'40801307010305,5.0,,-60,continue,manual,2.86,,true,false,,,,,,,,,,,,,,,,,,,,,,,,,,,,,kg,,,
jig-head-offset-esferico-ewg-natural-maior,,,,,,,,,7g,,,5/0,,,,,'40801307010307,7.0,,-50,continue,manual,2.86,,true,false,,,,,,,,,,,,,,,,,,,,,,,,,,,,,kg,,,
jig-head-offset-esferico-ewg-natural-maior,,,,,,,,,9g,,,5/0,,,,,'40801307010309,9.0,,-90,continue,manual,2.86,,true,false,,,,,,,,,,,,,,,,,,,,,,,,,,,,,kg,,,
jig-head-offset-esferico-ewg-natural-maior,,,,,,,,,12g,,,5/0,,,,,'40801307010312,12.0,,-52,continue,manual,3.32,,true,false,,,,,,,,,,,,,,,,,,,,,,,,,,,,,kg,,,
jig-head-offset-esferico-ewg-natural-maior,,,,,,,,,14g,,,5/0,,,,,'40801307010314,14.0,,-20,continue,manual,3.32,,true,false,,,,,,,,,,,,,,,,,,,,,,,,,,,,,kg,,,
jig-head-offset-esferico-ewg-natural-maior,,,,,,,,,16g,,,5/0,,,,,'40801307010316,16.0,,-10,continue,manual,3.32,,true,false,,,,,,,,,,,,,,,,,,,,,,,,,,,,,kg,,,
jig-head-offset-esferico-ewg-natural-maior,,,,,,,,,3g,,,6/0,,,,,'40801307010203,3.0,,-10,continue,manual,2.77,,true,false,,,,,,,,,,,,,,,,,,,,,,,,,,,,,kg,,,
jig-head-offset-esferico-ewg-natural-maior,,,,,,,,,5g,,,6/0,,,,,'40801307010205,5.0,,-10,continue,manual,3.04,,true,false,,,,,,,,,,,,,,,,,,,,,,,,,,,,,kg,,,
jig-head-offset-esferico-ewg-natural-maior,,,,,,,,,7g,,,6/0,,,,,'40801307010207,7.0,,-10,continue,manual,3.04,,true,false,,,,,,,,,,,,,,,,,,,,,,,,,,,,,kg,,,
jig-head-offset-esferico-ewg-natural-maior,,,,,,,,,9g,,,6/0,,,,,'40801307010209,9.0,,-10,continue,manual,3.04,,true,false,,,,,,,,,,,,,,,,,,,,,,,,,,,,,kg,,,
jig-head-offset-esferico-ewg-natural-maior,,,,,,,,,12g,,,6/0,,,,,'40801307010212,12.0,,-20,continue,manual,3.50,,true,false,,,,,,,,,,,,,,,,,,,,,,,,,,,,,kg,,,
jig-head-offset-esferico-ewg-natural-maior,,,,,,,,,14g,,,6/0,,,,,'40801307010214,14.0,,-22,continue,manual,3.50,,true,false,,,,,,,,,,,,,,,,,,,,,,,,,,,,,kg,,,
jig-head-offset-esferico-ewg-natural-maior,,,,,,,,,16g,,,6/0,,,,,'40801307010216,16.0,,0,continue,manual,3.50,,true,false,,,,,,,,,,,,,,,,,,,,,,,,,,,,,kg,,,
jig-head-offset-esferico-ewg-natural-maior,,,,,,,,,3g,,,7/0,,,,,'40801307010103,3.0,shopify,-10,deny,manual,2.95,,true,false,,,,,,,,,,,,,,,,,,,,,,,,,,,,,kg,,,
jig-head-offset-esferico-ewg-natural-maior,,,,,,,,,5g,,,7/0,,,,,'40801307010105,5.0,shopify,-351,deny,manual,3.21,,true,false,,,,,,,,,,,,,,,,,,,,,,,,,,,,,kg,,,
jig-head-offset-esferico-ewg-natural-maior,,,,,,,,,7g,,,7/0,,,,,'40801307010107,7.0,shopify,-10,deny,manual,3.21,,true,false,,,,,,,,,,,,,,,,,,,,,,,,,,,,,kg,,,
jig-head-offset-esferico-ewg-natural-maior,,,,,,,,,9g,,,7/0,,,,,'40801307010109,9.0,shopify,-16,deny,manual,3.21,,true,false,,,,,,,,,,,,,,,,,,,,,,,,,,,,,kg,,,
jig-head-offset-esferico-ewg-natural-maior,,,,,,,,,12g,,,7/0,,,,,'40801307010112,12.0,shopify,-20,deny,manual,3.67,,true,false,,,,,,,,,,,,,,,,,,,,,,,,,,,,,kg,,,
jig-head-offset-esferico-ewg-natural-maior,,,,,,,,,14g,,,7/0,,,,,'40801307010114,14.0,shopify,-10,deny,manual,3.67,,true,false,,,,,,,,,,,,,,,,,,,,,,,,,,,,,kg,,,
jig-head-offset-esferico-ewg-natural-maior,,,,,,,,,16g,,,7/0,,,,,'40801307010116,16.0,shopify,-12,deny,manual,3.67,,true,false,,,,,,,,,,,,,,,,,,,,,,,,,,,,,kg,,,
jig-head-offset-esferico-ewg-natural-menor,Anzol Jig Head Offset Esférico EWG Natural Menor,<p>Chumbada Jig Head Offset Esférico EWG Natural Menor</p>,Chumbada Oficial,Sem categoria,"","Chumbada, Esférico, EWG, Jig Head, Jig Head Esférico EWG, Natural, Offset, Todos",true,Peso,3g,,Tamanho do Anzol,#1,,,,,'40801307010803,3.0,shopify,-23,deny,manual,1.70,,true,false,,,,,,https://cdn.shopify.com/s/files/1/0454/5845/6736/files/natural.png?v=1769794516,1,"",false,,,,,,,,,,,,,,,,,,,,kg,,,active
jig-head-offset-esferico-ewg-natural-menor,,,,,,,,,5g,,,#1,,,,,'40801307010805,5.0,shopify,-129,deny,manual,1.96,,true,false,,,,,,,,,,,,,,,,,,,,,,,,,,,,,kg,,,
jig-head-offset-esferico-ewg-natural-menor,,,,,,,,,7g,,,#1,,,,,'40801307010807,7.0,shopify,-13,deny,manual,1.96,,true,false,,,,,,,,,,,,,,,,,,,,,,,,,,,,,kg,,,
jig-head-offset-esferico-ewg-natural-menor,,,,,,,,,9g,,,#1,,,,,'40801307010809,9.0,shopify,-13,deny,manual,1.96,,true,false,,,,,,,,,,,,,,,,,,,,,,,,,,,,,kg,,,
jig-head-offset-esferico-ewg-natural-menor,,,,,,,,,12g,,,#1,,,,,'40801307010812,12.0,shopify,-35,deny,manual,2.42,,true,false,,,,,,,,,,,,,,,,,,,,,,,,,,,,,kg,,,
jig-head-offset-esferico-ewg-natural-menor,,,,,,,,,14g,,,#1,,,,,'40801307010814,14.0,shopify,-10,deny,manual,2.42,,true,false,,,,,,,,,,,,,,,,,,,,,,,,,,,,,kg,,,
jig-head-offset-esferico-ewg-natural-menor,,,,,,,,,16g,,,#1,,,,,'40801307010816,16.0,shopify,-10,deny,manual,2.42,,true,false,,,,,,,,,,,,,,,,,,,,,,,,,,,,,kg,,,
jig-head-offset-esferico-ewg-natural-menor,,,,,,,,,3g,,,#2,,,,,'40801307010903,3.0,,-20,continue,manual,1.70,,true,false,,,,,,,,,,,,,,,,,,,,,,,,,,,,,kg,,,
jig-head-offset-esferico-ewg-natural-menor,,,,,,,,,5g,,,#2,,,,,'40801307010905,5.0,,-10,continue,manual,1.96,,true,false,,,,,,,,,,,,,,,,,,,,,,,,,,,,,kg,,,
jig-head-offset-esferico-ewg-natural-menor,,,,,,,,,7g,,,#2,,,,,'40801307010907,7.0,,-20,continue,manual,1.96,,true,false,,,,,,,,,,,,,,,,,,,,,,,,,,,,,kg,,,
jig-head-offset-esferico-ewg-natural-menor,,,,,,,,,9g,,,#2,,,,,'40801307010909,9.0,,-15,continue,manual,1.96,,true,false,,,,,,,,,,,,,,,,,,,,,,,,,,,,,kg,,,
jig-head-offset-esferico-ewg-natural-menor,,,,,,,,,12g,,,#2,,,,,'40801307010912,12.0,,-20,continue,manual,2.42,,true,false,,,,,,,,,,,,,,,,,,,,,,,,,,,,,kg,,,
jig-head-offset-esferico-ewg-natural-menor,,,,,,,,,14g,,,#2,,,,,'40801307010914,14.0,,-10,continue,manual,2.42,,true,false,,,,,,,,,,,,,,,,,,,,,,,,,,,,,kg,,,
jig-head-offset-esferico-ewg-natural-menor,,,,,,,,,16g,,,#2,,,,,'40801307010916,16.0,,-10,continue,manual,2.42,,true,false,,,,,,,,,,,,,,,,,,,,,,,,,,,,,kg,,,
jig-head-offset-esferico-ewg-natural-menor,,,,,,,,,3g,,,#4,,,,,'40801307011003,3.0,,-20,continue,manual,1.70,,true,false,,,,,,,,,,,,,,,,,,,,,,,,,,,,,kg,,,
jig-head-offset-esferico-ewg-natural-menor,,,,,,,,,5g,,,#4,,,,,'40801307011005,5.0,,-10,continue,manual,1.96,,true,false,,,,,,,,,,,,,,,,,,,,,,,,,,,,,kg,,,
jig-head-offset-esferico-ewg-natural-menor,,,,,,,,,7g,,,#4,,,,,'40801307011007,7.0,,-10,continue,manual,1.96,,true,false,,,,,,,,,,,,,,,,,,,,,,,,,,,,,kg,,,
jig-head-offset-esferico-ewg-natural-menor,,,,,,,,,9g,,,#4,,,,,'40801307011009,9.0,,-10,continue,manual,1.96,,true,false,,,,,,,,,,,,,,,,,,,,,,,,,,,,,kg,,,
jig-head-offset-esferico-ewg-natural-menor,,,,,,,,,12g,,,#4,,,,,'40801307011012,12.0,,-15,continue,manual,2.42,,true,false,,,,,,,,,,,,,,,,,,,,,,,,,,,,,kg,,,
jig-head-offset-esferico-ewg-natural-menor,,,,,,,,,14g,,,#4,,,,,'40801307011014,14.0,,-16,continue,manual,2.42,,true,false,,,,,,,,,,,,,,,,,,,,,,,,,,,,,kg,,,
jig-head-offset-esferico-ewg-natural-menor,,,,,,,,,16g,,,#4,,,,,'40801307011016,16.0,,-10,continue,manual,2.42,,true,false,,,,,,,,,,,,,,,,,,,,,,,,,,,,,kg,,,
jig-head-offset-esferico-ewg-natural-menor,,,,,,,,,3g,,,#6,,,,,'40801307011103,3.0,,-20,continue,manual,1.70,,true,false,,,,,,,,,,,,,,,,,,,,,,,,,,,,,kg,,,
jig-head-offset-esferico-ewg-natural-menor,,,,,,,,,5g,,,#6,,,,,'40801307011105,5.0,,-10,continue,manual,1.96,,true,false,,,,,,,,,,,,,,,,,,,,,,,,,,,,,kg,,,
jig-head-offset-esferico-ewg-natural-menor,,,,,,,,,7g,,,#6,,,,,'40801307011107,7.0,,-10,continue,manual,1.96,,true,false,,,,,,,,,,,,,,,,,,,,,,,,,,,,,kg,,,
jig-head-offset-esferico-ewg-natural-menor,,,,,,,,,9g,,,#6,,,,,'40801307011109,9.0,,-10,continue,manual,1.96,,true,false,,,,,,,,,,,,,,,,,,,,,,,,,,,,,kg,,,
jig-head-offset-esferico-ewg-natural-menor,,,,,,,,,12g,,,#6,,,,,'40801307011112,12.0,,-10,continue,manual,2.42,,true,false,,,,,,,,,,,,,,,,,,,,,,,,,,,,,kg,,,
jig-head-offset-esferico-ewg-natural-menor,,,,,,,,,14g,,,#6,,,,,'40801307011114,14.0,,-10,continue,manual,2.42,,true,false,,,,,,,,,,,,,,,,,,,,,,,,,,,,,kg,,,
jig-head-offset-esferico-ewg-natural-menor,,,,,,,,,16g,,,#6,,,,,'40801307011116,16.0,,-10,continue,manual,2.42,,true,false,,,,,,,,,,,,,,,,,,,,,,,,,,,,,kg,,,
jig-head-offset-esferico-ewg-preto-maior,Anzol Jig Head Offset Esférico EWG Preto Maior,<p>Chumbada Jig Head Offset Esférico EWG Preto Maior</p>,Chumbada Oficial,Sem categoria,"","Chumbada, Colorido, Esférico, EWG, Jig Head, Jig Head Esférico EWG, Maior, Offset, Preto, Todos",true,Peso,5g,,Tamanho do Anzol,1/0,,,,,'40801308020705,5.0,,-68,continue,manual,2.76,,true,false,,,,,,https://cdn.shopify.com/s/files/1/0454/5845/6736/files/Anzol-Jig-Head-Offset-Esferico-EWG-preto-Maior.png?v=1769793518,1,"",false,,,,,,,,,,,,,,,,,,,,kg,,,active
jig-head-offset-esferico-ewg-preto-maior,,,,,,,,,7g,,,1/0,,,,,'40801308020707,7.0,,-65,continue,manual,2.76,,true,false,,,,,,,,,,,,,,,,,,,,,,,,,,,,,kg,,,
jig-head-offset-esferico-ewg-preto-maior,,,,,,,,,9g,,,1/0,,,,,'40801308020709,9.0,,0,continue,manual,2.76,,true,false,,,,,,,,,,,,,,,,,,,,,,,,,,,,,kg,,,
jig-head-offset-esferico-ewg-preto-maior,,,,,,,,,12g,,,1/0,,,,,'40801308020712,12.0,,0,continue,manual,3.62,,true,false,,,,,,,,,,,,,,,,,,,,,,,,,,,,,kg,,,
jig-head-offset-esferico-ewg-preto-maior,,,,,,,,,14g,,,1/0,,,,,'40801308020714,14.0,,0,continue,manual,3.62,,true,false,,,,,,,,,,,,,,,,,,,,,,,,,,,,,kg,,,
jig-head-offset-esferico-ewg-preto-maior,,,,,,,,,16g,,,1/0,,,,,'40801308020716,16.0,,0,continue,manual,3.62,,true,false,,,,,,,,,,,,,,,,,,,,,,,,,,,,,kg,,,
jig-head-offset-esferico-ewg-preto-maior,,,,,,,,,5g,,,2/0,,,,,'40801308020605,5.0,,-40,continue,manual,3.09,,true,false,,,,,,,,,,,,,,,,,,,,,,,,,,,,,kg,,,
jig-head-offset-esferico-ewg-preto-maior,,,,,,,,,7g,,,2/0,,,,,'40801308020607,7.0,,-68,continue,manual,3.09,,true,false,,,,,,,,,,,,,,,,,,,,,,,,,,,,,kg,,,
jig-head-offset-esferico-ewg-preto-maior,,,,,,,,,9g,,,2/0,,,,,'40801308020609,9.0,,-28,continue,manual,3.09,,true,false,,,,,,,,,,,,,,,,,,,,,,,,,,,,,kg,,,
jig-head-offset-esferico-ewg-preto-maior,,,,,,,,,12g,,,2/0,,,,,'40801308020612,12.0,,0,continue,manual,3.95,,true,false,,,,,,,,,,,,,,,,,,,,,,,,,,,,,kg,,,
jig-head-offset-esferico-ewg-preto-maior,,,,,,,,,14g,,,2/0,,,,,'40801308020614,14.0,,0,continue,manual,3.95,,true,false,,,,,,,,,,,,,,,,,,,,,,,,,,,,,kg,,,
jig-head-offset-esferico-ewg-preto-maior,,,,,,,,,16g,,,2/0,,,,,'40801308020616,16.0,,0,continue,manual,3.95,,true,false,,,,,,,,,,,,,,,,,,,,,,,,,,,,,kg,,,
jig-head-offset-esferico-ewg-preto-maior,,,,,,,,,5g,,,3/0,,,,,'40801308020505,5.0,,-40,continue,manual,3.30,,true,false,,,,,,,,,,,,,,,,,,,,,,,,,,,,,kg,,,
jig-head-offset-esferico-ewg-preto-maior,,,,,,,,,7g,,,3/0,,,,,'40801308020507,7.0,,-48,continue,manual,3.30,,true,false,,,,,,,,,,,,,,,,,,,,,,,,,,,,,kg,,,
jig-head-offset-esferico-ewg-preto-maior,,,,,,,,,9g,,,3/0,,,,,'40801308020509,9.0,,-28,continue,manual,3.30,,true,false,,,,,,,,,,,,,,,,,,,,,,,,,,,,,kg,,,
jig-head-offset-esferico-ewg-preto-maior,,,,,,,,,12g,,,3/0,,,,,'40801308020512,12.0,,-28,continue,manual,4.16,,true,false,,,,,,,,,,,,,,,,,,,,,,,,,,,,,kg,,,
jig-head-offset-esferico-ewg-preto-maior,,,,,,,,,14g,,,3/0,,,,,'40801308020514,14.0,,0,continue,manual,4.16,,true,false,,,,,,,,,,,,,,,,,,,,,,,,,,,,,kg,,,
jig-head-offset-esferico-ewg-preto-maior,,,,,,,,,16g,,,3/0,,,,,'40801308020516,16.0,,0,continue,manual,4.16,,true,false,,,,,,,,,,,,,,,,,,,,,,,,,,,,,kg,,,
jig-head-offset-esferico-ewg-preto-maior,,,,,,,,,5g,,,4/0,,,,,'40801308020405,5.0,,0,continue,manual,3.42,,true,false,,,,,,,,,,,,,,,,,,,,,,,,,,,,,kg,,,
jig-head-offset-esferico-ewg-preto-maior,,,,,,,,,7g,,,4/0,,,,,'40801308020407,7.0,,-20,continue,manual,3.42,,true,false,,,,,,,,,,,,,,,,,,,,,,,,,,,,,kg,,,
jig-head-offset-esferico-ewg-preto-maior,,,,,,,,,9g,,,4/0,,,,,'40801308020409,9.0,,0,continue,manual,3.42,,true,false,,,,,,,,,,,,,,,,,,,,,,,,,,,,,kg,,,
jig-head-offset-esferico-ewg-preto-maior,,,,,,,,,12g,,,4/0,,,,,'40801308020412,12.0,,0,continue,manual,4.28,,true,false,,,,,,,,,,,,,,,,,,,,,,,,,,,,,kg,,,
jig-head-offset-esferico-ewg-preto-maior,,,,,,,,,14g,,,4/0,,,,,'40801308020414,14.0,,0,continue,manual,4.28,,true,false,,,,,,,,,,,,,,,,,,,,,,,,,,,,,kg,,,
jig-head-offset-esferico-ewg-preto-maior,,,,,,,,,16g,,,4/0,,,,,'40801308020416,16.0,,0,continue,manual,4.28,,true,false,,,,,,,,,,,,,,,,,,,,,,,,,,,,,kg,,,
jig-head-offset-esferico-ewg-preto-maior,,,,,,,,,5g,,,5/0,,,,,'40801308020305,5.0,,0,continue,manual,3.66,,true,false,,,,,,,,,,,,,,,,,,,,,,,,,,,,,kg,,,
jig-head-offset-esferico-ewg-preto-maior,,,,,,,,,7g,,,5/0,,,,,'40801308020307,7.0,,0,continue,manual,3.66,,true,false,,,,,,,,,,,,,,,,,,,,,,,,,,,,,kg,,,
jig-head-offset-esferico-ewg-preto-maior,,,,,,,,,9g,,,5/0,,,,,'40801308020309,9.0,,-20,continue,manual,3.66,,true,false,,,,,,,,,,,,,,,,,,,,,,,,,,,,,kg,,,
jig-head-offset-esferico-ewg-preto-maior,,,,,,,,,12g,,,5/0,,,,,'40801308020312,12.0,,0,continue,manual,4.52,,true,false,,,,,,,,,,,,,,,,,,,,,,,,,,,,,kg,,,
jig-head-offset-esferico-ewg-preto-maior,,,,,,,,,14g,,,5/0,,,,,'40801308020314,14.0,,0,continue,manual,4.52,,true,false,,,,,,,,,,,,,,,,,,,,,,,,,,,,,kg,,,
jig-head-offset-esferico-ewg-preto-maior,,,,,,,,,16g,,,5/0,,,,,'40801308020316,16.0,,0,continue,manual,4.52,,true,false,,,,,,,,,,,,,,,,,,,,,,,,,,,,,kg,,,
jig-head-offset-esferico-ewg-preto-maior,,,,,,,,,5g,,,6/0,,,,,'40801308020205,5.0,,0,continue,manual,3.84,,true,false,,,,,,,,,,,,,,,,,,,,,,,,,,,,,kg,,,
jig-head-offset-esferico-ewg-preto-maior,,,,,,,,,7g,,,6/0,,,,,'40801308020207,7.0,,0,continue,manual,3.84,,true,false,,,,,,,,,,,,,,,,,,,,,,,,,,,,,kg,,,
jig-head-offset-esferico-ewg-preto-maior,,,,,,,,,9g,,,6/0,,,,,'40801308020209,9.0,,0,continue,manual,3.84,,true,false,,,,,,,,,,,,,,,,,,,,,,,,,,,,,kg,,,
jig-head-offset-esferico-ewg-preto-maior,,,,,,,,,12g,,,6/0,,,,,'40801308020212,12.0,,0,continue,manual,4.70,,true,false,,,,,,,,,,,,,,,,,,,,,,,,,,,,,kg,,,
jig-head-offset-esferico-ewg-preto-maior,,,,,,,,,14g,,,6/0,,,,,'40801308020214,14.0,,0,continue,manual,4.70,,true,false,,,,,,,,,,,,,,,,,,,,,,,,,,,,,kg,,,
jig-head-offset-esferico-ewg-preto-maior,,,,,,,,,16g,,,6/0,,,,,'40801308020216,16.0,,0,continue,manual,4.70,,true,false,,,,,,,,,,,,,,,,,,,,,,,,,,,,,kg,,,
jig-head-offset-esferico-ewg-preto-maior,,,,,,,,,5g,,,7/0,,,,,'40801308020105,5.0,shopify,0,deny,manual,4.01,,true,false,,,,,,,,,,,,,,,,,,,,,,,,,,,,,kg,,,
jig-head-offset-esferico-ewg-preto-maior,,,,,,,,,7g,,,7/0,,,,,'40801308020107,7.0,shopify,0,deny,manual,4.01,,true,false,,,,,,,,,,,,,,,,,,,,,,,,,,,,,kg,,,
jig-head-offset-esferico-ewg-preto-maior,,,,,,,,,9g,,,7/0,,,,,'40801308020109,9.0,shopify,0,deny,manual,4.01,,true,false,,,,,,,,,,,,,,,,,,,,,,,,,,,,,kg,,,
jig-head-offset-esferico-ewg-preto-maior,,,,,,,,,12g,,,7/0,,,,,'40801308020112,12.0,shopify,0,deny,manual,4.87,,true,false,,,,,,,,,,,,,,,,,,,,,,,,,,,,,kg,,,
jig-head-offset-esferico-ewg-preto-maior,,,,,,,,,14g,,,7/0,,,,,'40801308020114,14.0,shopify,0,deny,manual,4.87,,true,false,,,,,,,,,,,,,,,,,,,,,,,,,,,,,kg,,,
jig-head-offset-esferico-ewg-preto-maior,,,,,,,,,16g,,,7/0,,,,,'40801308020116,16.0,shopify,0,deny,manual,4.87,,true,false,,,,,,,,,,,,,,,,,,,,,,,,,,,,,kg,,,
jig-head-offset-esferico-ewg-preto-menor,Anzol Jig Head Offset Esférico EWG Preto Menor,<p>Chumbada Jig Head Offset Esférico EWG Preto Menor</p>,Chumbada Oficial,Sem categoria,"","Chumbada, Colorido, Esférico, EWG, Jig Head, Jig Head Esférico EWG, Menor, Offset, Preto, Todos",true,Peso,5g,,Tamanho do Anzol,#1,,,,,'40801308020805,5.0,shopify,0,deny,manual,2.76,,true,false,,,,,,https://cdn.shopify.com/s/files/1/0454/5845/6736/files/preto.png?v=1769794516,1,"",false,,,,,,,,,,,,,,,,,,,,kg,,,active
jig-head-offset-esferico-ewg-preto-menor,,,,,,,,,7g,,,#1,,,,,'40801308020807,7.0,shopify,0,deny,manual,2.76,,true,false,,,,,,,,,,,,,,,,,,,,,,,,,,,,,kg,,,
jig-head-offset-esferico-ewg-preto-menor,,,,,,,,,9g,,,#1,,,,,'40801308020809,9.0,shopify,0,deny,manual,2.76,,true,false,,,,,,,,,,,,,,,,,,,,,,,,,,,,,kg,,,
jig-head-offset-esferico-ewg-preto-menor,,,,,,,,,12g,,,#1,,,,,'40801308020812,12.0,shopify,0,deny,manual,3.62,,true,false,,,,,,,,,,,,,,,,,,,,,,,,,,,,,kg,,,
jig-head-offset-esferico-ewg-preto-menor,,,,,,,,,14g,,,#1,,,,,'40801308020814,14.0,shopify,0,deny,manual,3.62,,true,false,,,,,,,,,,,,,,,,,,,,,,,,,,,,,kg,,,
jig-head-offset-esferico-ewg-preto-menor,,,,,,,,,16g,,,#1,,,,,'40801308020816,16.0,shopify,0,deny,manual,3.62,,true,false,,,,,,,,,,,,,,,,,,,,,,,,,,,,,kg,,,
jig-head-offset-esferico-ewg-preto-menor,,,,,,,,,5g,,,#2,,,,,'40801308020905,5.0,,-10,continue,manual,2.76,,true,false,,,,,,,,,,,,,,,,,,,,,,,,,,,,,kg,,,
jig-head-offset-esferico-ewg-preto-menor,,,,,,,,,7g,,,#2,,,,,'40801308020907,7.0,,-10,continue,manual,2.76,,true,false,,,,,,,,,,,,,,,,,,,,,,,,,,,,,kg,,,
jig-head-offset-esferico-ewg-preto-menor,,,,,,,,,9g,,,#2,,,,,'40801308020909,9.0,,0,continue,manual,2.76,,true,false,,,,,,,,,,,,,,,,,,,,,,,,,,,,,kg,,,
jig-head-offset-esferico-ewg-preto-menor,,,,,,,,,12g,,,#2,,,,,'40801308020912,12.0,,0,continue,manual,3.62,,true,false,,,,,,,,,,,,,,,,,,,,,,,,,,,,,kg,,,
jig-head-offset-esferico-ewg-preto-menor,,,,,,,,,14g,,,#2,,,,,'40801308020914,14.0,,0,continue,manual,3.62,,true,false,,,,,,,,,,,,,,,,,,,,,,,,,,,,,kg,,,
jig-head-offset-esferico-ewg-preto-menor,,,,,,,,,16g,,,#2,,,,,'40801308020916,16.0,,0,continue,manual,3.62,,true,false,,,,,,,,,,,,,,,,,,,,,,,,,,,,,kg,,,
jig-head-offset-esferico-ewg-preto-menor,,,,,,,,,5g,,,#4,,,,,'40801308021005,5.0,,0,continue,manual,2.76,,true,false,,,,,,,,,,,,,,,,,,,,,,,,,,,,,kg,,,
jig-head-offset-esferico-ewg-preto-menor,,,,,,,,,7g,,,#4,,,,,'40801308021007,7.0,,0,continue,manual,2.76,,true,false,,,,,,,,,,,,,,,,,,,,,,,,,,,,,kg,,,
jig-head-offset-esferico-ewg-preto-menor,,,,,,,,,9g,,,#4,,,,,'40801308021009,9.0,,0,continue,manual,2.76,,true,false,,,,,,,,,,,,,,,,,,,,,,,,,,,,,kg,,,
jig-head-offset-esferico-ewg-preto-menor,,,,,,,,,12g,,,#4,,,,,'40801308021012,12.0,,0,continue,manual,3.62,,true,false,,,,,,,,,,,,,,,,,,,,,,,,,,,,,kg,,,
jig-head-offset-esferico-ewg-preto-menor,,,,,,,,,14g,,,#4,,,,,'40801308021014,14.0,,0,continue,manual,3.62,,true,false,,,,,,,,,,,,,,,,,,,,,,,,,,,,,kg,,,
jig-head-offset-esferico-ewg-preto-menor,,,,,,,,,16g,,,#4,,,,,'40801308021016,16.0,,0,continue,manual,3.62,,true,false,,,,,,,,,,,,,,,,,,,,,,,,,,,,,kg,,,
jig-head-offset-esferico-ewg-preto-menor,,,,,,,,,5g,,,#6,,,,,'40801308021105,5.0,,0,continue,manual,2.76,,true,false,,,,,,,,,,,,,,,,,,,,,,,,,,,,,kg,,,
jig-head-offset-esferico-ewg-preto-menor,,,,,,,,,7g,,,#6,,,,,'40801308021107,7.0,,0,continue,manual,2.76,,true,false,,,,,,,,,,,,,,,,,,,,,,,,,,,,,kg,,,
jig-head-offset-esferico-ewg-preto-menor,,,,,,,,,9g,,,#6,,,,,'40801308021109,9.0,,0,continue,manual,2.76,,true,false,,,,,,,,,,,,,,,,,,,,,,,,,,,,,kg,,,
jig-head-offset-esferico-ewg-preto-menor,,,,,,,,,12g,,,#6,,,,,'40801308021112,12.0,,-6,continue,manual,3.62,,true,false,,,,,,,,,,,,,,,,,,,,,,,,,,,,,kg,,,
jig-head-offset-esferico-ewg-preto-menor,,,,,,,,,14g,,,#6,,,,,'40801308021114,14.0,,0,continue,manual,3.62,,true,false,,,,,,,,,,,,,,,,,,,,,,,,,,,,,kg,,,
jig-head-offset-esferico-ewg-preto-menor,,,,,,,,,16g,,,#6,,,,,'40801308021116,16.0,,0,continue,manual,3.62,,true,false,,,,,,,,,,,,,,,,,,,,,,,,,,,,,kg,,,
jig-head-offset-esferico-ewg-vermelho-maior,Anzol Jig Head Offset Esférico EWG Vermelho Maior,<p>Chumbada Jig Head Offset Esférico EWG Vermelho Maior</p>,Chumbada Oficial,Sem categoria,"","Chumbada, Colorido, Esférico, EWG, Jig Head, Jig Head Esférico EWG, Maior, Offset, Todos, Vermelho",true,Peso,5g,,Tamanho do Anzol,1/0,,,,,'40801308040705,5.0,,0,continue,manual,2.76,,true,false,,,,,,https://cdn.shopify.com/s/files/1/0454/5845/6736/files/Anzol-Jig-Head-Offset-Esferico-EWG-vermelho-Maior.png?v=1769792995,1,"",false,,,,,,,,,,,,,,,,,,,,kg,,,active
jig-head-offset-esferico-ewg-vermelho-maior,,,,,,,,,7g,,,1/0,,,,,'40801308040707,7.0,,0,continue,manual,2.76,,true,false,,,,,,,,,,,,,,,,,,,,,,,,,,,,,kg,,,
jig-head-offset-esferico-ewg-vermelho-maior,,,,,,,,,9g,,,1/0,,,,,'40801308040709,9.0,,0,continue,manual,2.76,,true,false,,,,,,,,,,,,,,,,,,,,,,,,,,,,,kg,,,
jig-head-offset-esferico-ewg-vermelho-maior,,,,,,,,,12g,,,1/0,,,,,'40801308040712,12.0,,0,continue,manual,3.62,,true,false,,,,,,,,,,,,,,,,,,,,,,,,,,,,,kg,,,
jig-head-offset-esferico-ewg-vermelho-maior,,,,,,,,,14g,,,1/0,,,,,'40801308040714,14.0,,0,continue,manual,3.62,,true,false,,,,,,,,,,,,,,,,,,,,,,,,,,,,,kg,,,
jig-head-offset-esferico-ewg-vermelho-maior,,,,,,,,,16g,,,1/0,,,,,'40801308040716,16.0,,0,continue,manual,3.62,,true,false,,,,,,,,,,,,,,,,,,,,,,,,,,,,,kg,,,
jig-head-offset-esferico-ewg-vermelho-maior,,,,,,,,,5g,,,2/0,,,,,'40801308040605,5.0,,0,continue,manual,3.09,,true,false,,,,,,,,,,,,,,,,,,,,,,,,,,,,,kg,,,
jig-head-offset-esferico-ewg-vermelho-maior,,,,,,,,,7g,,,2/0,,,,,'40801308040607,7.0,,0,continue,manual,3.09,,true,false,,,,,,,,,,,,,,,,,,,,,,,,,,,,,kg,,,
jig-head-offset-esferico-ewg-vermelho-maior,,,,,,,,,9g,,,2/0,,,,,'40801308040609,9.0,,0,continue,manual,3.09,,true,false,,,,,,,,,,,,,,,,,,,,,,,,,,,,,kg,,,
jig-head-offset-esferico-ewg-vermelho-maior,,,,,,,,,12g,,,2/0,,,,,'40801308040612,12.0,,0,continue,manual,3.95,,true,false,,,,,,,,,,,,,,,,,,,,,,,,,,,,,kg,,,
jig-head-offset-esferico-ewg-vermelho-maior,,,,,,,,,14g,,,2/0,,,,,'40801308040614,14.0,,0,continue,manual,3.95,,true,false,,,,,,,,,,,,,,,,,,,,,,,,,,,,,kg,,,
jig-head-offset-esferico-ewg-vermelho-maior,,,,,,,,,16g,,,2/0,,,,,'40801308040616,16.0,,0,continue,manual,3.95,,true,false,,,,,,,,,,,,,,,,,,,,,,,,,,,,,kg,,,
jig-head-offset-esferico-ewg-vermelho-maior,,,,,,,,,5g,,,3/0,,,,,'40801308040505,5.0,,0,continue,manual,3.30,,true,false,,,,,,,,,,,,,,,,,,,,,,,,,,,,,kg,,,
jig-head-offset-esferico-ewg-vermelho-maior,,,,,,,,,7g,,,3/0,,,,,'40801308040507,7.0,,0,continue,manual,3.30,,true,false,,,,,,,,,,,,,,,,,,,,,,,,,,,,,kg,,,
jig-head-offset-esferico-ewg-vermelho-maior,,,,,,,,,9g,,,3/0,,,,,'40801308040509,9.0,,0,continue,manual,3.30,,true,false,,,,,,,,,,,,,,,,,,,,,,,,,,,,,kg,,,
jig-head-offset-esferico-ewg-vermelho-maior,,,,,,,,,12g,,,3/0,,,,,'40801308040512,12.0,,0,continue,manual,4.16,,true,false,,,,,,,,,,,,,,,,,,,,,,,,,,,,,kg,,,
jig-head-offset-esferico-ewg-vermelho-maior,,,,,,,,,14g,,,3/0,,,,,'40801308040514,14.0,,0,continue,manual,4.16,,true,false,,,,,,,,,,,,,,,,,,,,,,,,,,,,,kg,,,
jig-head-offset-esferico-ewg-vermelho-maior,,,,,,,,,16g,,,3/0,,,,,'40801308040516,16.0,,0,continue,manual,4.16,,true,false,,,,,,,,,,,,,,,,,,,,,,,,,,,,,kg,,,
jig-head-offset-esferico-ewg-vermelho-maior,,,,,,,,,5g,,,4/0,,,,,'40801308040405,5.0,,0,continue,manual,3.42,,true,false,,,,,,,,,,,,,,,,,,,,,,,,,,,,,kg,,,
jig-head-offset-esferico-ewg-vermelho-maior,,,,,,,,,7g,,,4/0,,,,,'40801308040407,7.0,,0,continue,manual,3.42,,true,false,,,,,,,,,,,,,,,,,,,,,,,,,,,,,kg,,,
jig-head-offset-esferico-ewg-vermelho-maior,,,,,,,,,9g,,,4/0,,,,,'40801308040409,9.0,,0,continue,manual,3.42,,true,false,,,,,,,,,,,,,,,,,,,,,,,,,,,,,kg,,,
jig-head-offset-esferico-ewg-vermelho-maior,,,,,,,,,12g,,,4/0,,,,,'40801308040412,12.0,,0,continue,manual,4.28,,true,false,,,,,,,,,,,,,,,,,,,,,,,,,,,,,kg,,,
jig-head-offset-esferico-ewg-vermelho-maior,,,,,,,,,14g,,,4/0,,,,,'40801308040414,14.0,,0,continue,manual,4.28,,true,false,,,,,,,,,,,,,,,,,,,,,,,,,,,,,kg,,,
jig-head-offset-esferico-ewg-vermelho-maior,,,,,,,,,16g,,,4/0,,,,,'40801308040416,16.0,,-10,continue,manual,4.28,,true,false,,,,,,,,,,,,,,,,,,,,,,,,,,,,,kg,,,
jig-head-offset-esferico-ewg-vermelho-maior,,,,,,,,,5g,,,5/0,,,,,'40801308040305,5.0,,0,continue,manual,3.66,,true,false,,,,,,,,,,,,,,,,,,,,,,,,,,,,,kg,,,
jig-head-offset-esferico-ewg-vermelho-maior,,,,,,,,,7g,,,5/0,,,,,'40801308040307,7.0,,0,continue,manual,3.66,,true,false,,,,,,,,,,,,,,,,,,,,,,,,,,,,,kg,,,
jig-head-offset-esferico-ewg-vermelho-maior,,,,,,,,,9g,,,5/0,,,,,'40801308040309,9.0,,0,continue,manual,3.66,,true,false,,,,,,,,,,,,,,,,,,,,,,,,,,,,,kg,,,
jig-head-offset-esferico-ewg-vermelho-maior,,,,,,,,,12g,,,5/0,,,,,'40801308040312,12.0,,0,continue,manual,4.52,,true,false,,,,,,,,,,,,,,,,,,,,,,,,,,,,,kg,,,
jig-head-offset-esferico-ewg-vermelho-maior,,,,,,,,,14g,,,5/0,,,,,'40801308040314,14.0,,0,continue,manual,4.52,,true,false,,,,,,,,,,,,,,,,,,,,,,,,,,,,,kg,,,
jig-head-offset-esferico-ewg-vermelho-maior,,,,,,,,,16g,,,5/0,,,,,'40801308040316,16.0,,0,continue,manual,4.52,,true,false,,,,,,,,,,,,,,,,,,,,,,,,,,,,,kg,,,
jig-head-offset-esferico-ewg-vermelho-maior,,,,,,,,,5g,,,6/0,,,,,'40801308040205,5.0,,0,continue,manual,3.84,,true,false,,,,,,,,,,,,,,,,,,,,,,,,,,,,,kg,,,
jig-head-offset-esferico-ewg-vermelho-maior,,,,,,,,,7g,,,6/0,,,,,'40801308040207,7.0,,0,continue,manual,3.84,,true,false,,,,,,,,,,,,,,,,,,,,,,,,,,,,,kg,,,
jig-head-offset-esferico-ewg-vermelho-maior,,,,,,,,,9g,,,6/0,,,,,'40801308040209,9.0,,0,continue,manual,3.84,,true,false,,,,,,,,,,,,,,,,,,,,,,,,,,,,,kg,,,
jig-head-offset-esferico-ewg-vermelho-maior,,,,,,,,,12g,,,6/0,,,,,'40801308040212,12.0,,0,continue,manual,4.70,,true,false,,,,,,,,,,,,,,,,,,,,,,,,,,,,,kg,,,
jig-head-offset-esferico-ewg-vermelho-maior,,,,,,,,,14g,,,6/0,,,,,'40801308040214,14.0,,0,continue,manual,4.70,,true,false,,,,,,,,,,,,,,,,,,,,,,,,,,,,,kg,,,
jig-head-offset-esferico-ewg-vermelho-maior,,,,,,,,,16g,,,6/0,,,,,'40801308040216,16.0,,0,continue,manual,4.70,,true,false,,,,,,,,,,,,,,,,,,,,,,,,,,,,,kg,,,
jig-head-offset-esferico-ewg-vermelho-maior,,,,,,,,,5g,,,7/0,,,,,'40801308040105,5.0,shopify,0,deny,manual,4.01,,true,false,,,,,,,,,,,,,,,,,,,,,,,,,,,,,kg,,,
jig-head-offset-esferico-ewg-vermelho-maior,,,,,,,,,7g,,,7/0,,,,,'40801308040107,7.0,shopify,0,deny,manual,4.01,,true,false,,,,,,,,,,,,,,,,,,,,,,,,,,,,,kg,,,
jig-head-offset-esferico-ewg-vermelho-maior,,,,,,,,,9g,,,7/0,,,,,'40801308040109,9.0,shopify,0,deny,manual,4.01,,true,false,,,,,,,,,,,,,,,,,,,,,,,,,,,,,kg,,,
jig-head-offset-esferico-ewg-vermelho-maior,,,,,,,,,12g,,,7/0,,,,,'40801308040112,12.0,shopify,0,deny,manual,4.87,,true,false,,,,,,,,,,,,,,,,,,,,,,,,,,,,,kg,,,
jig-head-offset-esferico-ewg-vermelho-maior,,,,,,,,,14g,,,7/0,,,,,'40801308040114,14.0,shopify,0,deny,manual,4.87,,true,false,,,,,,,,,,,,,,,,,,,,,,,,,,,,,kg,,,
jig-head-offset-esferico-ewg-vermelho-maior,,,,,,,,,16g,,,7/0,,,,,'40801308040116,16.0,shopify,0,deny,manual,4.87,,true,false,,,,,,,,,,,,,,,,,,,,,,,,,,,,,kg,,,
jig-head-offset-esferico-ewg-vermelho-menor,Anzol Jig Head Offset Esférico EWG Vermelho Menor,<p>Chumbada Jig Head Offset Esférico EWG Vermelho Menor</p>,Chumbada Oficial,Sem categoria,"","Chumbada, Colorido, Esférico, EWG, Jig Head, Jig Head Esférico EWG, Menor, Offset, Todos, Vermelho",true,Peso,5g,,Tamanho do Anzol,#1,,,,,'40801308040805,5.0,shopify,0,deny,manual,2.76,,true,false,,,,,,https://cdn.shopify.com/s/files/1/0454/5845/6736/files/vermelho_0b679420-d238-4c57-9d2c-1314b2b7fa21.png?v=1769794516,1,"",false,,,,,,,,,,,,,,,,,,,,kg,,,active
jig-head-offset-esferico-ewg-vermelho-menor,,,,,,,,,7g,,,#1,,,,,'40801308040807,7.0,shopify,-4,deny,manual,2.76,,true,false,,,,,,,,,,,,,,,,,,,,,,,,,,,,,kg,,,
jig-head-offset-esferico-ewg-vermelho-menor,,,,,,,,,9g,,,#1,,,,,'40801308040809,9.0,shopify,0,deny,manual,2.76,,true,false,,,,,,,,,,,,,,,,,,,,,,,,,,,,,kg,,,
jig-head-offset-esferico-ewg-vermelho-menor,,,,,,,,,12g,,,#1,,,,,'40801308040812,12.0,shopify,0,deny,manual,3.62,,true,false,,,,,,,,,,,,,,,,,,,,,,,,,,,,,kg,,,
jig-head-offset-esferico-ewg-vermelho-menor,,,,,,,,,14g,,,#1,,,,,'40801308040814,14.0,shopify,0,deny,manual,3.62,,true,false,,,,,,,,,,,,,,,,,,,,,,,,,,,,,kg,,,
jig-head-offset-esferico-ewg-vermelho-menor,,,,,,,,,16g,,,#1,,,,,'40801308040816,16.0,shopify,0,deny,manual,3.62,,true,false,,,,,,,,,,,,,,,,,,,,,,,,,,,,,kg,,,
jig-head-offset-esferico-ewg-vermelho-menor,,,,,,,,,5g,,,#2,,,,,'40801308040905,5.0,,0,continue,manual,2.76,,true,false,,,,,,,,,,,,,,,,,,,,,,,,,,,,,kg,,,
jig-head-offset-esferico-ewg-vermelho-menor,,,,,,,,,7g,,,#2,,,,,'40801308040907,7.0,,0,continue,manual,2.76,,true,false,,,,,,,,,,,,,,,,,,,,,,,,,,,,,kg,,,
jig-head-offset-esferico-ewg-vermelho-menor,,,,,,,,,9g,,,#2,,,,,'40801308040909,9.0,,0,continue,manual,2.76,,true,false,,,,,,,,,,,,,,,,,,,,,,,,,,,,,kg,,,
jig-head-offset-esferico-ewg-vermelho-menor,,,,,,,,,12g,,,#2,,,,,'40801308040912,12.0,,0,continue,manual,3.62,,true,false,,,,,,,,,,,,,,,,,,,,,,,,,,,,,kg,,,
jig-head-offset-esferico-ewg-vermelho-menor,,,,,,,,,14g,,,#2,,,,,'40801308040914,14.0,,0,continue,manual,3.62,,true,false,,,,,,,,,,,,,,,,,,,,,,,,,,,,,kg,,,
jig-head-offset-esferico-ewg-vermelho-menor,,,,,,,,,16g,,,#2,,,,,'40801308040916,16.0,,0,continue,manual,3.62,,true,false,,,,,,,,,,,,,,,,,,,,,,,,,,,,,kg,,,
jig-head-offset-esferico-ewg-vermelho-menor,,,,,,,,,5g,,,#4,,,,,'40801308041005,5.0,,0,continue,manual,2.76,,true,false,,,,,,,,,,,,,,,,,,,,,,,,,,,,,kg,,,
jig-head-offset-esferico-ewg-vermelho-menor,,,,,,,,,7g,,,#4,,,,,'40801308041007,7.0,,0,continue,manual,2.76,,true,false,,,,,,,,,,,,,,,,,,,,,,,,,,,,,kg,,,
jig-head-offset-esferico-ewg-vermelho-menor,,,,,,,,,9g,,,#4,,,,,'40801308041009,9.0,,0,continue,manual,2.76,,true,false,,,,,,,,,,,,,,,,,,,,,,,,,,,,,kg,,,
jig-head-offset-esferico-ewg-vermelho-menor,,,,,,,,,12g,,,#4,,,,,'40801308041012,12.0,,0,continue,manual,3.62,,true,false,,,,,,,,,,,,,,,,,,,,,,,,,,,,,kg,,,
jig-head-offset-esferico-ewg-vermelho-menor,,,,,,,,,14g,,,#4,,,,,'40801308041014,14.0,,0,continue,manual,3.62,,true,false,,,,,,,,,,,,,,,,,,,,,,,,,,,,,kg,,,
jig-head-offset-esferico-ewg-vermelho-menor,,,,,,,,,16g,,,#4,,,,,'40801308041016,16.0,,0,continue,manual,3.62,,true,false,,,,,,,,,,,,,,,,,,,,,,,,,,,,,kg,,,
jig-head-offset-esferico-ewg-vermelho-menor,,,,,,,,,5g,,,#6,,,,,'40801308041105,5.0,,0,continue,manual,2.76,,true,false,,,,,,,,,,,,,,,,,,,,,,,,,,,,,kg,,,
jig-head-offset-esferico-ewg-vermelho-menor,,,,,,,,,7g,,,#6,,,,,'40801308041107,7.0,,0,continue,manual,2.76,,true,false,,,,,,,,,,,,,,,,,,,,,,,,,,,,,kg,,,
jig-head-offset-esferico-ewg-vermelho-menor,,,,,,,,,9g,,,#6,,,,,'40801308041109,9.0,,0,continue,manual,2.76,,true,false,,,,,,,,,,,,,,,,,,,,,,,,,,,,,kg,,,
jig-head-offset-esferico-ewg-vermelho-menor,,,,,,,,,12g,,,#6,,,,,'40801308041112,12.0,,0,continue,manual,3.62,,true,false,,,,,,,,,,,,,,,,,,,,,,,,,,,,,kg,,,
jig-head-offset-esferico-ewg-vermelho-menor,,,,,,,,,14g,,,#6,,,,,'40801308041114,14.0,,0,continue,manual,3.62,,true,false,,,,,,,,,,,,,,,,,,,,,,,,,,,,,kg,,,
jig-head-offset-esferico-ewg-vermelho-menor,,,,,,,,,16g,,,#6,,,,,'40801308041116,16.0,,0,continue,manual,3.62,,true,false,,,,,,,,,,,,,,,,,,,,,,,,,,,,,kg,,,
jig-head-offset-articulado-bullet-ewg-amarelo,Anzol Jig Head Offset Articulado Bullet EWG Amarela,"<p>O tradicional <b>Bullet</b>, já utilizado por muitos pescadores nos sistemas <b>Carolina Rig, Texas Rig e Florida Rig</b>, agora também está disponível na versão <b>Jig Head Offset EWG Articulado Bullet</b>.<br><br>Com essa opção articulada ao anzol, o pescador ganha muito mais praticidade, pois já leva o conjunto preparado no estilo Texas, pronto para montar a isca e começar a pescaria.<br><br>Por ser articulado, o peso fica separado do anzol, permitindo que a isca trabalhe com muito mais liberdade e naturalidade, independente da gramatura utilizada. Isso proporciona um movimento mais realista, deixando a apresentação mais atrativa para o peixe.<br><br>O ideal é utilizar o <b>Jig Head Offset EWG Articulado Bullet</b> com as iscas da <b>Chumbada Oficial</b>, que são iscas <b>floating</b>. Essa combinação faz com que a isca consiga trabalhar até mesmo sem ação direta do pescador, se movimentando naturalmente com a correnteza, a água ou a maré.<br><br>Disponível em uma grande variedade de combinações:<br><br>🎣 Anzóis do <b>#2 ao 7/0</b><br>⚖️ Pesos de <b>3g a 16g</b><br><br>Mais praticidade, naturalidade e eficiência em um único conjunto.<br><br>Peça na loja de pesca mais próxima de você ou encomende com seu lojista de confiança.<br><br><b>Chumbada Oficial — empresa certificada CETESB e IBAMA.</b></p>",Chumbada Oficial,Sem categoria,"","Amarelo, Articulado, Bullet, Chumbada, Colorido, EWG, Jig Head, Jig Head Offset Articulado Bullet EWG, Offset, Todos",true,Peso,5g,,Tamanho do Anzol,2#,,,,,'40811308060905,5.0,,-40,continue,manual,3.21,,true,false,,,,,,https://cdn.shopify.com/s/files/1/0454/5845/6736/products/jig-articulado-bullet-amarelo.png?v=1675770515,1,Chumbada Jig Head Offset Articulado Bullet EWG Amarelo,false,,,,,,,,,,,,,,,,,,,https://cdn.shopify.com/s/files/1/0454/5845/6736/products/jig-articulado-bullet-amarelo.png?v=1675770515,kg,,,active
jig-head-offset-articulado-bullet-ewg-amarelo,,,,,,,,,7g,,,2#,,,,,'40811308060907,7.0,,-25,continue,manual,3.21,,true,false,,,,,,,,,,,,,,,,,,,,,,,,,,,,https://cdn.shopify.com/s/files/1/0454/5845/6736/products/jig-articulado-bullet-amarelo.png?v=1675770515,kg,,,
jig-head-offset-articulado-bullet-ewg-amarelo,,,,,,,,,9g,,,2#,,,,,'40811308060909,9.0,,-5,continue,manual,3.21,,true,false,,,,,,,,,,,,,,,,,,,,,,,,,,,,https://cdn.shopify.com/s/files/1/0454/5845/6736/products/jig-articulado-bullet-amarelo.png?v=1675770515,kg,,,
jig-head-offset-articulado-bullet-ewg-amarelo,,,,,,,,,12g,,,2#,,,,,'40811308060912,12.0,,-5,continue,manual,4.07,,true,false,,,,,,,,,,,,,,,,,,,,,,,,,,,,https://cdn.shopify.com/s/files/1/0454/5845/6736/products/jig-articulado-bullet-amarelo.png?v=1675770515,kg,,,
jig-head-offset-articulado-bullet-ewg-amarelo,,,,,,,,,14g,,,2#,,,,,'40811308060914,14.0,,0,continue,manual,4.07,,true,false,,,,,,,,,,,,,,,,,,,,,,,,,,,,https://cdn.shopify.com/s/files/1/0454/5845/6736/products/jig-articulado-bullet-amarelo.png?v=1675770515,kg,,,
jig-head-offset-articulado-bullet-ewg-amarelo,,,,,,,,,16g,,,2#,,,,,'40811308060916,16.0,,0,continue,manual,4.07,,true,false,,,,,,,,,,,,,,,,,,,,,,,,,,,,https://cdn.shopify.com/s/files/1/0454/5845/6736/products/jig-articulado-bullet-amarelo.png?v=1675770515,kg,,,
jig-head-offset-articulado-bullet-ewg-amarelo,,,,,,,,,5g,,,1#,,,,,'40811308060805,5.0,shopify,-55,deny,manual,3.21,,true,false,,,,,,,,,,,,,,,,,,,,,,,,,,,,https://cdn.shopify.com/s/files/1/0454/5845/6736/products/jig-articulado-bullet-amarelo.png?v=1675770515,kg,,,
jig-head-offset-articulado-bullet-ewg-amarelo,,,,,,,,,7g,,,1#,,,,,'40811308060807,7.0,shopify,0,deny,manual,3.21,,true,false,,,,,,,,,,,,,,,,,,,,,,,,,,,,https://cdn.shopify.com/s/files/1/0454/5845/6736/products/jig-articulado-bullet-amarelo.png?v=1675770515,kg,,,
jig-head-offset-articulado-bullet-ewg-amarelo,,,,,,,,,9g,,,1#,,,,,'40811308060809,9.0,shopify,0,deny,manual,3.21,,true,false,,,,,,,,,,,,,,,,,,,,,,,,,,,,https://cdn.shopify.com/s/files/1/0454/5845/6736/products/jig-articulado-bullet-amarelo.png?v=1675770515,kg,,,
jig-head-offset-articulado-bullet-ewg-amarelo,,,,,,,,,12g,,,1#,,,,,'40811308060812,12.0,shopify,0,deny,manual,4.07,,true,false,,,,,,,,,,,,,,,,,,,,,,,,,,,,https://cdn.shopify.com/s/files/1/0454/5845/6736/products/jig-articulado-bullet-amarelo.png?v=1675770515,kg,,,
jig-head-offset-articulado-bullet-ewg-amarelo,,,,,,,,,14g,,,1#,,,,,'40811308060814,14.0,shopify,0,deny,manual,4.07,,true,false,,,,,,,,,,,,,,,,,,,,,,,,,,,,https://cdn.shopify.com/s/files/1/0454/5845/6736/products/jig-articulado-bullet-amarelo.png?v=1675770515,kg,,,
jig-head-offset-articulado-bullet-ewg-amarelo,,,,,,,,,16g,,,1#,,,,,'40811308060816,16.0,shopify,0,deny,manual,4.07,,true,false,,,,,,,,,,,,,,,,,,,,,,,,,,,,https://cdn.shopify.com/s/files/1/0454/5845/6736/products/jig-articulado-bullet-amarelo.png?v=1675770515,kg,,,
jig-head-offset-articulado-bullet-ewg-amarelo,,,,,,,,,5g,,,1/0,,,,,'40811308060705,5.0,,-50,continue,manual,3.21,,true,false,,,,,,,,,,,,,,,,,,,,,,,,,,,,https://cdn.shopify.com/s/files/1/0454/5845/6736/products/jig-articulado-bullet-amarelo.png?v=1675770515,kg,,,
jig-head-offset-articulado-bullet-ewg-amarelo,,,,,,,,,7g,,,1/0,,,,,'40811308060707,7.0,,-95,continue,manual,3.21,,true,false,,,,,,,,,,,,,,,,,,,,,,,,,,,,https://cdn.shopify.com/s/files/1/0454/5845/6736/products/jig-articulado-bullet-amarelo.png?v=1675770515,kg,,,
jig-head-offset-articulado-bullet-ewg-amarelo,,,,,,,,,9g,,,1/0,,,,,'40811308060709,9.0,,-55,continue,manual,3.21,,true,false,,,,,,,,,,,,,,,,,,,,,,,,,,,,https://cdn.shopify.com/s/files/1/0454/5845/6736/products/jig-articulado-bullet-amarelo.png?v=1675770515,kg,,,
jig-head-offset-articulado-bullet-ewg-amarelo,,,,,,,,,12g,,,1/0,,,,,'40811308060712,12.0,,0,continue,manual,4.07,,true,false,,,,,,,,,,,,,,,,,,,,,,,,,,,,https://cdn.shopify.com/s/files/1/0454/5845/6736/products/jig-articulado-bullet-amarelo.png?v=1675770515,kg,,,
jig-head-offset-articulado-bullet-ewg-amarelo,,,,,,,,,14g,,,1/0,,,,,'40811308060714,14.0,,0,continue,manual,4.07,,true,false,,,,,,,,,,,,,,,,,,,,,,,,,,,,https://cdn.shopify.com/s/files/1/0454/5845/6736/products/jig-articulado-bullet-amarelo.png?v=1675770515,kg,,,
jig-head-offset-articulado-bullet-ewg-amarelo,,,,,,,,,16g,,,1/0,,,,,'40811308060716,16.0,,-20,continue,manual,4.07,,true,false,,,,,,,,,,,,,,,,,,,,,,,,,,,,https://cdn.shopify.com/s/files/1/0454/5845/6736/products/jig-articulado-bullet-amarelo.png?v=1675770515,kg,,,
jig-head-offset-articulado-bullet-ewg-amarelo,,,,,,,,,5g,,,2/0,,,,,'40811308060605,5.0,,-200,continue,manual,3.54,,true,false,,,,,,,,,,,,,,,,,,,,,,,,,,,,https://cdn.shopify.com/s/files/1/0454/5845/6736/products/jig-articulado-bullet-amarelo.png?v=1675770515,kg,,,
jig-head-offset-articulado-bullet-ewg-amarelo,,,,,,,,,7g,,,2/0,,,,,'40811308060607,7.0,,-51,continue,manual,3.54,,true,false,,,,,,,,,,,,,,,,,,,,,,,,,,,,https://cdn.shopify.com/s/files/1/0454/5845/6736/products/jig-articulado-bullet-amarelo.png?v=1675770515,kg,,,
jig-head-offset-articulado-bullet-ewg-amarelo,,,,,,,,,9g,,,2/0,,,,,'40811308060609,9.0,,-10,continue,manual,3.54,,true,false,,,,,,,,,,,,,,,,,,,,,,,,,,,,https://cdn.shopify.com/s/files/1/0454/5845/6736/products/jig-articulado-bullet-amarelo.png?v=1675770515,kg,,,
jig-head-offset-articulado-bullet-ewg-amarelo,,,,,,,,,12g,,,2/0,,,,,'40811308060612,12.0,,0,continue,manual,4.40,,true,false,,,,,,,,,,,,,,,,,,,,,,,,,,,,https://cdn.shopify.com/s/files/1/0454/5845/6736/products/jig-articulado-bullet-amarelo.png?v=1675770515,kg,,,
jig-head-offset-articulado-bullet-ewg-amarelo,,,,,,,,,14g,,,2/0,,,,,'40811308060614,14.0,,0,continue,manual,4.40,,true,false,,,,,,,,,,,,,,,,,,,,,,,,,,,,https://cdn.shopify.com/s/files/1/0454/5845/6736/products/jig-articulado-bullet-amarelo.png?v=1675770515,kg,,,
jig-head-offset-articulado-bullet-ewg-amarelo,,,,,,,,,16g,,,2/0,,,,,'40811308060616,16.0,,0,continue,manual,4.40,,true,false,,,,,,,,,,,,,,,,,,,,,,,,,,,,https://cdn.shopify.com/s/files/1/0454/5845/6736/products/jig-articulado-bullet-amarelo.png?v=1675770515,kg,,,
jig-head-offset-articulado-bullet-ewg-amarelo,,,,,,,,,5g,,,3/0,,,,,'40811308060505,5.0,,-10,continue,manual,3.75,,true,false,,,,,,,,,,,,,,,,,,,,,,,,,,,,https://cdn.shopify.com/s/files/1/0454/5845/6736/products/jig-articulado-bullet-amarelo.png?v=1675770515,kg,,,
jig-head-offset-articulado-bullet-ewg-amarelo,,,,,,,,,7g,,,3/0,,,,,'40811308060507,7.0,,-46,continue,manual,3.75,,true,false,,,,,,,,,,,,,,,,,,,,,,,,,,,,https://cdn.shopify.com/s/files/1/0454/5845/6736/products/jig-articulado-bullet-amarelo.png?v=1675770515,kg,,,
jig-head-offset-articulado-bullet-ewg-amarelo,,,,,,,,,9g,,,3/0,,,,,'40811308060509,9.0,,-30,continue,manual,3.75,,true,false,,,,,,,,,,,,,,,,,,,,,,,,,,,,https://cdn.shopify.com/s/files/1/0454/5845/6736/products/jig-articulado-bullet-amarelo.png?v=1675770515,kg,,,
jig-head-offset-articulado-bullet-ewg-amarelo,,,,,,,,,12g,,,3/0,,,,,'40811308060512,12.0,,0,continue,manual,4.61,,true,false,,,,,,,,,,,,,,,,,,,,,,,,,,,,https://cdn.shopify.com/s/files/1/0454/5845/6736/products/jig-articulado-bullet-amarelo.png?v=1675770515,kg,,,
jig-head-offset-articulado-bullet-ewg-amarelo,,,,,,,,,14g,,,3/0,,,,,'40811308060514,14.0,,0,continue,manual,4.61,,true,false,,,,,,,,,,,,,,,,,,,,,,,,,,,,https://cdn.shopify.com/s/files/1/0454/5845/6736/products/jig-articulado-bullet-amarelo.png?v=1675770515,kg,,,
jig-head-offset-articulado-bullet-ewg-amarelo,,,,,,,,,16g,,,3/0,,,,,'40811308060516,16.0,,-15,continue,manual,4.61,,true,false,,,,,,,,,,,,,,,,,,,,,,,,,,,,https://cdn.shopify.com/s/files/1/0454/5845/6736/products/jig-articulado-bullet-amarelo.png?v=1675770515,kg,,,
jig-head-offset-articulado-bullet-ewg-amarelo,,,,,,,,,5g,,,4/0,,,,,'40811308060405,5.0,,-1,continue,manual,3.87,,true,false,,,,,,,,,,,,,,,,,,,,,,,,,,,,https://cdn.shopify.com/s/files/1/0454/5845/6736/products/jig-articulado-bullet-amarelo.png?v=1675770515,kg,,,
jig-head-offset-articulado-bullet-ewg-amarelo,,,,,,,,,7g,,,4/0,,,,,'40811308060407,7.0,,-10,continue,manual,3.87,,true,false,,,,,,,,,,,,,,,,,,,,,,,,,,,,https://cdn.shopify.com/s/files/1/0454/5845/6736/products/jig-articulado-bullet-amarelo.png?v=1675770515,kg,,,
jig-head-offset-articulado-bullet-ewg-amarelo,,,,,,,,,9g,,,4/0,,,,,'40811308060409,9.0,,-40,continue,manual,3.87,,true,false,,,,,,,,,,,,,,,,,,,,,,,,,,,,https://cdn.shopify.com/s/files/1/0454/5845/6736/products/jig-articulado-bullet-amarelo.png?v=1675770515,kg,,,
jig-head-offset-articulado-bullet-ewg-amarelo,,,,,,,,,12g,,,4/0,,,,,'40811308060412,12.0,,0,continue,manual,4.73,,true,false,,,,,,,,,,,,,,,,,,,,,,,,,,,,https://cdn.shopify.com/s/files/1/0454/5845/6736/products/jig-articulado-bullet-amarelo.png?v=1675770515,kg,,,
jig-head-offset-articulado-bullet-ewg-amarelo,,,,,,,,,14g,,,4/0,,,,,'40811308060414,14.0,,0,continue,manual,4.73,,true,false,,,,,,,,,,,,,,,,,,,,,,,,,,,,https://cdn.shopify.com/s/files/1/0454/5845/6736/products/jig-articulado-bullet-amarelo.png?v=1675770515,kg,,,
jig-head-offset-articulado-bullet-ewg-amarelo,,,,,,,,,16g,,,4/0,,,,,'40811308060416,16.0,,-40,continue,manual,4.73,,true,false,,,,,,,,,,,,,,,,,,,,,,,,,,,,https://cdn.shopify.com/s/files/1/0454/5845/6736/products/jig-articulado-bullet-amarelo.png?v=1675770515,kg,,,
jig-head-offset-articulado-bullet-ewg-amarelo,,,,,,,,,5g,,,5/0,,,,,'40811308060305,5.0,,0,continue,manual,4.11,,true,false,,,,,,,,,,,,,,,,,,,,,,,,,,,,https://cdn.shopify.com/s/files/1/0454/5845/6736/products/jig-articulado-bullet-amarelo.png?v=1675770515,kg,,,
jig-head-offset-articulado-bullet-ewg-amarelo,,,,,,,,,7g,,,5/0,,,,,'40811308060307,7.0,,0,continue,manual,4.11,,true,false,,,,,,,,,,,,,,,,,,,,,,,,,,,,https://cdn.shopify.com/s/files/1/0454/5845/6736/products/jig-articulado-bullet-amarelo.png?v=1675770515,kg,,,
jig-head-offset-articulado-bullet-ewg-amarelo,,,,,,,,,9g,,,5/0,,,,,'40811308060309,9.0,,0,continue,manual,4.11,,true,false,,,,,,,,,,,,,,,,,,,,,,,,,,,,https://cdn.shopify.com/s/files/1/0454/5845/6736/products/jig-articulado-bullet-amarelo.png?v=1675770515,kg,,,
jig-head-offset-articulado-bullet-ewg-amarelo,,,,,,,,,12g,,,5/0,,,,,'40811308060312,12.0,,-6,continue,manual,4.97,,true,false,,,,,,,,,,,,,,,,,,,,,,,,,,,,https://cdn.shopify.com/s/files/1/0454/5845/6736/products/jig-articulado-bullet-amarelo.png?v=1675770515,kg,,,
jig-head-offset-articulado-bullet-ewg-amarelo,,,,,,,,,14g,,,5/0,,,,,'40811308060314,14.0,,-10,continue,manual,4.97,,true,false,,,,,,,,,,,,,,,,,,,,,,,,,,,,https://cdn.shopify.com/s/files/1/0454/5845/6736/products/jig-articulado-bullet-amarelo.png?v=1675770515,kg,,,
jig-head-offset-articulado-bullet-ewg-amarelo,,,,,,,,,16g,,,5/0,,,,,'40811308060316,16.0,,-10,continue,manual,4.97,,true,false,,,,,,,,,,,,,,,,,,,,,,,,,,,,https://cdn.shopify.com/s/files/1/0454/5845/6736/products/jig-articulado-bullet-amarelo.png?v=1675770515,kg,,,
jig-head-offset-articulado-bullet-ewg-amarelo,,,,,,,,,5g,,,6/0,,,,,'40811308060205,5.0,,0,continue,manual,4.29,,true,false,,,,,,,,,,,,,,,,,,,,,,,,,,,,https://cdn.shopify.com/s/files/1/0454/5845/6736/products/jig-articulado-bullet-amarelo.png?v=1675770515,kg,,,
jig-head-offset-articulado-bullet-ewg-amarelo,,,,,,,,,7g,,,6/0,,,,,'40811308060207,7.0,,0,continue,manual,4.29,,true,false,,,,,,,,,,,,,,,,,,,,,,,,,,,,https://cdn.shopify.com/s/files/1/0454/5845/6736/products/jig-articulado-bullet-amarelo.png?v=1675770515,kg,,,
jig-head-offset-articulado-bullet-ewg-amarelo,,,,,,,,,9g,,,6/0,,,,,'40811308060209,9.0,,0,continue,manual,4.29,,true,false,,,,,,,,,,,,,,,,,,,,,,,,,,,,https://cdn.shopify.com/s/files/1/0454/5845/6736/products/jig-articulado-bullet-amarelo.png?v=1675770515,kg,,,
jig-head-offset-articulado-bullet-ewg-amarelo,,,,,,,,,12g,,,6/0,,,,,'40811308060212,12.0,,0,continue,manual,5.15,,true,false,,,,,,,,,,,,,,,,,,,,,,,,,,,,https://cdn.shopify.com/s/files/1/0454/5845/6736/products/jig-articulado-bullet-amarelo.png?v=1675770515,kg,,,
jig-head-offset-articulado-bullet-ewg-amarelo,,,,,,,,,14g,,,6/0,,,,,'40811308060214,14.0,,0,continue,manual,5.15,,true,false,,,,,,,,,,,,,,,,,,,,,,,,,,,,https://cdn.shopify.com/s/files/1/0454/5845/6736/products/jig-articulado-bullet-amarelo.png?v=1675770515,kg,,,
jig-head-offset-articulado-bullet-ewg-amarelo,,,,,,,,,16g,,,6/0,,,,,'40811308060216,16.0,,0,continue,manual,5.15,,true,false,,,,,,,,,,,,,,,,,,,,,,,,,,,,https://cdn.shopify.com/s/files/1/0454/5845/6736/products/jig-articulado-bullet-amarelo.png?v=1675770515,kg,,,
jig-head-offset-articulado-bullet-ewg-amarelo,,,,,,,,,5g,,,7/0,,,,,'40811308060105,5.0,shopify,0,deny,manual,4.46,,true,false,,,,,,,,,,,,,,,,,,,,,,,,,,,,https://cdn.shopify.com/s/files/1/0454/5845/6736/products/jig-articulado-bullet-amarelo.png?v=1675770515,kg,,,
jig-head-offset-articulado-bullet-ewg-amarelo,,,,,,,,,7g,,,7/0,,,,,'40811308060107,7.0,shopify,0,deny,manual,4.46,,true,false,,,,,,,,,,,,,,,,,,,,,,,,,,,,https://cdn.shopify.com/s/files/1/0454/5845/6736/products/jig-articulado-bullet-amarelo.png?v=1675770515,kg,,,
jig-head-offset-articulado-bullet-ewg-amarelo,,,,,,,,,9g,,,7/0,,,,,'40811308060109,9.0,shopify,0,deny,manual,4.46,,true,false,,,,,,,,,,,,,,,,,,,,,,,,,,,,https://cdn.shopify.com/s/files/1/0454/5845/6736/products/jig-articulado-bullet-amarelo.png?v=1675770515,kg,,,
jig-head-offset-articulado-bullet-ewg-amarelo,,,,,,,,,12g,,,7/0,,,,,'40811308060112,12.0,shopify,0,deny,manual,5.32,,true,false,,,,,,,,,,,,,,,,,,,,,,,,,,,,https://cdn.shopify.com/s/files/1/0454/5845/6736/products/jig-articulado-bullet-amarelo.png?v=1675770515,kg,,,
jig-head-offset-articulado-bullet-ewg-amarelo,,,,,,,,,14g,,,7/0,,,,,'40811308060114,14.0,shopify,0,deny,manual,5.32,,true,false,,,,,,,,,,,,,,,,,,,,,,,,,,,,https://cdn.shopify.com/s/files/1/0454/5845/6736/products/jig-articulado-bullet-amarelo.png?v=1675770515,kg,,,
jig-head-offset-articulado-bullet-ewg-amarelo,,,,,,,,,16g,,,7/0,,,,,'40811308060116,16.0,shopify,-5,deny,manual,5.32,,true,false,,,,,,,,,,,,,,,,,,,,,,,,,,,,https://cdn.shopify.com/s/files/1/0454/5845/6736/products/jig-articulado-bullet-amarelo.png?v=1675770515,kg,,,
jig-head-offset-articulado-bullet-ewg-laranja,Anzol Jig Head Offset Articulado Bullet EWG Laranja,"<p>O tradicional <b>Bullet</b>, já utilizado por muitos pescadores nos sistemas <b>Carolina Rig, Texas Rig e Florida Rig</b>, agora também está disponível na versão <b>Jig Head Offset EWG Articulado Bullet</b>.<br><br>Com essa opção articulada ao anzol, o pescador ganha muito mais praticidade, pois já leva o conjunto preparado no estilo Texas, pronto para montar a isca e começar a pescaria.<br><br>Por ser articulado, o peso fica separado do anzol, permitindo que a isca trabalhe com muito mais liberdade e naturalidade, independente da gramatura utilizada. Isso proporciona um movimento mais realista, deixando a apresentação mais atrativa para o peixe.<br><br>O ideal é utilizar o <b>Jig Head Offset EWG Articulado Bullet</b> com as iscas da <b>Chumbada Oficial</b>, que são iscas <b>floating</b>. Essa combinação faz com que a isca consiga trabalhar até mesmo sem ação direta do pescador, se movimentando naturalmente com a correnteza, a água ou a maré.<br><br>Disponível em uma grande variedade de combinações:<br><br>🎣 Anzóis do <b>#2 ao 7/0</b><br>⚖️ Pesos de <b>3g a 16g</b><br><br>Mais praticidade, naturalidade e eficiência em um único conjunto.<br><br>Peça na loja de pesca mais próxima de você ou encomende com seu lojista de confiança.<br><br><b>Chumbada Oficial — empresa certificada CETESB e IBAMA.</b></p>",Chumbada Oficial,Sem categoria,"","Articulado, Bullet, Chumbada, Colorido, EWG, Jig Head, Jig Head Offset Articulado Bullet EWG, Laranja, Offset, Todos",true,Peso,5g,,Tamanho do Anzol,2#,,,,,'40811308050905,5.0,,-5,continue,manual,3.21,,true,false,,,,,,https://cdn.shopify.com/s/files/1/0454/5845/6736/products/jig-articulado-bullet-laranja.png?v=1675770558,1,Chumbada Jig Head Offset Articulado Bullet EWG Laranja,false,,,,,,,,,,,,,,,,,,,https://cdn.shopify.com/s/files/1/0454/5845/6736/products/jig-articulado-bullet-laranja.png?v=1675770558,kg,,,active
jig-head-offset-articulado-bullet-ewg-laranja,,,,,,,,,7g,,,2#,,,,,'40811308050907,7.0,,-7,continue,manual,3.21,,true,false,,,,,,,,,,,,,,,,,,,,,,,,,,,,https://cdn.shopify.com/s/files/1/0454/5845/6736/products/jig-articulado-bullet-laranja.png?v=1675770558,kg,,,
jig-head-offset-articulado-bullet-ewg-laranja,,,,,,,,,9g,,,2#,,,,,'40811308050909,9.0,,-5,continue,manual,3.21,,true,false,,,,,,,,,,,,,,,,,,,,,,,,,,,,https://cdn.shopify.com/s/files/1/0454/5845/6736/products/jig-articulado-bullet-laranja.png?v=1675770558,kg,,,
jig-head-offset-articulado-bullet-ewg-laranja,,,,,,,,,12g,,,2#,,,,,'40811308050912,12.0,,-5,continue,manual,4.07,,true,false,,,,,,,,,,,,,,,,,,,,,,,,,,,,https://cdn.shopify.com/s/files/1/0454/5845/6736/products/jig-articulado-bullet-laranja.png?v=1675770558,kg,,,
jig-head-offset-articulado-bullet-ewg-laranja,,,,,,,,,14g,,,2#,,,,,'40811308050914,14.0,,0,continue,manual,4.07,,true,false,,,,,,,,,,,,,,,,,,,,,,,,,,,,https://cdn.shopify.com/s/files/1/0454/5845/6736/products/jig-articulado-bullet-laranja.png?v=1675770558,kg,,,
jig-head-offset-articulado-bullet-ewg-laranja,,,,,,,,,16g,,,2#,,,,,'40811308050916,16.0,,0,continue,manual,4.07,,true,false,,,,,,,,,,,,,,,,,,,,,,,,,,,,https://cdn.shopify.com/s/files/1/0454/5845/6736/products/jig-articulado-bullet-laranja.png?v=1675770558,kg,,,
jig-head-offset-articulado-bullet-ewg-laranja,,,,,,,,,5g,,,1#,,,,,'40811308050805,5.0,shopify,0,deny,manual,3.21,,true,false,,,,,,,,,,,,,,,,,,,,,,,,,,,,https://cdn.shopify.com/s/files/1/0454/5845/6736/products/jig-articulado-bullet-laranja.png?v=1675770558,kg,,,
jig-head-offset-articulado-bullet-ewg-laranja,,,,,,,,,7g,,,1#,,,,,'40811308050807,7.0,shopify,0,deny,manual,3.21,,true,false,,,,,,,,,,,,,,,,,,,,,,,,,,,,https://cdn.shopify.com/s/files/1/0454/5845/6736/products/jig-articulado-bullet-laranja.png?v=1675770558,kg,,,
jig-head-offset-articulado-bullet-ewg-laranja,,,,,,,,,9g,,,1#,,,,,'40811308050809,9.0,shopify,0,deny,manual,3.21,,true,false,,,,,,,,,,,,,,,,,,,,,,,,,,,,https://cdn.shopify.com/s/files/1/0454/5845/6736/products/jig-articulado-bullet-laranja.png?v=1675770558,kg,,,
jig-head-offset-articulado-bullet-ewg-laranja,,,,,,,,,12g,,,1#,,,,,'40811308050812,12.0,shopify,0,deny,manual,4.07,,true,false,,,,,,,,,,,,,,,,,,,,,,,,,,,,https://cdn.shopify.com/s/files/1/0454/5845/6736/products/jig-articulado-bullet-laranja.png?v=1675770558,kg,,,
jig-head-offset-articulado-bullet-ewg-laranja,,,,,,,,,14g,,,1#,,,,,'40811308050814,14.0,shopify,0,deny,manual,4.07,,true,false,,,,,,,,,,,,,,,,,,,,,,,,,,,,https://cdn.shopify.com/s/files/1/0454/5845/6736/products/jig-articulado-bullet-laranja.png?v=1675770558,kg,,,
jig-head-offset-articulado-bullet-ewg-laranja,,,,,,,,,16g,,,1#,,,,,'40811308050816,16.0,shopify,0,deny,manual,4.07,,true,false,,,,,,,,,,,,,,,,,,,,,,,,,,,,https://cdn.shopify.com/s/files/1/0454/5845/6736/products/jig-articulado-bullet-laranja.png?v=1675770558,kg,,,
jig-head-offset-articulado-bullet-ewg-laranja,,,,,,,,,5g,,,1/0,,,,,'40811308050705,5.0,,0,continue,manual,3.21,,true,false,,,,,,,,,,,,,,,,,,,,,,,,,,,,https://cdn.shopify.com/s/files/1/0454/5845/6736/products/jig-articulado-bullet-laranja.png?v=1675770558,kg,,,
jig-head-offset-articulado-bullet-ewg-laranja,,,,,,,,,7g,,,1/0,,,,,'40811308050707,7.0,,0,continue,manual,3.21,,true,false,,,,,,,,,,,,,,,,,,,,,,,,,,,,https://cdn.shopify.com/s/files/1/0454/5845/6736/products/jig-articulado-bullet-laranja.png?v=1675770558,kg,,,
jig-head-offset-articulado-bullet-ewg-laranja,,,,,,,,,9g,,,1/0,,,,,'40811308050709,9.0,,0,continue,manual,3.21,,true,false,,,,,,,,,,,,,,,,,,,,,,,,,,,,https://cdn.shopify.com/s/files/1/0454/5845/6736/products/jig-articulado-bullet-laranja.png?v=1675770558,kg,,,
jig-head-offset-articulado-bullet-ewg-laranja,,,,,,,,,12g,,,1/0,,,,,'40811308050712,12.0,,0,continue,manual,4.07,,true,false,,,,,,,,,,,,,,,,,,,,,,,,,,,,https://cdn.shopify.com/s/files/1/0454/5845/6736/products/jig-articulado-bullet-laranja.png?v=1675770558,kg,,,
jig-head-offset-articulado-bullet-ewg-laranja,,,,,,,,,14g,,,1/0,,,,,'40811308050714,14.0,,0,continue,manual,4.07,,true,false,,,,,,,,,,,,,,,,,,,,,,,,,,,,https://cdn.shopify.com/s/files/1/0454/5845/6736/products/jig-articulado-bullet-laranja.png?v=1675770558,kg,,,
jig-head-offset-articulado-bullet-ewg-laranja,,,,,,,,,16g,,,1/0,,,,,'40811308050716,16.0,,0,continue,manual,4.07,,true,false,,,,,,,,,,,,,,,,,,,,,,,,,,,,https://cdn.shopify.com/s/files/1/0454/5845/6736/products/jig-articulado-bullet-laranja.png?v=1675770558,kg,,,
jig-head-offset-articulado-bullet-ewg-laranja,,,,,,,,,5g,,,2/0,,,,,'40811308050605,5.0,,0,continue,manual,3.54,,true,false,,,,,,,,,,,,,,,,,,,,,,,,,,,,https://cdn.shopify.com/s/files/1/0454/5845/6736/products/jig-articulado-bullet-laranja.png?v=1675770558,kg,,,
jig-head-offset-articulado-bullet-ewg-laranja,,,,,,,,,7g,,,2/0,,,,,'40811308050607,7.0,,-2,continue,manual,3.54,,true,false,,,,,,,,,,,,,,,,,,,,,,,,,,,,https://cdn.shopify.com/s/files/1/0454/5845/6736/products/jig-articulado-bullet-laranja.png?v=1675770558,kg,,,
jig-head-offset-articulado-bullet-ewg-laranja,,,,,,,,,9g,,,2/0,,,,,'40811308050609,9.0,,0,continue,manual,3.54,,true,false,,,,,,,,,,,,,,,,,,,,,,,,,,,,https://cdn.shopify.com/s/files/1/0454/5845/6736/products/jig-articulado-bullet-laranja.png?v=1675770558,kg,,,
jig-head-offset-articulado-bullet-ewg-laranja,,,,,,,,,12g,,,2/0,,,,,'40811308050612,12.0,,0,continue,manual,4.40,,true,false,,,,,,,,,,,,,,,,,,,,,,,,,,,,https://cdn.shopify.com/s/files/1/0454/5845/6736/products/jig-articulado-bullet-laranja.png?v=1675770558,kg,,,
jig-head-offset-articulado-bullet-ewg-laranja,,,,,,,,,14g,,,2/0,,,,,'40811308050614,14.0,,0,continue,manual,4.40,,true,false,,,,,,,,,,,,,,,,,,,,,,,,,,,,https://cdn.shopify.com/s/files/1/0454/5845/6736/products/jig-articulado-bullet-laranja.png?v=1675770558,kg,,,
jig-head-offset-articulado-bullet-ewg-laranja,,,,,,,,,16g,,,2/0,,,,,'40811308050616,16.0,,0,continue,manual,4.40,,true,false,,,,,,,,,,,,,,,,,,,,,,,,,,,,https://cdn.shopify.com/s/files/1/0454/5845/6736/products/jig-articulado-bullet-laranja.png?v=1675770558,kg,,,
jig-head-offset-articulado-bullet-ewg-laranja,,,,,,,,,5g,,,3/0,,,,,'40811308050505,5.0,,-2,continue,manual,3.75,,true,false,,,,,,,,,,,,,,,,,,,,,,,,,,,,https://cdn.shopify.com/s/files/1/0454/5845/6736/products/jig-articulado-bullet-laranja.png?v=1675770558,kg,,,
jig-head-offset-articulado-bullet-ewg-laranja,,,,,,,,,7g,,,3/0,,,,,'40811308050507,7.0,,-20,continue,manual,3.75,,true,false,,,,,,,,,,,,,,,,,,,,,,,,,,,,https://cdn.shopify.com/s/files/1/0454/5845/6736/products/jig-articulado-bullet-laranja.png?v=1675770558,kg,,,
jig-head-offset-articulado-bullet-ewg-laranja,,,,,,,,,9g,,,3/0,,,,,'40811308050509,9.0,,0,continue,manual,3.75,,true,false,,,,,,,,,,,,,,,,,,,,,,,,,,,,https://cdn.shopify.com/s/files/1/0454/5845/6736/products/jig-articulado-bullet-laranja.png?v=1675770558,kg,,,
jig-head-offset-articulado-bullet-ewg-laranja,,,,,,,,,12g,,,3/0,,,,,'40811308050512,12.0,,0,continue,manual,4.61,,true,false,,,,,,,,,,,,,,,,,,,,,,,,,,,,https://cdn.shopify.com/s/files/1/0454/5845/6736/products/jig-articulado-bullet-laranja.png?v=1675770558,kg,,,
jig-head-offset-articulado-bullet-ewg-laranja,,,,,,,,,14g,,,3/0,,,,,'40811308050514,14.0,,0,continue,manual,4.61,,true,false,,,,,,,,,,,,,,,,,,,,,,,,,,,,https://cdn.shopify.com/s/files/1/0454/5845/6736/products/jig-articulado-bullet-laranja.png?v=1675770558,kg,,,
jig-head-offset-articulado-bullet-ewg-laranja,,,,,,,,,16g,,,3/0,,,,,'40811308050516,16.0,,0,continue,manual,4.61,,true,false,,,,,,,,,,,,,,,,,,,,,,,,,,,,https://cdn.shopify.com/s/files/1/0454/5845/6736/products/jig-articulado-bullet-laranja.png?v=1675770558,kg,,,
jig-head-offset-articulado-bullet-ewg-laranja,,,,,,,,,5g,,,4/0,,,,,'40811308050405,5.0,,-30,continue,manual,3.87,,true,false,,,,,,,,,,,,,,,,,,,,,,,,,,,,https://cdn.shopify.com/s/files/1/0454/5845/6736/products/jig-articulado-bullet-laranja.png?v=1675770558,kg,,,
jig-head-offset-articulado-bullet-ewg-laranja,,,,,,,,,7g,,,4/0,,,,,'40811308050407,7.0,,0,continue,manual,3.87,,true,false,,,,,,,,,,,,,,,,,,,,,,,,,,,,https://cdn.shopify.com/s/files/1/0454/5845/6736/products/jig-articulado-bullet-laranja.png?v=1675770558,kg,,,
jig-head-offset-articulado-bullet-ewg-laranja,,,,,,,,,9g,,,4/0,,,,,'40811308050409,9.0,,-30,continue,manual,3.87,,true,false,,,,,,,,,,,,,,,,,,,,,,,,,,,,https://cdn.shopify.com/s/files/1/0454/5845/6736/products/jig-articulado-bullet-laranja.png?v=1675770558,kg,,,
jig-head-offset-articulado-bullet-ewg-laranja,,,,,,,,,12g,,,4/0,,,,,'40811308050412,12.0,,0,continue,manual,4.73,,true,false,,,,,,,,,,,,,,,,,,,,,,,,,,,,https://cdn.shopify.com/s/files/1/0454/5845/6736/products/jig-articulado-bullet-laranja.png?v=1675770558,kg,,,
jig-head-offset-articulado-bullet-ewg-laranja,,,,,,,,,14g,,,4/0,,,,,'40811308050414,14.0,,0,continue,manual,4.73,,true,false,,,,,,,,,,,,,,,,,,,,,,,,,,,,https://cdn.shopify.com/s/files/1/0454/5845/6736/products/jig-articulado-bullet-laranja.png?v=1675770558,kg,,,
jig-head-offset-articulado-bullet-ewg-laranja,,,,,,,,,16g,,,4/0,,,,,'40811308050416,16.0,,-30,continue,manual,4.73,,true,false,,,,,,,,,,,,,,,,,,,,,,,,,,,,https://cdn.shopify.com/s/files/1/0454/5845/6736/products/jig-articulado-bullet-laranja.png?v=1675770558,kg,,,
jig-head-offset-articulado-bullet-ewg-laranja,,,,,,,,,5g,,,5/0,,,,,'40811308050305,5.0,,-10,continue,manual,4.11,,true,false,,,,,,,,,,,,,,,,,,,,,,,,,,,,https://cdn.shopify.com/s/files/1/0454/5845/6736/products/jig-articulado-bullet-laranja.png?v=1675770558,kg,,,
jig-head-offset-articulado-bullet-ewg-laranja,,,,,,,,,7g,,,5/0,,,,,'40811308050307,7.0,,-30,continue,manual,4.11,,true,false,,,,,,,,,,,,,,,,,,,,,,,,,,,,https://cdn.shopify.com/s/files/1/0454/5845/6736/products/jig-articulado-bullet-laranja.png?v=1675770558,kg,,,
jig-head-offset-articulado-bullet-ewg-laranja,,,,,,,,,9g,,,5/0,,,,,'40811308050309,9.0,,0,continue,manual,4.11,,true,false,,,,,,,,,,,,,,,,,,,,,,,,,,,,https://cdn.shopify.com/s/files/1/0454/5845/6736/products/jig-articulado-bullet-laranja.png?v=1675770558,kg,,,
jig-head-offset-articulado-bullet-ewg-laranja,,,,,,,,,12g,,,5/0,,,,,'40811308050312,12.0,,0,continue,manual,4.97,,true,false,,,,,,,,,,,,,,,,,,,,,,,,,,,,https://cdn.shopify.com/s/files/1/0454/5845/6736/products/jig-articulado-bullet-laranja.png?v=1675770558,kg,,,
jig-head-offset-articulado-bullet-ewg-laranja,,,,,,,,,14g,,,5/0,,,,,'40811308050314,14.0,,0,continue,manual,4.97,,true,false,,,,,,,,,,,,,,,,,,,,,,,,,,,,https://cdn.shopify.com/s/files/1/0454/5845/6736/products/jig-articulado-bullet-laranja.png?v=1675770558,kg,,,
jig-head-offset-articulado-bullet-ewg-laranja,,,,,,,,,16g,,,5/0,,,,,'40811308050316,16.0,,0,continue,manual,4.97,,true,false,,,,,,,,,,,,,,,,,,,,,,,,,,,,https://cdn.shopify.com/s/files/1/0454/5845/6736/products/jig-articulado-bullet-laranja.png?v=1675770558,kg,,,
jig-head-offset-articulado-bullet-ewg-laranja,,,,,,,,,5g,,,6/0,,,,,'40811308050205,5.0,,0,continue,manual,4.29,,true,false,,,,,,,,,,,,,,,,,,,,,,,,,,,,https://cdn.shopify.com/s/files/1/0454/5845/6736/products/jig-articulado-bullet-laranja.png?v=1675770558,kg,,,
jig-head-offset-articulado-bullet-ewg-laranja,,,,,,,,,7g,,,6/0,,,,,'40811308050207,7.0,,0,continue,manual,4.29,,true,false,,,,,,,,,,,,,,,,,,,,,,,,,,,,https://cdn.shopify.com/s/files/1/0454/5845/6736/products/jig-articulado-bullet-laranja.png?v=1675770558,kg,,,
jig-head-offset-articulado-bullet-ewg-laranja,,,,,,,,,9g,,,6/0,,,,,'40811308050209,9.0,,0,continue,manual,4.29,,true,false,,,,,,,,,,,,,,,,,,,,,,,,,,,,https://cdn.shopify.com/s/files/1/0454/5845/6736/products/jig-articulado-bullet-laranja.png?v=1675770558,kg,,,
jig-head-offset-articulado-bullet-ewg-laranja,,,,,,,,,12g,,,6/0,,,,,'40811308050212,12.0,,0,continue,manual,5.15,,true,false,,,,,,,,,,,,,,,,,,,,,,,,,,,,https://cdn.shopify.com/s/files/1/0454/5845/6736/products/jig-articulado-bullet-laranja.png?v=1675770558,kg,,,
jig-head-offset-articulado-bullet-ewg-laranja,,,,,,,,,14g,,,6/0,,,,,'40811308050214,14.0,,0,continue,manual,5.15,,true,false,,,,,,,,,,,,,,,,,,,,,,,,,,,,https://cdn.shopify.com/s/files/1/0454/5845/6736/products/jig-articulado-bullet-laranja.png?v=1675770558,kg,,,
jig-head-offset-articulado-bullet-ewg-laranja,,,,,,,,,16g,,,6/0,,,,,'40811308050216,16.0,,0,continue,manual,5.15,,true,false,,,,,,,,,,,,,,,,,,,,,,,,,,,,https://cdn.shopify.com/s/files/1/0454/5845/6736/products/jig-articulado-bullet-laranja.png?v=1675770558,kg,,,
jig-head-offset-articulado-bullet-ewg-laranja,,,,,,,,,5g,,,7/0,,,,,'40811308050105,5.0,shopify,0,deny,manual,4.46,,true,false,,,,,,,,,,,,,,,,,,,,,,,,,,,,https://cdn.shopify.com/s/files/1/0454/5845/6736/products/jig-articulado-bullet-laranja.png?v=1675770558,kg,,,
jig-head-offset-articulado-bullet-ewg-laranja,,,,,,,,,7g,,,7/0,,,,,'40811308050107,7.0,shopify,0,deny,manual,4.46,,true,false,,,,,,,,,,,,,,,,,,,,,,,,,,,,https://cdn.shopify.com/s/files/1/0454/5845/6736/products/jig-articulado-bullet-laranja.png?v=1675770558,kg,,,
jig-head-offset-articulado-bullet-ewg-laranja,,,,,,,,,9g,,,7/0,,,,,'40811308050109,9.0,shopify,0,deny,manual,4.46,,true,false,,,,,,,,,,,,,,,,,,,,,,,,,,,,https://cdn.shopify.com/s/files/1/0454/5845/6736/products/jig-articulado-bullet-laranja.png?v=1675770558,kg,,,
jig-head-offset-articulado-bullet-ewg-laranja,,,,,,,,,12g,,,7/0,,,,,'40811308050112,12.0,shopify,0,deny,manual,5.32,,true,false,,,,,,,,,,,,,,,,,,,,,,,,,,,,https://cdn.shopify.com/s/files/1/0454/5845/6736/products/jig-articulado-bullet-laranja.png?v=1675770558,kg,,,
jig-head-offset-articulado-bullet-ewg-laranja,,,,,,,,,14g,,,7/0,,,,,'40811308050114,14.0,shopify,0,deny,manual,5.32,,true,false,,,,,,,,,,,,,,,,,,,,,,,,,,,,https://cdn.shopify.com/s/files/1/0454/5845/6736/products/jig-articulado-bullet-laranja.png?v=1675770558,kg,,,
jig-head-offset-articulado-bullet-ewg-laranja,,,,,,,,,16g,,,7/0,,,,,'40811308050116,16.0,shopify,0,deny,manual,5.32,,true,false,,,,,,,,,,,,,,,,,,,,,,,,,,,,https://cdn.shopify.com/s/files/1/0454/5845/6736/products/jig-articulado-bullet-laranja.png?v=1675770558,kg,,,
jig-head-offset-articulado-bullet-ewg-natural,Anzol Jig Head Offset Articulado Bullet EWG Natural,"<p>O tradicional <b>Bullet</b>, já utilizado por muitos pescadores nos sistemas <b>Carolina Rig, Texas Rig e Florida Rig</b>, agora também está disponível na versão <b>Jig Head Offset EWG Articulado Bullet</b>.<br><br>Com essa opção articulada ao anzol, o pescador ganha muito mais praticidade, pois já leva o conjunto preparado no estilo Texas, pronto para montar a isca e começar a pescaria.<br><br>Por ser articulado, o peso fica separado do anzol, permitindo que a isca trabalhe com muito mais liberdade e naturalidade, independente da gramatura utilizada. Isso proporciona um movimento mais realista, deixando a apresentação mais atrativa para o peixe.<br><br>O ideal é utilizar o <b>Jig Head Offset EWG Articulado Bullet</b> com as iscas da <b>Chumbada Oficial</b>, que são iscas <b>floating</b>. Essa combinação faz com que a isca consiga trabalhar até mesmo sem ação direta do pescador, se movimentando naturalmente com a correnteza, a água ou a maré.<br><br>Disponível em uma grande variedade de combinações:<br><br>🎣 Anzóis do <b>#2 ao 7/0</b><br>⚖️ Pesos de <b>3g a 16g</b><br><br>Mais praticidade, naturalidade e eficiência em um único conjunto.<br><br>Peça na loja de pesca mais próxima de você ou encomende com seu lojista de confiança.<br><br><b>Chumbada Oficial — empresa certificada CETESB e IBAMA.</b></p>",Chumbada Oficial,Sem categoria,"","Articulado, Bullet, Chumbada, EWG, Jig Head, Jig Head Offset Articulado Bullet EWG, Natural, Offset, Todos",true,Peso,3g,,Tamanho do Anzol,2#,,,,,'40811307010903,3.0,,-81,continue,manual,2.15,,true,false,,,,,,https://cdn.shopify.com/s/files/1/0454/5845/6736/products/jig-head-articulado-natural.png?v=1675770568,1,Chumbada Jig Head Offset Articulado Bullet EWG Natural,false,,,,,,,,,,,,,,,,,,,https://cdn.shopify.com/s/files/1/0454/5845/6736/products/jig-head-articulado-natural.png?v=1675770568,kg,,,active
jig-head-offset-articulado-bullet-ewg-natural,,,,,,,,,5g,,,2#,,,,,'40811307010905,5.0,,-82,continue,manual,2.41,,true,false,,,,,,,,,,,,,,,,,,,,,,,,,,,,https://cdn.shopify.com/s/files/1/0454/5845/6736/products/jig-head-articulado-natural.png?v=1675770568,kg,,,
jig-head-offset-articulado-bullet-ewg-natural,,,,,,,,,7g,,,2#,,,,,'40811307010907,7.0,,-40,continue,manual,2.41,,true,false,,,,,,,,,,,,,,,,,,,,,,,,,,,,https://cdn.shopify.com/s/files/1/0454/5845/6736/products/jig-head-articulado-natural.png?v=1675770568,kg,,,
jig-head-offset-articulado-bullet-ewg-natural,,,,,,,,,9g,,,2#,,,,,'40811307010909,9.0,,-23,continue,manual,2.41,,true,false,,,,,,,,,,,,,,,,,,,,,,,,,,,,https://cdn.shopify.com/s/files/1/0454/5845/6736/products/jig-head-articulado-natural.png?v=1675770568,kg,,,
jig-head-offset-articulado-bullet-ewg-natural,,,,,,,,,12g,,,2#,,,,,'40811307010912,12.0,,-77,continue,manual,2.87,,true,false,,,,,,,,,,,,,,,,,,,,,,,,,,,,https://cdn.shopify.com/s/files/1/0454/5845/6736/products/jig-head-articulado-natural.png?v=1675770568,kg,,,
jig-head-offset-articulado-bullet-ewg-natural,,,,,,,,,14g,,,2#,,,,,'40811307010914,14.0,,-15,continue,manual,2.87,,true,false,,,,,,,,,,,,,,,,,,,,,,,,,,,,https://cdn.shopify.com/s/files/1/0454/5845/6736/products/jig-head-articulado-natural.png?v=1675770568,kg,,,
jig-head-offset-articulado-bullet-ewg-natural,,,,,,,,,16g,,,2#,,,,,'40811307010916,16.0,,-26,continue,manual,2.87,,true,false,,,,,,,,,,,,,,,,,,,,,,,,,,,,https://cdn.shopify.com/s/files/1/0454/5845/6736/products/jig-head-articulado-natural.png?v=1675770568,kg,,,
jig-head-offset-articulado-bullet-ewg-natural,,,,,,,,,3g,,,1#,,,,,'40811307010803,3.0,shopify,-46,deny,manual,2.15,,true,false,,,,,,,,,,,,,,,,,,,,,,,,,,,,https://cdn.shopify.com/s/files/1/0454/5845/6736/products/jig-head-articulado-natural.png?v=1675770568,kg,,,
jig-head-offset-articulado-bullet-ewg-natural,,,,,,,,,5g,,,1#,,,,,'40811307010805,5.0,shopify,-49,deny,manual,2.41,,true,false,,,,,,,,,,,,,,,,,,,,,,,,,,,,https://cdn.shopify.com/s/files/1/0454/5845/6736/products/jig-head-articulado-natural.png?v=1675770568,kg,,,
jig-head-offset-articulado-bullet-ewg-natural,,,,,,,,,7g,,,1#,,,,,'40811307010807,7.0,shopify,-29,deny,manual,2.41,,true,false,,,,,,,,,,,,,,,,,,,,,,,,,,,,https://cdn.shopify.com/s/files/1/0454/5845/6736/products/jig-head-articulado-natural.png?v=1675770568,kg,,,
jig-head-offset-articulado-bullet-ewg-natural,,,,,,,,,9g,,,1#,,,,,'40811307010809,9.0,shopify,-27,deny,manual,2.41,,true,false,,,,,,,,,,,,,,,,,,,,,,,,,,,,https://cdn.shopify.com/s/files/1/0454/5845/6736/products/jig-head-articulado-natural.png?v=1675770568,kg,,,
jig-head-offset-articulado-bullet-ewg-natural,,,,,,,,,12g,,,1#,,,,,'40811307010812,12.0,shopify,-27,deny,manual,2.87,,true,false,,,,,,,,,,,,,,,,,,,,,,,,,,,,https://cdn.shopify.com/s/files/1/0454/5845/6736/products/jig-head-articulado-natural.png?v=1675770568,kg,,,
jig-head-offset-articulado-bullet-ewg-natural,,,,,,,,,14g,,,1#,,,,,'40811307010814,14.0,shopify,0,deny,manual,2.87,,true,false,,,,,,,,,,,,,,,,,,,,,,,,,,,,https://cdn.shopify.com/s/files/1/0454/5845/6736/products/jig-head-articulado-natural.png?v=1675770568,kg,,,
jig-head-offset-articulado-bullet-ewg-natural,,,,,,,,,16g,,,1#,,,,,'40811307010816,16.0,shopify,0,deny,manual,2.87,,true,false,,,,,,,,,,,,,,,,,,,,,,,,,,,,https://cdn.shopify.com/s/files/1/0454/5845/6736/products/jig-head-articulado-natural.png?v=1675770568,kg,,,
jig-head-offset-articulado-bullet-ewg-natural,,,,,,,,,3g,,,1/0,,,,,'40811307010703,3.0,,-80,continue,manual,2.15,,true,false,,,,,,,,,,,,,,,,,,,,,,,,,,,,https://cdn.shopify.com/s/files/1/0454/5845/6736/products/jig-head-articulado-natural.png?v=1675770568,kg,,,
jig-head-offset-articulado-bullet-ewg-natural,,,,,,,,,5g,,,1/0,,,,,'40811307010705,5.0,,-80,continue,manual,2.41,,true,false,,,,,,,,,,,,,,,,,,,,,,,,,,,,https://cdn.shopify.com/s/files/1/0454/5845/6736/products/jig-head-articulado-natural.png?v=1675770568,kg,,,
jig-head-offset-articulado-bullet-ewg-natural,,,,,,,,,7g,,,1/0,,,,,'40811307010707,7.0,,-114,continue,manual,2.41,,true,false,,,,,,,,,,,,,,,,,,,,,,,,,,,,https://cdn.shopify.com/s/files/1/0454/5845/6736/products/jig-head-articulado-natural.png?v=1675770568,kg,,,
jig-head-offset-articulado-bullet-ewg-natural,,,,,,,,,9g,,,1/0,,,,,'40811307010709,9.0,,-39,continue,manual,2.41,,true,false,,,,,,,,,,,,,,,,,,,,,,,,,,,,https://cdn.shopify.com/s/files/1/0454/5845/6736/products/jig-head-articulado-natural.png?v=1675770568,kg,,,
jig-head-offset-articulado-bullet-ewg-natural,,,,,,,,,12g,,,1/0,,,,,'40811307010712,12.0,,-58,continue,manual,2.87,,true,false,,,,,,,,,,,,,,,,,,,,,,,,,,,,https://cdn.shopify.com/s/files/1/0454/5845/6736/products/jig-head-articulado-natural.png?v=1675770568,kg,,,
jig-head-offset-articulado-bullet-ewg-natural,,,,,,,,,14g,,,1/0,,,,,'40811307010714,14.0,,-69,continue,manual,2.87,,true,false,,,,,,,,,,,,,,,,,,,,,,,,,,,,https://cdn.shopify.com/s/files/1/0454/5845/6736/products/jig-head-articulado-natural.png?v=1675770568,kg,,,
jig-head-offset-articulado-bullet-ewg-natural,,,,,,,,,16g,,,1/0,,,,,'40811307010716,16.0,,0,continue,manual,2.87,,true,false,,,,,,,,,,,,,,,,,,,,,,,,,,,,https://cdn.shopify.com/s/files/1/0454/5845/6736/products/jig-head-articulado-natural.png?v=1675770568,kg,,,
jig-head-offset-articulado-bullet-ewg-natural,,,,,,,,,3g,,,2/0,,,,,'40811307010603,3.0,,-87,continue,manual,2.47,,true,false,,,,,,,,,,,,,,,,,,,,,,,,,,,,https://cdn.shopify.com/s/files/1/0454/5845/6736/products/jig-head-articulado-natural.png?v=1675770568,kg,,,
jig-head-offset-articulado-bullet-ewg-natural,,,,,,,,,5g,,,2/0,,,,,'40811307010605,5.0,,-90,continue,manual,2.74,,true,false,,,,,,,,,,,,,,,,,,,,,,,,,,,,https://cdn.shopify.com/s/files/1/0454/5845/6736/products/jig-head-articulado-natural.png?v=1675770568,kg,,,
jig-head-offset-articulado-bullet-ewg-natural,,,,,,,,,7g,,,2/0,,,,,'40811307010607,7.0,,-93,continue,manual,2.74,,true,false,,,,,,,,,,,,,,,,,,,,,,,,,,,,https://cdn.shopify.com/s/files/1/0454/5845/6736/products/jig-head-articulado-natural.png?v=1675770568,kg,,,
jig-head-offset-articulado-bullet-ewg-natural,,,,,,,,,9g,,,2/0,,,,,'40811307010609,9.0,,-42,continue,manual,2.74,,true,false,,,,,,,,,,,,,,,,,,,,,,,,,,,,https://cdn.shopify.com/s/files/1/0454/5845/6736/products/jig-head-articulado-natural.png?v=1675770568,kg,,,
jig-head-offset-articulado-bullet-ewg-natural,,,,,,,,,12g,,,2/0,,,,,'40811307010612,12.0,,-63,continue,manual,3.20,,true,false,,,,,,,,,,,,,,,,,,,,,,,,,,,,https://cdn.shopify.com/s/files/1/0454/5845/6736/products/jig-head-articulado-natural.png?v=1675770568,kg,,,
jig-head-offset-articulado-bullet-ewg-natural,,,,,,,,,14g,,,2/0,,,,,'40811307010614,14.0,,-30,continue,manual,3.20,,true,false,,,,,,,,,,,,,,,,,,,,,,,,,,,,https://cdn.shopify.com/s/files/1/0454/5845/6736/products/jig-head-articulado-natural.png?v=1675770568,kg,,,
jig-head-offset-articulado-bullet-ewg-natural,,,,,,,,,16g,,,2/0,,,,,'40811307010616,16.0,,-30,continue,manual,3.20,,true,false,,,,,,,,,,,,,,,,,,,,,,,,,,,,https://cdn.shopify.com/s/files/1/0454/5845/6736/products/jig-head-articulado-natural.png?v=1675770568,kg,,,
jig-head-offset-articulado-bullet-ewg-natural,,,,,,,,,3g,,,3/0,,,,,'40811307010503,3.0,,-86,continue,manual,2.68,,true,false,,,,,,,,,,,,,,,,,,,,,,,,,,,,https://cdn.shopify.com/s/files/1/0454/5845/6736/products/jig-head-articulado-natural.png?v=1675770568,kg,,,
jig-head-offset-articulado-bullet-ewg-natural,,,,,,,,,5g,,,3/0,,,,,'40811307010505,5.0,,-122,continue,manual,2.95,,true,false,,,,,,,,,,,,,,,,,,,,,,,,,,,,https://cdn.shopify.com/s/files/1/0454/5845/6736/products/jig-head-articulado-natural.png?v=1675770568,kg,,,
jig-head-offset-articulado-bullet-ewg-natural,,,,,,,,,7g,,,3/0,,,,,'40811307010507,7.0,,-89,continue,manual,2.95,,true,false,,,,,,,,,,,,,,,,,,,,,,,,,,,,https://cdn.shopify.com/s/files/1/0454/5845/6736/products/jig-head-articulado-natural.png?v=1675770568,kg,,,
jig-head-offset-articulado-bullet-ewg-natural,,,,,,,,,9g,,,3/0,,,,,'40811307010509,9.0,,-108,continue,manual,2.95,,true,false,,,,,,,,,,,,,,,,,,,,,,,,,,,,https://cdn.shopify.com/s/files/1/0454/5845/6736/products/jig-head-articulado-natural.png?v=1675770568,kg,,,
jig-head-offset-articulado-bullet-ewg-natural,,,,,,,,,12g,,,3/0,,,,,'40811307010512,12.0,,-38,continue,manual,3.41,,true,false,,,,,,,,,,,,,,,,,,,,,,,,,,,,https://cdn.shopify.com/s/files/1/0454/5845/6736/products/jig-head-articulado-natural.png?v=1675770568,kg,,,
jig-head-offset-articulado-bullet-ewg-natural,,,,,,,,,14g,,,3/0,,,,,'40811307010514,14.0,,-71,continue,manual,3.41,,true,false,,,,,,,,,,,,,,,,,,,,,,,,,,,,https://cdn.shopify.com/s/files/1/0454/5845/6736/products/jig-head-articulado-natural.png?v=1675770568,kg,,,
jig-head-offset-articulado-bullet-ewg-natural,,,,,,,,,16g,,,3/0,,,,,'40811307010516,16.0,,-66,continue,manual,3.41,,true,false,,,,,,,,,,,,,,,,,,,,,,,,,,,,https://cdn.shopify.com/s/files/1/0454/5845/6736/products/jig-head-articulado-natural.png?v=1675770568,kg,,,
jig-head-offset-articulado-bullet-ewg-natural,,,,,,,,,3g,,,4/0,,,,,'40811307010403,3.0,,-133,continue,manual,2.80,,true,false,,,,,,,,,,,,,,,,,,,,,,,,,,,,https://cdn.shopify.com/s/files/1/0454/5845/6736/products/jig-head-articulado-natural.png?v=1675770568,kg,,,
jig-head-offset-articulado-bullet-ewg-natural,,,,,,,,,5g,,,4/0,,,,,'40811307010405,5.0,,-115,continue,manual,3.07,,true,false,,,,,,,,,,,,,,,,,,,,,,,,,,,,https://cdn.shopify.com/s/files/1/0454/5845/6736/products/jig-head-articulado-natural.png?v=1675770568,kg,,,
jig-head-offset-articulado-bullet-ewg-natural,,,,,,,,,7g,,,4/0,,,,,'40811307010407,7.0,,-109,continue,manual,3.07,,true,false,,,,,,,,,,,,,,,,,,,,,,,,,,,,https://cdn.shopify.com/s/files/1/0454/5845/6736/products/jig-head-articulado-natural.png?v=1675770568,kg,,,
jig-head-offset-articulado-bullet-ewg-natural,,,,,,,,,9g,,,4/0,,,,,'40811307010409,9.0,,-151,continue,manual,3.07,,true,false,,,,,,,,,,,,,,,,,,,,,,,,,,,,https://cdn.shopify.com/s/files/1/0454/5845/6736/products/jig-head-articulado-natural.png?v=1675770568,kg,,,
jig-head-offset-articulado-bullet-ewg-natural,,,,,,,,,12g,,,4/0,,,,,'40811307010412,12.0,,-113,continue,manual,3.53,,true,false,,,,,,,,,,,,,,,,,,,,,,,,,,,,https://cdn.shopify.com/s/files/1/0454/5845/6736/products/jig-head-articulado-natural.png?v=1675770568,kg,,,
jig-head-offset-articulado-bullet-ewg-natural,,,,,,,,,14g,,,4/0,,,,,'40811307010414,14.0,,-106,continue,manual,3.53,,true,false,,,,,,,,,,,,,,,,,,,,,,,,,,,,https://cdn.shopify.com/s/files/1/0454/5845/6736/products/jig-head-articulado-natural.png?v=1675770568,kg,,,
jig-head-offset-articulado-bullet-ewg-natural,,,,,,,,,16g,,,4/0,,,,,'40811307010416,16.0,,-101,continue,manual,3.53,,true,false,,,,,,,,,,,,,,,,,,,,,,,,,,,,https://cdn.shopify.com/s/files/1/0454/5845/6736/products/jig-head-articulado-natural.png?v=1675770568,kg,,,
jig-head-offset-articulado-bullet-ewg-natural,,,,,,,,,3g,,,5/0,,,,,'40811307010303,3.0,,-55,continue,manual,3.04,,true,false,,,,,,,,,,,,,,,,,,,,,,,,,,,,https://cdn.shopify.com/s/files/1/0454/5845/6736/products/jig-head-articulado-natural.png?v=1675770568,kg,,,
jig-head-offset-articulado-bullet-ewg-natural,,,,,,,,,5g,,,5/0,,,,,'40811307010305,5.0,,-33,continue,manual,3.31,,true,false,,,,,,,,,,,,,,,,,,,,,,,,,,,,https://cdn.shopify.com/s/files/1/0454/5845/6736/products/jig-head-articulado-natural.png?v=1675770568,kg,,,
jig-head-offset-articulado-bullet-ewg-natural,,,,,,,,,7g,,,5/0,,,,,'40811307010307,7.0,,-63,continue,manual,3.31,,true,false,,,,,,,,,,,,,,,,,,,,,,,,,,,,https://cdn.shopify.com/s/files/1/0454/5845/6736/products/jig-head-articulado-natural.png?v=1675770568,kg,,,
jig-head-offset-articulado-bullet-ewg-natural,,,,,,,,,9g,,,5/0,,,,,'40811307010309,9.0,,-43,continue,manual,3.31,,true,false,,,,,,,,,,,,,,,,,,,,,,,,,,,,https://cdn.shopify.com/s/files/1/0454/5845/6736/products/jig-head-articulado-natural.png?v=1675770568,kg,,,
jig-head-offset-articulado-bullet-ewg-natural,,,,,,,,,12g,,,5/0,,,,,'40811307010312,12.0,,-81,continue,manual,3.77,,true,false,,,,,,,,,,,,,,,,,,,,,,,,,,,,https://cdn.shopify.com/s/files/1/0454/5845/6736/products/jig-head-articulado-natural.png?v=1675770568,kg,,,
jig-head-offset-articulado-bullet-ewg-natural,,,,,,,,,14g,,,5/0,,,,,'40811307010314,14.0,,-23,continue,manual,3.77,,true,false,,,,,,,,,,,,,,,,,,,,,,,,,,,,https://cdn.shopify.com/s/files/1/0454/5845/6736/products/jig-head-articulado-natural.png?v=1675770568,kg,,,
jig-head-offset-articulado-bullet-ewg-natural,,,,,,,,,16g,,,5/0,,,,,'40811307010316,16.0,,-79,continue,manual,3.77,,true,false,,,,,,,,,,,,,,,,,,,,,,,,,,,,https://cdn.shopify.com/s/files/1/0454/5845/6736/products/jig-head-articulado-natural.png?v=1675770568,kg,,,
jig-head-offset-articulado-bullet-ewg-natural,,,,,,,,,3g,,,6/0,,,,,'40811307010203,3.0,,-5,continue,manual,3.22,,true,false,,,,,,,,,,,,,,,,,,,,,,,,,,,,https://cdn.shopify.com/s/files/1/0454/5845/6736/products/jig-head-articulado-natural.png?v=1675770568,kg,,,
jig-head-offset-articulado-bullet-ewg-natural,,,,,,,,,5g,,,6/0,,,,,'40811307010205,5.0,,0,continue,manual,3.49,,true,false,,,,,,,,,,,,,,,,,,,,,,,,,,,,https://cdn.shopify.com/s/files/1/0454/5845/6736/products/jig-head-articulado-natural.png?v=1675770568,kg,,,
jig-head-offset-articulado-bullet-ewg-natural,,,,,,,,,7g,,,6/0,,,,,'40811307010207,7.0,,-20,continue,manual,3.49,,true,false,,,,,,,,,,,,,,,,,,,,,,,,,,,,https://cdn.shopify.com/s/files/1/0454/5845/6736/products/jig-head-articulado-natural.png?v=1675770568,kg,,,
jig-head-offset-articulado-bullet-ewg-natural,,,,,,,,,9g,,,6/0,,,,,'40811307010209,9.0,,-10,continue,manual,3.49,,true,false,,,,,,,,,,,,,,,,,,,,,,,,,,,,https://cdn.shopify.com/s/files/1/0454/5845/6736/products/jig-head-articulado-natural.png?v=1675770568,kg,,,
jig-head-offset-articulado-bullet-ewg-natural,,,,,,,,,12g,,,6/0,,,,,'40811307010212,12.0,,-9,continue,manual,3.95,,true,false,,,,,,,,,,,,,,,,,,,,,,,,,,,,https://cdn.shopify.com/s/files/1/0454/5845/6736/products/jig-head-articulado-natural.png?v=1675770568,kg,,,
jig-head-offset-articulado-bullet-ewg-natural,,,,,,,,,14g,,,6/0,,,,,'40811307010214,14.0,,-13,continue,manual,3.95,,true,false,,,,,,,,,,,,,,,,,,,,,,,,,,,,https://cdn.shopify.com/s/files/1/0454/5845/6736/products/jig-head-articulado-natural.png?v=1675770568,kg,,,
jig-head-offset-articulado-bullet-ewg-natural,,,,,,,,,16g,,,6/0,,,,,'40811307010216,16.0,,-1,continue,manual,3.95,,true,false,,,,,,,,,,,,,,,,,,,,,,,,,,,,https://cdn.shopify.com/s/files/1/0454/5845/6736/products/jig-head-articulado-natural.png?v=1675770568,kg,,,
jig-head-offset-articulado-bullet-ewg-natural,,,,,,,,,3g,,,7/0,,,,,'40811307010103,3.0,shopify,0,deny,manual,3.40,,true,false,,,,,,,,,,,,,,,,,,,,,,,,,,,,https://cdn.shopify.com/s/files/1/0454/5845/6736/products/jig-head-articulado-natural.png?v=1675770568,kg,,,
jig-head-offset-articulado-bullet-ewg-natural,,,,,,,,,5g,,,7/0,,,,,'40811307010105,5.0,shopify,0,deny,manual,3.66,,true,false,,,,,,,,,,,,,,,,,,,,,,,,,,,,https://cdn.shopify.com/s/files/1/0454/5845/6736/products/jig-head-articulado-natural.png?v=1675770568,kg,,,
jig-head-offset-articulado-bullet-ewg-natural,,,,,,,,,7g,,,7/0,,,,,'40811307010107,7.0,shopify,-20,deny,manual,3.66,,true,false,,,,,,,,,,,,,,,,,,,,,,,,,,,,https://cdn.shopify.com/s/files/1/0454/5845/6736/products/jig-head-articulado-natural.png?v=1675770568,kg,,,
jig-head-offset-articulado-bullet-ewg-natural,,,,,,,,,9g,,,7/0,,,,,'40811307010109,9.0,shopify,0,deny,manual,3.66,,true,false,,,,,,,,,,,,,,,,,,,,,,,,,,,,https://cdn.shopify.com/s/files/1/0454/5845/6736/products/jig-head-articulado-natural.png?v=1675770568,kg,,,
jig-head-offset-articulado-bullet-ewg-natural,,,,,,,,,12g,,,7/0,,,,,'40811307010112,12.0,shopify,-9,deny,manual,4.12,,true,false,,,,,,,,,,,,,,,,,,,,,,,,,,,,https://cdn.shopify.com/s/files/1/0454/5845/6736/products/jig-head-articulado-natural.png?v=1675770568,kg,,,
jig-head-offset-articulado-bullet-ewg-natural,,,,,,,,,14g,,,7/0,,,,,'40811307010114,14.0,shopify,-1,deny,manual,4.12,,true,false,,,,,,,,,,,,,,,,,,,,,,,,,,,,https://cdn.shopify.com/s/files/1/0454/5845/6736/products/jig-head-articulado-natural.png?v=1675770568,kg,,,
jig-head-offset-articulado-bullet-ewg-natural,,,,,,,,,16g,,,7/0,,,,,'40811307010116,16.0,shopify,-13,deny,manual,4.12,,true,false,,,,,,,,,,,,,,,,,,,,,,,,,,,,https://cdn.shopify.com/s/files/1/0454/5845/6736/products/jig-head-articulado-natural.png?v=1675770568,kg,,,
jig-head-offset-articulado-bullet-ewg-preto,Anzol Jig Head Offset Articulado Bullet EWG Preta,"<p>O tradicional <b>Bullet</b>, já utilizado por muitos pescadores nos sistemas <b>Carolina Rig, Texas Rig e Florida Rig</b>, agora também está disponível na versão <b>Jig Head Offset EWG Articulado Bullet</b>.<br><br>Com essa opção articulada ao anzol, o pescador ganha muito mais praticidade, pois já leva o conjunto preparado no estilo Texas, pronto para montar a isca e começar a pescaria.<br><br>Por ser articulado, o peso fica separado do anzol, permitindo que a isca trabalhe com muito mais liberdade e naturalidade, independente da gramatura utilizada. Isso proporciona um movimento mais realista, deixando a apresentação mais atrativa para o peixe.<br><br>O ideal é utilizar o <b>Jig Head Offset EWG Articulado Bullet</b> com as iscas da <b>Chumbada Oficial</b>, que são iscas <b>floating</b>. Essa combinação faz com que a isca consiga trabalhar até mesmo sem ação direta do pescador, se movimentando naturalmente com a correnteza, a água ou a maré.<br><br>Disponível em uma grande variedade de combinações:<br><br>🎣 Anzóis do <b>#2 ao 7/0</b><br>⚖️ Pesos de <b>3g a 16g</b><br><br>Mais praticidade, naturalidade e eficiência em um único conjunto.<br><br>Peça na loja de pesca mais próxima de você ou encomende com seu lojista de confiança.<br><br><b>Chumbada Oficial — empresa certificada CETESB e IBAMA.</b></p>",Chumbada Oficial,Sem categoria,"","Articulado, Bullet, Chumbada, Colorido, EWG, Jig Head, Jig Head Offset Articulado Bullet EWG, Offset, Preta, Todos",true,Peso,5g,,Tamanho do Anzol,2#,,,,,'40811308020905,5.0,,0,continue,manual,3.21,,true,false,,,,,,https://cdn.shopify.com/s/files/1/0454/5845/6736/products/jig-articulado-bullet-preto_98f646a7-77b1-4c89-bd0e-01e45f75eb4a.png?v=1701356055,1,Chumbada Jig Head Offset Articulado Bullet EWG Preto,false,,,,,,,,,,,,,,,,,,,https://cdn.shopify.com/s/files/1/0454/5845/6736/products/jig-articulado-bullet-preto_98f646a7-77b1-4c89-bd0e-01e45f75eb4a.png?v=1701356055,kg,,,active
jig-head-offset-articulado-bullet-ewg-preto,,,,,,,,,7g,,,2#,,,,,'40811308020907,7.0,,0,continue,manual,3.21,,true,false,,,,,,,,,,,,,,,,,,,,,,,,,,,,https://cdn.shopify.com/s/files/1/0454/5845/6736/products/jig-articulado-bullet-preto_98f646a7-77b1-4c89-bd0e-01e45f75eb4a.png?v=1701356055,kg,,,
jig-head-offset-articulado-bullet-ewg-preto,,,,,,,,,9g,,,2#,,,,,'40811308020909,9.0,,0,continue,manual,3.21,,true,false,,,,,,,,,,,,,,,,,,,,,,,,,,,,https://cdn.shopify.com/s/files/1/0454/5845/6736/products/jig-articulado-bullet-preto_98f646a7-77b1-4c89-bd0e-01e45f75eb4a.png?v=1701356055,kg,,,
jig-head-offset-articulado-bullet-ewg-preto,,,,,,,,,12g,,,2#,,,,,'40811308020912,12.0,,0,continue,manual,4.07,,true,false,,,,,,,,,,,,,,,,,,,,,,,,,,,,https://cdn.shopify.com/s/files/1/0454/5845/6736/products/jig-articulado-bullet-preto_98f646a7-77b1-4c89-bd0e-01e45f75eb4a.png?v=1701356055,kg,,,
jig-head-offset-articulado-bullet-ewg-preto,,,,,,,,,14g,,,2#,,,,,'40811308020914,14.0,,0,continue,manual,4.07,,true,false,,,,,,,,,,,,,,,,,,,,,,,,,,,,https://cdn.shopify.com/s/files/1/0454/5845/6736/products/jig-articulado-bullet-preto_98f646a7-77b1-4c89-bd0e-01e45f75eb4a.png?v=1701356055,kg,,,
jig-head-offset-articulado-bullet-ewg-preto,,,,,,,,,16g,,,2#,,,,,'40811308020916,16.0,,0,continue,manual,4.07,,true,false,,,,,,,,,,,,,,,,,,,,,,,,,,,,https://cdn.shopify.com/s/files/1/0454/5845/6736/products/jig-articulado-bullet-preto_98f646a7-77b1-4c89-bd0e-01e45f75eb4a.png?v=1701356055,kg,,,
jig-head-offset-articulado-bullet-ewg-preto,,,,,,,,,5g,,,1#,,,,,'40811308020805,5.0,shopify,0,deny,manual,3.21,,true,false,,,,,,,,,,,,,,,,,,,,,,,,,,,,https://cdn.shopify.com/s/files/1/0454/5845/6736/products/jig-articulado-bullet-preto_98f646a7-77b1-4c89-bd0e-01e45f75eb4a.png?v=1701356055,kg,,,
jig-head-offset-articulado-bullet-ewg-preto,,,,,,,,,7g,,,1#,,,,,'40811308020807,7.0,shopify,0,deny,manual,3.21,,true,false,,,,,,,,,,,,,,,,,,,,,,,,,,,,https://cdn.shopify.com/s/files/1/0454/5845/6736/products/jig-articulado-bullet-preto_98f646a7-77b1-4c89-bd0e-01e45f75eb4a.png?v=1701356055,kg,,,
jig-head-offset-articulado-bullet-ewg-preto,,,,,,,,,9g,,,1#,,,,,'40811308020809,9.0,shopify,0,deny,manual,3.21,,true,false,,,,,,,,,,,,,,,,,,,,,,,,,,,,https://cdn.shopify.com/s/files/1/0454/5845/6736/products/jig-articulado-bullet-preto_98f646a7-77b1-4c89-bd0e-01e45f75eb4a.png?v=1701356055,kg,,,
jig-head-offset-articulado-bullet-ewg-preto,,,,,,,,,12g,,,1#,,,,,'40811308020812,12.0,shopify,0,deny,manual,4.07,,true,false,,,,,,,,,,,,,,,,,,,,,,,,,,,,https://cdn.shopify.com/s/files/1/0454/5845/6736/products/jig-articulado-bullet-preto_98f646a7-77b1-4c89-bd0e-01e45f75eb4a.png?v=1701356055,kg,,,
jig-head-offset-articulado-bullet-ewg-preto,,,,,,,,,14g,,,1#,,,,,'40811308020814,14.0,shopify,0,deny,manual,4.07,,true,false,,,,,,,,,,,,,,,,,,,,,,,,,,,,https://cdn.shopify.com/s/files/1/0454/5845/6736/products/jig-articulado-bullet-preto_98f646a7-77b1-4c89-bd0e-01e45f75eb4a.png?v=1701356055,kg,,,
jig-head-offset-articulado-bullet-ewg-preto,,,,,,,,,16g,,,1#,,,,,'40811308020816,16.0,shopify,0,deny,manual,4.07,,true,false,,,,,,,,,,,,,,,,,,,,,,,,,,,,https://cdn.shopify.com/s/files/1/0454/5845/6736/products/jig-articulado-bullet-preto_98f646a7-77b1-4c89-bd0e-01e45f75eb4a.png?v=1701356055,kg,,,
jig-head-offset-articulado-bullet-ewg-preto,,,,,,,,,5g,,,1/0,,,,,'40811308020705,5.0,,-20,continue,manual,3.21,,true,false,,,,,,,,,,,,,,,,,,,,,,,,,,,,https://cdn.shopify.com/s/files/1/0454/5845/6736/products/jig-articulado-bullet-preto_98f646a7-77b1-4c89-bd0e-01e45f75eb4a.png?v=1701356055,kg,,,
jig-head-offset-articulado-bullet-ewg-preto,,,,,,,,,7g,,,1/0,,,,,'40811308020707,7.0,,-20,continue,manual,3.21,,true,false,,,,,,,,,,,,,,,,,,,,,,,,,,,,https://cdn.shopify.com/s/files/1/0454/5845/6736/products/jig-articulado-bullet-preto_98f646a7-77b1-4c89-bd0e-01e45f75eb4a.png?v=1701356055,kg,,,
jig-head-offset-articulado-bullet-ewg-preto,,,,,,,,,9g,,,1/0,,,,,'40811308020709,9.0,,-20,continue,manual,3.21,,true,false,,,,,,,,,,,,,,,,,,,,,,,,,,,,https://cdn.shopify.com/s/files/1/0454/5845/6736/products/jig-articulado-bullet-preto_98f646a7-77b1-4c89-bd0e-01e45f75eb4a.png?v=1701356055,kg,,,
jig-head-offset-articulado-bullet-ewg-preto,,,,,,,,,12g,,,1/0,,,,,'40811308020712,12.0,,0,continue,manual,4.07,,true,false,,,,,,,,,,,,,,,,,,,,,,,,,,,,https://cdn.shopify.com/s/files/1/0454/5845/6736/products/jig-articulado-bullet-preto_98f646a7-77b1-4c89-bd0e-01e45f75eb4a.png?v=1701356055,kg,,,
jig-head-offset-articulado-bullet-ewg-preto,,,,,,,,,14g,,,1/0,,,,,'40811308020714,14.0,,0,continue,manual,4.07,,true,false,,,,,,,,,,,,,,,,,,,,,,,,,,,,https://cdn.shopify.com/s/files/1/0454/5845/6736/products/jig-articulado-bullet-preto_98f646a7-77b1-4c89-bd0e-01e45f75eb4a.png?v=1701356055,kg,,,
jig-head-offset-articulado-bullet-ewg-preto,,,,,,,,,16g,,,1/0,,,,,'40811308020716,16.0,,0,continue,manual,4.07,,true,false,,,,,,,,,,,,,,,,,,,,,,,,,,,,https://cdn.shopify.com/s/files/1/0454/5845/6736/products/jig-articulado-bullet-preto_98f646a7-77b1-4c89-bd0e-01e45f75eb4a.png?v=1701356055,kg,,,
jig-head-offset-articulado-bullet-ewg-preto,,,,,,,,,5g,,,2/0,,,,,'40811308020605,5.0,,-55,continue,manual,3.54,,true,false,,,,,,,,,,,,,,,,,,,,,,,,,,,,https://cdn.shopify.com/s/files/1/0454/5845/6736/products/jig-articulado-bullet-preto_98f646a7-77b1-4c89-bd0e-01e45f75eb4a.png?v=1701356055,kg,,,
jig-head-offset-articulado-bullet-ewg-preto,,,,,,,,,7g,,,2/0,,,,,'40811308020607,7.0,,-55,continue,manual,3.54,,true,false,,,,,,,,,,,,,,,,,,,,,,,,,,,,https://cdn.shopify.com/s/files/1/0454/5845/6736/products/jig-articulado-bullet-preto_98f646a7-77b1-4c89-bd0e-01e45f75eb4a.png?v=1701356055,kg,,,
jig-head-offset-articulado-bullet-ewg-preto,,,,,,,,,9g,,,2/0,,,,,'40811308020609,9.0,,-30,continue,manual,3.54,,true,false,,,,,,,,,,,,,,,,,,,,,,,,,,,,https://cdn.shopify.com/s/files/1/0454/5845/6736/products/jig-articulado-bullet-preto_98f646a7-77b1-4c89-bd0e-01e45f75eb4a.png?v=1701356055,kg,,,
jig-head-offset-articulado-bullet-ewg-preto,,,,,,,,,12g,,,2/0,,,,,'40811308020612,12.0,,0,continue,manual,4.40,,true,false,,,,,,,,,,,,,,,,,,,,,,,,,,,,https://cdn.shopify.com/s/files/1/0454/5845/6736/products/jig-articulado-bullet-preto_98f646a7-77b1-4c89-bd0e-01e45f75eb4a.png?v=1701356055,kg,,,
jig-head-offset-articulado-bullet-ewg-preto,,,,,,,,,14g,,,2/0,,,,,'40811308020614,14.0,,0,continue,manual,4.40,,true,false,,,,,,,,,,,,,,,,,,,,,,,,,,,,https://cdn.shopify.com/s/files/1/0454/5845/6736/products/jig-articulado-bullet-preto_98f646a7-77b1-4c89-bd0e-01e45f75eb4a.png?v=1701356055,kg,,,
jig-head-offset-articulado-bullet-ewg-preto,,,,,,,,,16g,,,2/0,,,,,'40811308020616,16.0,,0,continue,manual,4.40,,true,false,,,,,,,,,,,,,,,,,,,,,,,,,,,,https://cdn.shopify.com/s/files/1/0454/5845/6736/products/jig-articulado-bullet-preto_98f646a7-77b1-4c89-bd0e-01e45f75eb4a.png?v=1701356055,kg,,,
jig-head-offset-articulado-bullet-ewg-preto,,,,,,,,,5g,,,3/0,,,,,'40811308020505,5.0,,-110,continue,manual,3.75,,true,false,,,,,,,,,,,,,,,,,,,,,,,,,,,,https://cdn.shopify.com/s/files/1/0454/5845/6736/products/jig-articulado-bullet-preto_98f646a7-77b1-4c89-bd0e-01e45f75eb4a.png?v=1701356055,kg,,,
jig-head-offset-articulado-bullet-ewg-preto,,,,,,,,,7g,,,3/0,,,,,'40811308020507,7.0,,-60,continue,manual,3.75,,true,false,,,,,,,,,,,,,,,,,,,,,,,,,,,,https://cdn.shopify.com/s/files/1/0454/5845/6736/products/jig-articulado-bullet-preto_98f646a7-77b1-4c89-bd0e-01e45f75eb4a.png?v=1701356055,kg,,,
jig-head-offset-articulado-bullet-ewg-preto,,,,,,,,,9g,,,3/0,,,,,'40811308020509,9.0,,-30,continue,manual,3.75,,true,false,,,,,,,,,,,,,,,,,,,,,,,,,,,,https://cdn.shopify.com/s/files/1/0454/5845/6736/products/jig-articulado-bullet-preto_98f646a7-77b1-4c89-bd0e-01e45f75eb4a.png?v=1701356055,kg,,,
jig-head-offset-articulado-bullet-ewg-preto,,,,,,,,,12g,,,3/0,,,,,'40811308020512,12.0,,-15,continue,manual,4.61,,true,false,,,,,,,,,,,,,,,,,,,,,,,,,,,,https://cdn.shopify.com/s/files/1/0454/5845/6736/products/jig-articulado-bullet-preto_98f646a7-77b1-4c89-bd0e-01e45f75eb4a.png?v=1701356055,kg,,,
jig-head-offset-articulado-bullet-ewg-preto,,,,,,,,,14g,,,3/0,,,,,'40811308020514,14.0,,0,continue,manual,4.61,,true,false,,,,,,,,,,,,,,,,,,,,,,,,,,,,https://cdn.shopify.com/s/files/1/0454/5845/6736/products/jig-articulado-bullet-preto_98f646a7-77b1-4c89-bd0e-01e45f75eb4a.png?v=1701356055,kg,,,
jig-head-offset-articulado-bullet-ewg-preto,,,,,,,,,16g,,,3/0,,,,,'40811308020516,16.0,,0,continue,manual,4.61,,true,false,,,,,,,,,,,,,,,,,,,,,,,,,,,,https://cdn.shopify.com/s/files/1/0454/5845/6736/products/jig-articulado-bullet-preto_98f646a7-77b1-4c89-bd0e-01e45f75eb4a.png?v=1701356055,kg,,,
jig-head-offset-articulado-bullet-ewg-preto,,,,,,,,,5g,,,4/0,,,,,'40811308020405,5.0,,-136,continue,manual,3.87,,true,false,,,,,,,,,,,,,,,,,,,,,,,,,,,,https://cdn.shopify.com/s/files/1/0454/5845/6736/products/jig-articulado-bullet-preto_98f646a7-77b1-4c89-bd0e-01e45f75eb4a.png?v=1701356055,kg,,,
jig-head-offset-articulado-bullet-ewg-preto,,,,,,,,,7g,,,4/0,,,,,'40811308020407,7.0,,-55,continue,manual,3.87,,true,false,,,,,,,,,,,,,,,,,,,,,,,,,,,,https://cdn.shopify.com/s/files/1/0454/5845/6736/products/jig-articulado-bullet-preto_98f646a7-77b1-4c89-bd0e-01e45f75eb4a.png?v=1701356055,kg,,,
jig-head-offset-articulado-bullet-ewg-preto,,,,,,,,,9g,,,4/0,,,,,'40811308020409,9.0,,-30,continue,manual,3.87,,true,false,,,,,,,,,,,,,,,,,,,,,,,,,,,,https://cdn.shopify.com/s/files/1/0454/5845/6736/products/jig-articulado-bullet-preto_98f646a7-77b1-4c89-bd0e-01e45f75eb4a.png?v=1701356055,kg,,,
jig-head-offset-articulado-bullet-ewg-preto,,,,,,,,,12g,,,4/0,,,,,'40811308020412,12.0,,-20,continue,manual,4.73,,true,false,,,,,,,,,,,,,,,,,,,,,,,,,,,,https://cdn.shopify.com/s/files/1/0454/5845/6736/products/jig-articulado-bullet-preto_98f646a7-77b1-4c89-bd0e-01e45f75eb4a.png?v=1701356055,kg,,,
jig-head-offset-articulado-bullet-ewg-preto,,,,,,,,,14g,,,4/0,,,,,'40811308020414,14.0,,0,continue,manual,4.73,,true,false,,,,,,,,,,,,,,,,,,,,,,,,,,,,https://cdn.shopify.com/s/files/1/0454/5845/6736/products/jig-articulado-bullet-preto_98f646a7-77b1-4c89-bd0e-01e45f75eb4a.png?v=1701356055,kg,,,
jig-head-offset-articulado-bullet-ewg-preto,,,,,,,,,16g,,,4/0,,,,,'40811308020416,16.0,,0,continue,manual,4.73,,true,false,,,,,,,,,,,,,,,,,,,,,,,,,,,,https://cdn.shopify.com/s/files/1/0454/5845/6736/products/jig-articulado-bullet-preto_98f646a7-77b1-4c89-bd0e-01e45f75eb4a.png?v=1701356055,kg,,,
jig-head-offset-articulado-bullet-ewg-preto,,,,,,,,,5g,,,5/0,,,,,'40811308020305,5.0,,-110,continue,manual,4.11,,true,false,,,,,,,,,,,,,,,,,,,,,,,,,,,,https://cdn.shopify.com/s/files/1/0454/5845/6736/products/jig-articulado-bullet-preto_98f646a7-77b1-4c89-bd0e-01e45f75eb4a.png?v=1701356055,kg,,,
jig-head-offset-articulado-bullet-ewg-preto,,,,,,,,,7g,,,5/0,,,,,'40811308020307,7.0,,-50,continue,manual,4.11,,true,false,,,,,,,,,,,,,,,,,,,,,,,,,,,,https://cdn.shopify.com/s/files/1/0454/5845/6736/products/jig-articulado-bullet-preto_98f646a7-77b1-4c89-bd0e-01e45f75eb4a.png?v=1701356055,kg,,,
jig-head-offset-articulado-bullet-ewg-preto,,,,,,,,,9g,,,5/0,,,,,'40811308020309,9.0,,-50,continue,manual,4.11,,true,false,,,,,,,,,,,,,,,,,,,,,,,,,,,,https://cdn.shopify.com/s/files/1/0454/5845/6736/products/jig-articulado-bullet-preto_98f646a7-77b1-4c89-bd0e-01e45f75eb4a.png?v=1701356055,kg,,,
jig-head-offset-articulado-bullet-ewg-preto,,,,,,,,,12g,,,5/0,,,,,'40811308020312,12.0,,-15,continue,manual,4.97,,true,false,,,,,,,,,,,,,,,,,,,,,,,,,,,,https://cdn.shopify.com/s/files/1/0454/5845/6736/products/jig-articulado-bullet-preto_98f646a7-77b1-4c89-bd0e-01e45f75eb4a.png?v=1701356055,kg,,,
jig-head-offset-articulado-bullet-ewg-preto,,,,,,,,,14g,,,5/0,,,,,'40811308020314,14.0,,0,continue,manual,4.97,,true,false,,,,,,,,,,,,,,,,,,,,,,,,,,,,https://cdn.shopify.com/s/files/1/0454/5845/6736/products/jig-articulado-bullet-preto_98f646a7-77b1-4c89-bd0e-01e45f75eb4a.png?v=1701356055,kg,,,
jig-head-offset-articulado-bullet-ewg-preto,,,,,,,,,16g,,,5/0,,,,,'40811308020316,16.0,,0,continue,manual,4.97,,true,false,,,,,,,,,,,,,,,,,,,,,,,,,,,,https://cdn.shopify.com/s/files/1/0454/5845/6736/products/jig-articulado-bullet-preto_98f646a7-77b1-4c89-bd0e-01e45f75eb4a.png?v=1701356055,kg,,,
jig-head-offset-articulado-bullet-ewg-preto,,,,,,,,,5g,,,6/0,,,,,'40811308020205,5.0,,-55,continue,manual,4.29,,true,false,,,,,,,,,,,,,,,,,,,,,,,,,,,,https://cdn.shopify.com/s/files/1/0454/5845/6736/products/jig-articulado-bullet-preto_98f646a7-77b1-4c89-bd0e-01e45f75eb4a.png?v=1701356055,kg,,,
jig-head-offset-articulado-bullet-ewg-preto,,,,,,,,,7g,,,6/0,,,,,'40811308020207,7.0,,-45,continue,manual,4.29,,true,false,,,,,,,,,,,,,,,,,,,,,,,,,,,,https://cdn.shopify.com/s/files/1/0454/5845/6736/products/jig-articulado-bullet-preto_98f646a7-77b1-4c89-bd0e-01e45f75eb4a.png?v=1701356055,kg,,,
jig-head-offset-articulado-bullet-ewg-preto,,,,,,,,,9g,,,6/0,,,,,'40811308020209,9.0,,-15,continue,manual,4.29,,true,false,,,,,,,,,,,,,,,,,,,,,,,,,,,,https://cdn.shopify.com/s/files/1/0454/5845/6736/products/jig-articulado-bullet-preto_98f646a7-77b1-4c89-bd0e-01e45f75eb4a.png?v=1701356055,kg,,,
jig-head-offset-articulado-bullet-ewg-preto,,,,,,,,,12g,,,6/0,,,,,'40811308020212,12.0,,-20,continue,manual,5.15,,true,false,,,,,,,,,,,,,,,,,,,,,,,,,,,,https://cdn.shopify.com/s/files/1/0454/5845/6736/products/jig-articulado-bullet-preto_98f646a7-77b1-4c89-bd0e-01e45f75eb4a.png?v=1701356055,kg,,,
jig-head-offset-articulado-bullet-ewg-preto,,,,,,,,,14g,,,6/0,,,,,'40811308020214,14.0,,-5,continue,manual,5.15,,true,false,,,,,,,,,,,,,,,,,,,,,,,,,,,,https://cdn.shopify.com/s/files/1/0454/5845/6736/products/jig-articulado-bullet-preto_98f646a7-77b1-4c89-bd0e-01e45f75eb4a.png?v=1701356055,kg,,,
jig-head-offset-articulado-bullet-ewg-preto,,,,,,,,,16g,,,6/0,,,,,'40811308020216,16.0,,0,continue,manual,5.15,,true,false,,,,,,,,,,,,,,,,,,,,,,,,,,,,https://cdn.shopify.com/s/files/1/0454/5845/6736/products/jig-articulado-bullet-preto_98f646a7-77b1-4c89-bd0e-01e45f75eb4a.png?v=1701356055,kg,,,
jig-head-offset-articulado-bullet-ewg-preto,,,,,,,,,5g,,,7/0,,,,,'40811308020105,5.0,shopify,-15,deny,manual,4.46,,true,false,,,,,,,,,,,,,,,,,,,,,,,,,,,,https://cdn.shopify.com/s/files/1/0454/5845/6736/products/jig-articulado-bullet-preto_98f646a7-77b1-4c89-bd0e-01e45f75eb4a.png?v=1701356055,kg,,,
jig-head-offset-articulado-bullet-ewg-preto,,,,,,,,,7g,,,7/0,,,,,'40811308020107,7.0,shopify,-15,deny,manual,4.46,,true,false,,,,,,,,,,,,,,,,,,,,,,,,,,,,https://cdn.shopify.com/s/files/1/0454/5845/6736/products/jig-articulado-bullet-preto_98f646a7-77b1-4c89-bd0e-01e45f75eb4a.png?v=1701356055,kg,,,
jig-head-offset-articulado-bullet-ewg-preto,,,,,,,,,9g,,,7/0,,,,,'40811308020109,9.0,shopify,-15,deny,manual,4.46,,true,false,,,,,,,,,,,,,,,,,,,,,,,,,,,,https://cdn.shopify.com/s/files/1/0454/5845/6736/products/jig-articulado-bullet-preto_98f646a7-77b1-4c89-bd0e-01e45f75eb4a.png?v=1701356055,kg,,,
jig-head-offset-articulado-bullet-ewg-preto,,,,,,,,,12g,,,7/0,,,,,'40811308020112,12.0,shopify,-10,deny,manual,5.32,,true,false,,,,,,,,,,,,,,,,,,,,,,,,,,,,https://cdn.shopify.com/s/files/1/0454/5845/6736/products/jig-articulado-bullet-preto_98f646a7-77b1-4c89-bd0e-01e45f75eb4a.png?v=1701356055,kg,,,
jig-head-offset-articulado-bullet-ewg-preto,,,,,,,,,14g,,,7/0,,,,,'40811308020114,14.0,shopify,0,deny,manual,5.32,,true,false,,,,,,,,,,,,,,,,,,,,,,,,,,,,https://cdn.shopify.com/s/files/1/0454/5845/6736/products/jig-articulado-bullet-preto_98f646a7-77b1-4c89-bd0e-01e45f75eb4a.png?v=1701356055,kg,,,
jig-head-offset-articulado-bullet-ewg-preto,,,,,,,,,16g,,,7/0,,,,,'40811308020116,16.0,shopify,0,deny,manual,5.32,,true,false,,,,,,,,,,,,,,,,,,,,,,,,,,,,https://cdn.shopify.com/s/files/1/0454/5845/6736/products/jig-articulado-bullet-preto_98f646a7-77b1-4c89-bd0e-01e45f75eb4a.png?v=1701356055,kg,,,
jig-head-offset-articulado-bullet-ewg-vermelho,Anzol Jig Head Offset Articulado Bullet EWG Vermelha,"<p>O tradicional <b>Bullet</b>, já utilizado por muitos pescadores nos sistemas <b>Carolina Rig, Texas Rig e Florida Rig</b>, agora também está disponível na versão <b>Jig Head Offset EWG Articulado Bullet</b>.<br><br>Com essa opção articulada ao anzol, o pescador ganha muito mais praticidade, pois já leva o conjunto preparado no estilo Texas, pronto para montar a isca e começar a pescaria.<br><br>Por ser articulado, o peso fica separado do anzol, permitindo que a isca trabalhe com muito mais liberdade e naturalidade, independente da gramatura utilizada. Isso proporciona um movimento mais realista, deixando a apresentação mais atrativa para o peixe.<br><br>O ideal é utilizar o <b>Jig Head Offset EWG Articulado Bullet</b> com as iscas da <b>Chumbada Oficial</b>, que são iscas <b>floating</b>. Essa combinação faz com que a isca consiga trabalhar até mesmo sem ação direta do pescador, se movimentando naturalmente com a correnteza, a água ou a maré.<br><br>Disponível em uma grande variedade de combinações:<br><br>🎣 Anzóis do <b>#2 ao 7/0</b><br>⚖️ Pesos de <b>3g a 16g</b><br><br>Mais praticidade, naturalidade e eficiência em um único conjunto.<br><br>Peça na loja de pesca mais próxima de você ou encomende com seu lojista de confiança.<br><br><b>Chumbada Oficial — empresa certificada CETESB e IBAMA.</b></p>",Chumbada Oficial,Sem categoria,"","Articulado, Bullet, Chumbada, Colorido, EWG, Jig Head, Jig Head Offset Articulado Bullet EWG, Offset, Todos, Vermelha",true,Peso,5g,,Tamanho do Anzol,2#,,,,,'40811308040905,5.0,,0,continue,manual,3.21,,true,false,,,,,,https://cdn.shopify.com/s/files/1/0454/5845/6736/products/jig-articulado-bullet-vermelho.png?v=1675770613,1,Chumbada Jig Head Offset Articulado Bullet EWG Vermelho,false,,,,,,,,,,,,,,,,,,,https://cdn.shopify.com/s/files/1/0454/5845/6736/products/jig-articulado-bullet-vermelho.png?v=1675770613,kg,,,active
jig-head-offset-articulado-bullet-ewg-vermelho,,,,,,,,,7g,,,2#,,,,,'40811308040907,7.0,,0,continue,manual,3.21,,true,false,,,,,,,,,,,,,,,,,,,,,,,,,,,,https://cdn.shopify.com/s/files/1/0454/5845/6736/products/jig-articulado-bullet-vermelho.png?v=1675770613,kg,,,
jig-head-offset-articulado-bullet-ewg-vermelho,,,,,,,,,9g,,,2#,,,,,'40811308040909,9.0,,0,continue,manual,3.21,,true,false,,,,,,,,,,,,,,,,,,,,,,,,,,,,https://cdn.shopify.com/s/files/1/0454/5845/6736/products/jig-articulado-bullet-vermelho.png?v=1675770613,kg,,,
jig-head-offset-articulado-bullet-ewg-vermelho,,,,,,,,,12g,,,2#,,,,,'40811308040912,12.0,,0,continue,manual,4.07,,true,false,,,,,,,,,,,,,,,,,,,,,,,,,,,,https://cdn.shopify.com/s/files/1/0454/5845/6736/products/jig-articulado-bullet-vermelho.png?v=1675770613,kg,,,
jig-head-offset-articulado-bullet-ewg-vermelho,,,,,,,,,14g,,,2#,,,,,'40811308040914,14.0,,0,continue,manual,4.07,,true,false,,,,,,,,,,,,,,,,,,,,,,,,,,,,https://cdn.shopify.com/s/files/1/0454/5845/6736/products/jig-articulado-bullet-vermelho.png?v=1675770613,kg,,,
jig-head-offset-articulado-bullet-ewg-vermelho,,,,,,,,,16g,,,2#,,,,,'40811308040916,16.0,,0,continue,manual,4.07,,true,false,,,,,,,,,,,,,,,,,,,,,,,,,,,,https://cdn.shopify.com/s/files/1/0454/5845/6736/products/jig-articulado-bullet-vermelho.png?v=1675770613,kg,,,
jig-head-offset-articulado-bullet-ewg-vermelho,,,,,,,,,5g,,,1#,,,,,'40811308040805,5.0,shopify,-15,deny,manual,3.21,,true,false,,,,,,,,,,,,,,,,,,,,,,,,,,,,https://cdn.shopify.com/s/files/1/0454/5845/6736/products/jig-articulado-bullet-vermelho.png?v=1675770613,kg,,,
jig-head-offset-articulado-bullet-ewg-vermelho,,,,,,,,,7g,,,1#,,,,,'40811308040807,7.0,shopify,0,deny,manual,3.21,,true,false,,,,,,,,,,,,,,,,,,,,,,,,,,,,https://cdn.shopify.com/s/files/1/0454/5845/6736/products/jig-articulado-bullet-vermelho.png?v=1675770613,kg,,,
jig-head-offset-articulado-bullet-ewg-vermelho,,,,,,,,,9g,,,1#,,,,,'40811308040809,9.0,shopify,-2,deny,manual,3.21,,true,false,,,,,,,,,,,,,,,,,,,,,,,,,,,,https://cdn.shopify.com/s/files/1/0454/5845/6736/products/jig-articulado-bullet-vermelho.png?v=1675770613,kg,,,
jig-head-offset-articulado-bullet-ewg-vermelho,,,,,,,,,12g,,,1#,,,,,'40811308040812,12.0,shopify,0,deny,manual,4.07,,true,false,,,,,,,,,,,,,,,,,,,,,,,,,,,,https://cdn.shopify.com/s/files/1/0454/5845/6736/products/jig-articulado-bullet-vermelho.png?v=1675770613,kg,,,
jig-head-offset-articulado-bullet-ewg-vermelho,,,,,,,,,14g,,,1#,,,,,'40811308040814,14.0,shopify,0,deny,manual,4.07,,true,false,,,,,,,,,,,,,,,,,,,,,,,,,,,,https://cdn.shopify.com/s/files/1/0454/5845/6736/products/jig-articulado-bullet-vermelho.png?v=1675770613,kg,,,
jig-head-offset-articulado-bullet-ewg-vermelho,,,,,,,,,16g,,,1#,,,,,'40811308040816,16.0,shopify,0,deny,manual,4.07,,true,false,,,,,,,,,,,,,,,,,,,,,,,,,,,,https://cdn.shopify.com/s/files/1/0454/5845/6736/products/jig-articulado-bullet-vermelho.png?v=1675770613,kg,,,
jig-head-offset-articulado-bullet-ewg-vermelho,,,,,,,,,5g,,,1/0,,,,,'40811308040705,5.0,,-25,continue,manual,3.21,,true,false,,,,,,,,,,,,,,,,,,,,,,,,,,,,https://cdn.shopify.com/s/files/1/0454/5845/6736/products/jig-articulado-bullet-vermelho.png?v=1675770613,kg,,,
jig-head-offset-articulado-bullet-ewg-vermelho,,,,,,,,,7g,,,1/0,,,,,'40811308040707,7.0,,-50,continue,manual,3.21,,true,false,,,,,,,,,,,,,,,,,,,,,,,,,,,,https://cdn.shopify.com/s/files/1/0454/5845/6736/products/jig-articulado-bullet-vermelho.png?v=1675770613,kg,,,
jig-head-offset-articulado-bullet-ewg-vermelho,,,,,,,,,9g,,,1/0,,,,,'40811308040709,9.0,,0,continue,manual,3.21,,true,false,,,,,,,,,,,,,,,,,,,,,,,,,,,,https://cdn.shopify.com/s/files/1/0454/5845/6736/products/jig-articulado-bullet-vermelho.png?v=1675770613,kg,,,
jig-head-offset-articulado-bullet-ewg-vermelho,,,,,,,,,12g,,,1/0,,,,,'40811308040712,12.0,,0,continue,manual,4.07,,true,false,,,,,,,,,,,,,,,,,,,,,,,,,,,,https://cdn.shopify.com/s/files/1/0454/5845/6736/products/jig-articulado-bullet-vermelho.png?v=1675770613,kg,,,
jig-head-offset-articulado-bullet-ewg-vermelho,,,,,,,,,14g,,,1/0,,,,,'40811308040714,14.0,,0,continue,manual,4.07,,true,false,,,,,,,,,,,,,,,,,,,,,,,,,,,,https://cdn.shopify.com/s/files/1/0454/5845/6736/products/jig-articulado-bullet-vermelho.png?v=1675770613,kg,,,
jig-head-offset-articulado-bullet-ewg-vermelho,,,,,,,,,16g,,,1/0,,,,,'40811308040716,16.0,,0,continue,manual,4.07,,true,false,,,,,,,,,,,,,,,,,,,,,,,,,,,,https://cdn.shopify.com/s/files/1/0454/5845/6736/products/jig-articulado-bullet-vermelho.png?v=1675770613,kg,,,
jig-head-offset-articulado-bullet-ewg-vermelho,,,,,,,,,5g,,,2/0,,,,,'40811308040605,5.0,,-25,continue,manual,3.54,,true,false,,,,,,,,,,,,,,,,,,,,,,,,,,,,https://cdn.shopify.com/s/files/1/0454/5845/6736/products/jig-articulado-bullet-vermelho.png?v=1675770613,kg,,,
jig-head-offset-articulado-bullet-ewg-vermelho,,,,,,,,,7g,,,2/0,,,,,'40811308040607,7.0,,-2,continue,manual,3.54,,true,false,,,,,,,,,,,,,,,,,,,,,,,,,,,,https://cdn.shopify.com/s/files/1/0454/5845/6736/products/jig-articulado-bullet-vermelho.png?v=1675770613,kg,,,
jig-head-offset-articulado-bullet-ewg-vermelho,,,,,,,,,9g,,,2/0,,,,,'40811308040609,9.0,,-50,continue,manual,3.54,,true,false,,,,,,,,,,,,,,,,,,,,,,,,,,,,https://cdn.shopify.com/s/files/1/0454/5845/6736/products/jig-articulado-bullet-vermelho.png?v=1675770613,kg,,,
jig-head-offset-articulado-bullet-ewg-vermelho,,,,,,,,,12g,,,2/0,,,,,'40811308040612,12.0,,0,continue,manual,4.40,,true,false,,,,,,,,,,,,,,,,,,,,,,,,,,,,https://cdn.shopify.com/s/files/1/0454/5845/6736/products/jig-articulado-bullet-vermelho.png?v=1675770613,kg,,,
jig-head-offset-articulado-bullet-ewg-vermelho,,,,,,,,,14g,,,2/0,,,,,'40811308040614,14.0,,0,continue,manual,4.40,,true,false,,,,,,,,,,,,,,,,,,,,,,,,,,,,https://cdn.shopify.com/s/files/1/0454/5845/6736/products/jig-articulado-bullet-vermelho.png?v=1675770613,kg,,,
jig-head-offset-articulado-bullet-ewg-vermelho,,,,,,,,,16g,,,2/0,,,,,'40811308040616,16.0,,0,continue,manual,4.40,,true,false,,,,,,,,,,,,,,,,,,,,,,,,,,,,https://cdn.shopify.com/s/files/1/0454/5845/6736/products/jig-articulado-bullet-vermelho.png?v=1675770613,kg,,,
jig-head-offset-articulado-bullet-ewg-vermelho,,,,,,,,,5g,,,3/0,,,,,'40811308040505,5.0,,-57,continue,manual,3.75,,true,false,,,,,,,,,,,,,,,,,,,,,,,,,,,,https://cdn.shopify.com/s/files/1/0454/5845/6736/products/jig-articulado-bullet-vermelho.png?v=1675770613,kg,,,
jig-head-offset-articulado-bullet-ewg-vermelho,,,,,,,,,7g,,,3/0,,,,,'40811308040507,7.0,,0,continue,manual,3.75,,true,false,,,,,,,,,,,,,,,,,,,,,,,,,,,,https://cdn.shopify.com/s/files/1/0454/5845/6736/products/jig-articulado-bullet-vermelho.png?v=1675770613,kg,,,
jig-head-offset-articulado-bullet-ewg-vermelho,,,,,,,,,9g,,,3/0,,,,,'40811308040509,9.0,,-55,continue,manual,3.75,,true,false,,,,,,,,,,,,,,,,,,,,,,,,,,,,https://cdn.shopify.com/s/files/1/0454/5845/6736/products/jig-articulado-bullet-vermelho.png?v=1675770613,kg,,,
jig-head-offset-articulado-bullet-ewg-vermelho,,,,,,,,,12g,,,3/0,,,,,'40811308040512,12.0,,0,continue,manual,4.61,,true,false,,,,,,,,,,,,,,,,,,,,,,,,,,,,https://cdn.shopify.com/s/files/1/0454/5845/6736/products/jig-articulado-bullet-vermelho.png?v=1675770613,kg,,,
jig-head-offset-articulado-bullet-ewg-vermelho,,,,,,,,,14g,,,3/0,,,,,'40811308040514,14.0,,0,continue,manual,4.61,,true,false,,,,,,,,,,,,,,,,,,,,,,,,,,,,https://cdn.shopify.com/s/files/1/0454/5845/6736/products/jig-articulado-bullet-vermelho.png?v=1675770613,kg,,,
jig-head-offset-articulado-bullet-ewg-vermelho,,,,,,,,,16g,,,3/0,,,,,'40811308040516,16.0,,-23,continue,manual,4.61,,true,false,,,,,,,,,,,,,,,,,,,,,,,,,,,,https://cdn.shopify.com/s/files/1/0454/5845/6736/products/jig-articulado-bullet-vermelho.png?v=1675770613,kg,,,
jig-head-offset-articulado-bullet-ewg-vermelho,,,,,,,,,5g,,,4/0,,,,,'40811308040405,5.0,,-1,continue,manual,3.87,,true,false,,,,,,,,,,,,,,,,,,,,,,,,,,,,https://cdn.shopify.com/s/files/1/0454/5845/6736/products/jig-articulado-bullet-vermelho.png?v=1675770613,kg,,,
jig-head-offset-articulado-bullet-ewg-vermelho,,,,,,,,,7g,,,4/0,,,,,'40811308040407,7.0,,-5,continue,manual,3.87,,true,false,,,,,,,,,,,,,,,,,,,,,,,,,,,,https://cdn.shopify.com/s/files/1/0454/5845/6736/products/jig-articulado-bullet-vermelho.png?v=1675770613,kg,,,
jig-head-offset-articulado-bullet-ewg-vermelho,,,,,,,,,9g,,,4/0,,,,,'40811308040409,9.0,,0,continue,manual,3.87,,true,false,,,,,,,,,,,,,,,,,,,,,,,,,,,,https://cdn.shopify.com/s/files/1/0454/5845/6736/products/jig-articulado-bullet-vermelho.png?v=1675770613,kg,,,
jig-head-offset-articulado-bullet-ewg-vermelho,,,,,,,,,12g,,,4/0,,,,,'40811308040412,12.0,,-30,continue,manual,4.73,,true,false,,,,,,,,,,,,,,,,,,,,,,,,,,,,https://cdn.shopify.com/s/files/1/0454/5845/6736/products/jig-articulado-bullet-vermelho.png?v=1675770613,kg,,,
jig-head-offset-articulado-bullet-ewg-vermelho,,,,,,,,,14g,,,4/0,,,,,'40811308040414,14.0,,-5,continue,manual,4.73,,true,false,,,,,,,,,,,,,,,,,,,,,,,,,,,,https://cdn.shopify.com/s/files/1/0454/5845/6736/products/jig-articulado-bullet-vermelho.png?v=1675770613,kg,,,
jig-head-offset-articulado-bullet-ewg-vermelho,,,,,,,,,16g,,,4/0,,,,,'40811308040416,16.0,,-1,continue,manual,4.73,,true,false,,,,,,,,,,,,,,,,,,,,,,,,,,,,https://cdn.shopify.com/s/files/1/0454/5845/6736/products/jig-articulado-bullet-vermelho.png?v=1675770613,kg,,,
jig-head-offset-articulado-bullet-ewg-vermelho,,,,,,,,,5g,,,5/0,,,,,'40811308040305,5.0,,-30,continue,manual,4.11,,true,false,,,,,,,,,,,,,,,,,,,,,,,,,,,,https://cdn.shopify.com/s/files/1/0454/5845/6736/products/jig-articulado-bullet-vermelho.png?v=1675770613,kg,,,
jig-head-offset-articulado-bullet-ewg-vermelho,,,,,,,,,7g,,,5/0,,,,,'40811308040307,7.0,,0,continue,manual,4.11,,true,false,,,,,,,,,,,,,,,,,,,,,,,,,,,,https://cdn.shopify.com/s/files/1/0454/5845/6736/products/jig-articulado-bullet-vermelho.png?v=1675770613,kg,,,
jig-head-offset-articulado-bullet-ewg-vermelho,,,,,,,,,9g,,,5/0,,,,,'40811308040309,9.0,,-15,continue,manual,4.11,,true,false,,,,,,,,,,,,,,,,,,,,,,,,,,,,https://cdn.shopify.com/s/files/1/0454/5845/6736/products/jig-articulado-bullet-vermelho.png?v=1675770613,kg,,,
jig-head-offset-articulado-bullet-ewg-vermelho,,,,,,,,,12g,,,5/0,,,,,'40811308040312,12.0,,-5,continue,manual,4.97,,true,false,,,,,,,,,,,,,,,,,,,,,,,,,,,,https://cdn.shopify.com/s/files/1/0454/5845/6736/products/jig-articulado-bullet-vermelho.png?v=1675770613,kg,,,
jig-head-offset-articulado-bullet-ewg-vermelho,,,,,,,,,14g,,,5/0,,,,,'40811308040314,14.0,,-5,continue,manual,4.97,,true,false,,,,,,,,,,,,,,,,,,,,,,,,,,,,https://cdn.shopify.com/s/files/1/0454/5845/6736/products/jig-articulado-bullet-vermelho.png?v=1675770613,kg,,,
jig-head-offset-articulado-bullet-ewg-vermelho,,,,,,,,,16g,,,5/0,,,,,'40811308040316,16.0,,-25,continue,manual,4.97,,true,false,,,,,,,,,,,,,,,,,,,,,,,,,,,,https://cdn.shopify.com/s/files/1/0454/5845/6736/products/jig-articulado-bullet-vermelho.png?v=1675770613,kg,,,
jig-head-offset-articulado-bullet-ewg-vermelho,,,,,,,,,5g,,,6/0,,,,,'40811308040205,5.0,,0,continue,manual,4.29,,true,false,,,,,,,,,,,,,,,,,,,,,,,,,,,,https://cdn.shopify.com/s/files/1/0454/5845/6736/products/jig-articulado-bullet-vermelho.png?v=1675770613,kg,,,
jig-head-offset-articulado-bullet-ewg-vermelho,,,,,,,,,7g,,,6/0,,,,,'40811308040207,7.0,,0,continue,manual,4.29,,true,false,,,,,,,,,,,,,,,,,,,,,,,,,,,,https://cdn.shopify.com/s/files/1/0454/5845/6736/products/jig-articulado-bullet-vermelho.png?v=1675770613,kg,,,
jig-head-offset-articulado-bullet-ewg-vermelho,,,,,,,,,9g,,,6/0,,,,,'40811308040209,9.0,,0,continue,manual,4.29,,true,false,,,,,,,,,,,,,,,,,,,,,,,,,,,,https://cdn.shopify.com/s/files/1/0454/5845/6736/products/jig-articulado-bullet-vermelho.png?v=1675770613,kg,,,
jig-head-offset-articulado-bullet-ewg-vermelho,,,,,,,,,12g,,,6/0,,,,,'40811308040212,12.0,,-20,continue,manual,5.15,,true,false,,,,,,,,,,,,,,,,,,,,,,,,,,,,https://cdn.shopify.com/s/files/1/0454/5845/6736/products/jig-articulado-bullet-vermelho.png?v=1675770613,kg,,,
jig-head-offset-articulado-bullet-ewg-vermelho,,,,,,,,,14g,,,6/0,,,,,'40811308040214,14.0,,-20,continue,manual,5.15,,true,false,,,,,,,,,,,,,,,,,,,,,,,,,,,,https://cdn.shopify.com/s/files/1/0454/5845/6736/products/jig-articulado-bullet-vermelho.png?v=1675770613,kg,,,
jig-head-offset-articulado-bullet-ewg-vermelho,,,,,,,,,16g,,,6/0,,,,,'40811308040216,16.0,,0,continue,manual,5.15,,true,false,,,,,,,,,,,,,,,,,,,,,,,,,,,,https://cdn.shopify.com/s/files/1/0454/5845/6736/products/jig-articulado-bullet-vermelho.png?v=1675770613,kg,,,
jig-head-offset-articulado-bullet-ewg-vermelho,,,,,,,,,5g,,,7/0,,,,,'40811308040105,5.0,shopify,0,deny,manual,4.46,,true,false,,,,,,,,,,,,,,,,,,,,,,,,,,,,https://cdn.shopify.com/s/files/1/0454/5845/6736/products/jig-articulado-bullet-vermelho.png?v=1675770613,kg,,,
jig-head-offset-articulado-bullet-ewg-vermelho,,,,,,,,,7g,,,7/0,,,,,'40811308040107,7.0,shopify,0,deny,manual,4.46,,true,false,,,,,,,,,,,,,,,,,,,,,,,,,,,,https://cdn.shopify.com/s/files/1/0454/5845/6736/products/jig-articulado-bullet-vermelho.png?v=1675770613,kg,,,
jig-head-offset-articulado-bullet-ewg-vermelho,,,,,,,,,9g,,,7/0,,,,,'40811308040109,9.0,shopify,0,deny,manual,4.46,,true,false,,,,,,,,,,,,,,,,,,,,,,,,,,,,https://cdn.shopify.com/s/files/1/0454/5845/6736/products/jig-articulado-bullet-vermelho.png?v=1675770613,kg,,,
jig-head-offset-articulado-bullet-ewg-vermelho,,,,,,,,,12g,,,7/0,,,,,'40811308040112,12.0,shopify,0,deny,manual,5.32,,true,false,,,,,,,,,,,,,,,,,,,,,,,,,,,,https://cdn.shopify.com/s/files/1/0454/5845/6736/products/jig-articulado-bullet-vermelho.png?v=1675770613,kg,,,
jig-head-offset-articulado-bullet-ewg-vermelho,,,,,,,,,14g,,,7/0,,,,,'40811308040114,14.0,shopify,0,deny,manual,5.32,,true,false,,,,,,,,,,,,,,,,,,,,,,,,,,,,https://cdn.shopify.com/s/files/1/0454/5845/6736/products/jig-articulado-bullet-vermelho.png?v=1675770613,kg,,,
jig-head-offset-articulado-bullet-ewg-vermelho,,,,,,,,,16g,,,7/0,,,,,'40811308040116,16.0,shopify,-5,deny,manual,5.32,,true,false,,,,,,,,,,,,,,,,,,,,,,,,,,,,https://cdn.shopify.com/s/files/1/0454/5845/6736/products/jig-articulado-bullet-vermelho.png?v=1675770613,kg,,,
jig-head-offset-articulado-cafe-ewg-amarelo,Anzol Jig Head Offset Articulada Café EWG Amarela,"<p>O <b>Jig Head Offset EWG Articulado Café</b> chegou para quem busca versatilidade, ação natural e eficiência na pescaria.<br><br>Por ser articulado, o chumbo fica separado do anzol, permitindo que a isca trabalhe com muito mais liberdade e naturalidade, independente do peso utilizado. Isso deixa o nado mais realista e aumenta as chances de ataque.<br><br>O modelo <b>Café</b> é excelente para trabalhar próximo a estruturas, pedras, galhadas e fundos com enroscos, pois seu formato ajuda a passar melhor pelos obstáculos, reduzindo travamentos durante o trabalho da isca.<br><br>O ideal é utilizar o <b>Jig Head Offset EWG Articulado Café</b> com as iscas da <b>Chumbada Oficial</b>, que são iscas <b>floating</b>. Essa combinação proporciona um trabalho ainda mais natural, fazendo com que a isca consiga se movimentar mesmo sem ação direta do pescador, trabalhando sozinha com o próprio movimento da correnteza, da água ou da maré.<br><br>Disponível em uma grande variedade de combinações:<br><br>🎣 Anzóis do <b>#2 ao 7/0</b><br>⚖️ Pesos de <b>3g a 16g</b><br><br>Peça na loja de pesca mais próxima de você ou encomende com seu lojista de confiança.<br><br><b>Chumbada Oficial — empresa certificada CETESB e IBAMA.</b></p>",Chumbada Oficial,Sem categoria,"","Amarela, Articulado, Cafe, Chumbada, Colorido, EWG, Jig Head, Jig Head Offset Articulado Cafe EWG, Offset, Todos",true,Peso,5g,,Tamanho do Anzol,2#,,,,,'40821308060905,5.0,,-20,continue,manual,3.21,,true,false,,,,,,https://cdn.shopify.com/s/files/1/0454/5845/6736/products/Jig-Head-Articulado-Cafe-amarelo.png?v=1676298126,1,Chumbada Jig Head Offser Articulada EWG Amarela,false,,,,,,,,,,,,,,,,,,,https://cdn.shopify.com/s/files/1/0454/5845/6736/products/Jig-Head-Articulado-Cafe-amarelo.png?v=1676298126,kg,,,active
jig-head-offset-articulado-cafe-ewg-amarelo,,,,,,,,,7g,,,2#,,,,,'40821308060907,7.0,,0,continue,manual,3.21,,true,false,,,,,,https://cdn.shopify.com/s/files/1/0454/5845/6736/products/Jig-Head-Articulado-Cafe-amarelo_2f9d5167-28df-42dc-a695-f9454fd829ea.png?v=1677779544,2,"",,,,,,,,,,,,,,,,,,,,https://cdn.shopify.com/s/files/1/0454/5845/6736/products/Jig-Head-Articulado-Cafe-amarelo.png?v=1676298126,kg,,,
jig-head-offset-articulado-cafe-ewg-amarelo,,,,,,,,,9g,,,2#,,,,,'40821308060909,9.0,,0,continue,manual,3.21,,true,false,,,,,,,,,,,,,,,,,,,,,,,,,,,,https://cdn.shopify.com/s/files/1/0454/5845/6736/products/Jig-Head-Articulado-Cafe-amarelo.png?v=1676298126,kg,,,
jig-head-offset-articulado-cafe-ewg-amarelo,,,,,,,,,12g,,,2#,,,,,'40821308060912,12.0,,0,continue,manual,4.07,,true,false,,,,,,,,,,,,,,,,,,,,,,,,,,,,https://cdn.shopify.com/s/files/1/0454/5845/6736/products/Jig-Head-Articulado-Cafe-amarelo.png?v=1676298126,kg,,,
jig-head-offset-articulado-cafe-ewg-amarelo,,,,,,,,,14g,,,2#,,,,,'40821308060914,14.0,,0,continue,manual,4.07,,true,false,,,,,,,,,,,,,,,,,,,,,,,,,,,,https://cdn.shopify.com/s/files/1/0454/5845/6736/products/Jig-Head-Articulado-Cafe-amarelo.png?v=1676298126,kg,,,
jig-head-offset-articulado-cafe-ewg-amarelo,,,,,,,,,16g,,,2#,,,,,'40821308060916,16.0,,0,continue,manual,4.07,,true,false,,,,,,,,,,,,,,,,,,,,,,,,,,,,https://cdn.shopify.com/s/files/1/0454/5845/6736/products/Jig-Head-Articulado-Cafe-amarelo.png?v=1676298126,kg,,,
jig-head-offset-articulado-cafe-ewg-amarelo,,,,,,,,,5g,,,1#,,,,,'40821308060805,5.0,shopify,-3,deny,manual,3.21,,true,false,,,,,,,,,,,,,,,,,,,,,,,,,,,,https://cdn.shopify.com/s/files/1/0454/5845/6736/products/Jig-Head-Articulado-Cafe-amarelo.png?v=1676298126,kg,,,
jig-head-offset-articulado-cafe-ewg-amarelo,,,,,,,,,7g,,,1#,,,,,'40821308060807,7.0,shopify,0,deny,manual,3.21,,true,false,,,,,,,,,,,,,,,,,,,,,,,,,,,,https://cdn.shopify.com/s/files/1/0454/5845/6736/products/Jig-Head-Articulado-Cafe-amarelo.png?v=1676298126,kg,,,
jig-head-offset-articulado-cafe-ewg-amarelo,,,,,,,,,9g,,,1#,,,,,'40821308060809,9.0,shopify,0,deny,manual,3.21,,true,false,,,,,,,,,,,,,,,,,,,,,,,,,,,,https://cdn.shopify.com/s/files/1/0454/5845/6736/products/Jig-Head-Articulado-Cafe-amarelo.png?v=1676298126,kg,,,
jig-head-offset-articulado-cafe-ewg-amarelo,,,,,,,,,12g,,,1#,,,,,'40821308060812,12.0,shopify,0,deny,manual,4.07,,true,false,,,,,,,,,,,,,,,,,,,,,,,,,,,,https://cdn.shopify.com/s/files/1/0454/5845/6736/products/Jig-Head-Articulado-Cafe-amarelo.png?v=1676298126,kg,,,
jig-head-offset-articulado-cafe-ewg-amarelo,,,,,,,,,14g,,,1#,,,,,'40821308060814,14.0,shopify,0,deny,manual,4.07,,true,false,,,,,,,,,,,,,,,,,,,,,,,,,,,,https://cdn.shopify.com/s/files/1/0454/5845/6736/products/Jig-Head-Articulado-Cafe-amarelo.png?v=1676298126,kg,,,
jig-head-offset-articulado-cafe-ewg-amarelo,,,,,,,,,16g,,,1#,,,,,'40821308060816,16.0,shopify,0,deny,manual,4.07,,true,false,,,,,,,,,,,,,,,,,,,,,,,,,,,,https://cdn.shopify.com/s/files/1/0454/5845/6736/products/Jig-Head-Articulado-Cafe-amarelo.png?v=1676298126,kg,,,
jig-head-offset-articulado-cafe-ewg-amarelo,,,,,,,,,5g,,,1/0,,,,,'40821308060705,5.0,,-6,continue,manual,3.21,,true,false,,,,,,,,,,,,,,,,,,,,,,,,,,,,https://cdn.shopify.com/s/files/1/0454/5845/6736/products/Jig-Head-Articulado-Cafe-amarelo.png?v=1676298126,kg,,,
jig-head-offset-articulado-cafe-ewg-amarelo,,,,,,,,,7g,,,1/0,,,,,'40821308060707,7.0,,-3,continue,manual,3.21,,true,false,,,,,,,,,,,,,,,,,,,,,,,,,,,,https://cdn.shopify.com/s/files/1/0454/5845/6736/products/Jig-Head-Articulado-Cafe-amarelo.png?v=1676298126,kg,,,
jig-head-offset-articulado-cafe-ewg-amarelo,,,,,,,,,9g,,,1/0,,,,,'40821308060709,9.0,,-4,continue,manual,3.21,,true,false,,,,,,,,,,,,,,,,,,,,,,,,,,,,https://cdn.shopify.com/s/files/1/0454/5845/6736/products/Jig-Head-Articulado-Cafe-amarelo.png?v=1676298126,kg,,,
jig-head-offset-articulado-cafe-ewg-amarelo,,,,,,,,,12g,,,1/0,,,,,'40821308060712,12.0,,-4,continue,manual,4.07,,true,false,,,,,,,,,,,,,,,,,,,,,,,,,,,,https://cdn.shopify.com/s/files/1/0454/5845/6736/products/Jig-Head-Articulado-Cafe-amarelo.png?v=1676298126,kg,,,
jig-head-offset-articulado-cafe-ewg-amarelo,,,,,,,,,14g,,,1/0,,,,,'40821308060714,14.0,,0,continue,manual,4.07,,true,false,,,,,,,,,,,,,,,,,,,,,,,,,,,,https://cdn.shopify.com/s/files/1/0454/5845/6736/products/Jig-Head-Articulado-Cafe-amarelo.png?v=1676298126,kg,,,
jig-head-offset-articulado-cafe-ewg-amarelo,,,,,,,,,16g,,,1/0,,,,,'40821308060716,16.0,,0,continue,manual,4.07,,true,false,,,,,,,,,,,,,,,,,,,,,,,,,,,,https://cdn.shopify.com/s/files/1/0454/5845/6736/products/Jig-Head-Articulado-Cafe-amarelo.png?v=1676298126,kg,,,
jig-head-offset-articulado-cafe-ewg-amarelo,,,,,,,,,5g,,,2/0,,,,,'40821308060605,5.0,,0,continue,manual,3.54,,true,false,,,,,,,,,,,,,,,,,,,,,,,,,,,,https://cdn.shopify.com/s/files/1/0454/5845/6736/products/Jig-Head-Articulado-Cafe-amarelo.png?v=1676298126,kg,,,
jig-head-offset-articulado-cafe-ewg-amarelo,,,,,,,,,7g,,,2/0,,,,,'40821308060607,7.0,,-3,continue,manual,3.54,,true,false,,,,,,,,,,,,,,,,,,,,,,,,,,,,https://cdn.shopify.com/s/files/1/0454/5845/6736/products/Jig-Head-Articulado-Cafe-amarelo.png?v=1676298126,kg,,,
jig-head-offset-articulado-cafe-ewg-amarelo,,,,,,,,,9g,,,2/0,,,,,'40821308060609,9.0,,0,continue,manual,3.54,,true,false,,,,,,,,,,,,,,,,,,,,,,,,,,,,https://cdn.shopify.com/s/files/1/0454/5845/6736/products/Jig-Head-Articulado-Cafe-amarelo.png?v=1676298126,kg,,,
jig-head-offset-articulado-cafe-ewg-amarelo,,,,,,,,,12g,,,2/0,,,,,'40821308060612,12.0,,0,continue,manual,4.40,,true,false,,,,,,,,,,,,,,,,,,,,,,,,,,,,https://cdn.shopify.com/s/files/1/0454/5845/6736/products/Jig-Head-Articulado-Cafe-amarelo.png?v=1676298126,kg,,,
jig-head-offset-articulado-cafe-ewg-amarelo,,,,,,,,,14g,,,2/0,,,,,'40821308060614,14.0,,0,continue,manual,4.40,,true,false,,,,,,,,,,,,,,,,,,,,,,,,,,,,https://cdn.shopify.com/s/files/1/0454/5845/6736/products/Jig-Head-Articulado-Cafe-amarelo.png?v=1676298126,kg,,,
jig-head-offset-articulado-cafe-ewg-amarelo,,,,,,,,,16g,,,2/0,,,,,'40821308060616,16.0,,0,continue,manual,4.40,,true,false,,,,,,,,,,,,,,,,,,,,,,,,,,,,https://cdn.shopify.com/s/files/1/0454/5845/6736/products/Jig-Head-Articulado-Cafe-amarelo.png?v=1676298126,kg,,,
jig-head-offset-articulado-cafe-ewg-amarelo,,,,,,,,,5g,,,3/0,,,,,'40821308060505,5.0,,0,continue,manual,3.75,,true,false,,,,,,,,,,,,,,,,,,,,,,,,,,,,https://cdn.shopify.com/s/files/1/0454/5845/6736/products/Jig-Head-Articulado-Cafe-amarelo.png?v=1676298126,kg,,,
jig-head-offset-articulado-cafe-ewg-amarelo,,,,,,,,,7g,,,3/0,,,,,'40821308060507,7.0,,0,continue,manual,3.75,,true,false,,,,,,,,,,,,,,,,,,,,,,,,,,,,https://cdn.shopify.com/s/files/1/0454/5845/6736/products/Jig-Head-Articulado-Cafe-amarelo.png?v=1676298126,kg,,,
jig-head-offset-articulado-cafe-ewg-amarelo,,,,,,,,,9g,,,3/0,,,,,'40821308060509,9.0,,0,continue,manual,3.75,,true,false,,,,,,,,,,,,,,,,,,,,,,,,,,,,https://cdn.shopify.com/s/files/1/0454/5845/6736/products/Jig-Head-Articulado-Cafe-amarelo.png?v=1676298126,kg,,,
jig-head-offset-articulado-cafe-ewg-amarelo,,,,,,,,,12g,,,3/0,,,,,'40821308060512,12.0,,0,continue,manual,4.61,,true,false,,,,,,,,,,,,,,,,,,,,,,,,,,,,https://cdn.shopify.com/s/files/1/0454/5845/6736/products/Jig-Head-Articulado-Cafe-amarelo.png?v=1676298126,kg,,,
jig-head-offset-articulado-cafe-ewg-amarelo,,,,,,,,,14g,,,3/0,,,,,'40821308060514,14.0,,0,continue,manual,4.61,,true,false,,,,,,,,,,,,,,,,,,,,,,,,,,,,https://cdn.shopify.com/s/files/1/0454/5845/6736/products/Jig-Head-Articulado-Cafe-amarelo.png?v=1676298126,kg,,,
jig-head-offset-articulado-cafe-ewg-amarelo,,,,,,,,,16g,,,3/0,,,,,'40821308060516,16.0,,-3,continue,manual,4.61,,true,false,,,,,,,,,,,,,,,,,,,,,,,,,,,,https://cdn.shopify.com/s/files/1/0454/5845/6736/products/Jig-Head-Articulado-Cafe-amarelo.png?v=1676298126,kg,,,
jig-head-offset-articulado-cafe-ewg-amarelo,,,,,,,,,5g,,,4/0,,,,,'40821308060405,5.0,,-1,continue,manual,3.87,,true,false,,,,,,,,,,,,,,,,,,,,,,,,,,,,https://cdn.shopify.com/s/files/1/0454/5845/6736/products/Jig-Head-Articulado-Cafe-amarelo.png?v=1676298126,kg,,,
jig-head-offset-articulado-cafe-ewg-amarelo,,,,,,,,,7g,,,4/0,,,,,'40821308060407,7.0,,0,continue,manual,3.87,,true,false,,,,,,,,,,,,,,,,,,,,,,,,,,,,https://cdn.shopify.com/s/files/1/0454/5845/6736/products/Jig-Head-Articulado-Cafe-amarelo.png?v=1676298126,kg,,,
jig-head-offset-articulado-cafe-ewg-amarelo,,,,,,,,,9g,,,4/0,,,,,'40821308060409,9.0,,0,continue,manual,3.87,,true,false,,,,,,,,,,,,,,,,,,,,,,,,,,,,https://cdn.shopify.com/s/files/1/0454/5845/6736/products/Jig-Head-Articulado-Cafe-amarelo.png?v=1676298126,kg,,,
jig-head-offset-articulado-cafe-ewg-amarelo,,,,,,,,,12g,,,4/0,,,,,'40821308060412,12.0,,0,continue,manual,4.73,,true,false,,,,,,,,,,,,,,,,,,,,,,,,,,,,https://cdn.shopify.com/s/files/1/0454/5845/6736/products/Jig-Head-Articulado-Cafe-amarelo.png?v=1676298126,kg,,,
jig-head-offset-articulado-cafe-ewg-amarelo,,,,,,,,,14g,,,4/0,,,,,'40821308060414,14.0,,0,continue,manual,4.73,,true,false,,,,,,,,,,,,,,,,,,,,,,,,,,,,https://cdn.shopify.com/s/files/1/0454/5845/6736/products/Jig-Head-Articulado-Cafe-amarelo.png?v=1676298126,kg,,,
jig-head-offset-articulado-cafe-ewg-amarelo,,,,,,,,,16g,,,4/0,,,,,'40821308060416,16.0,,0,continue,manual,4.73,,true,false,,,,,,,,,,,,,,,,,,,,,,,,,,,,https://cdn.shopify.com/s/files/1/0454/5845/6736/products/Jig-Head-Articulado-Cafe-amarelo.png?v=1676298126,kg,,,
jig-head-offset-articulado-cafe-ewg-amarelo,,,,,,,,,5g,,,5/0,,,,,'40821308060305,5.0,,0,continue,manual,4.11,,true,false,,,,,,,,,,,,,,,,,,,,,,,,,,,,https://cdn.shopify.com/s/files/1/0454/5845/6736/products/Jig-Head-Articulado-Cafe-amarelo.png?v=1676298126,kg,,,
jig-head-offset-articulado-cafe-ewg-amarelo,,,,,,,,,7g,,,5/0,,,,,'40821308060307,7.0,,0,continue,manual,4.11,,true,false,,,,,,,,,,,,,,,,,,,,,,,,,,,,https://cdn.shopify.com/s/files/1/0454/5845/6736/products/Jig-Head-Articulado-Cafe-amarelo.png?v=1676298126,kg,,,
jig-head-offset-articulado-cafe-ewg-amarelo,,,,,,,,,9g,,,5/0,,,,,'40821308060309,9.0,,0,continue,manual,4.11,,true,false,,,,,,,,,,,,,,,,,,,,,,,,,,,,https://cdn.shopify.com/s/files/1/0454/5845/6736/products/Jig-Head-Articulado-Cafe-amarelo.png?v=1676298126,kg,,,
jig-head-offset-articulado-cafe-ewg-amarelo,,,,,,,,,12g,,,5/0,,,,,'40821308060312,12.0,,0,continue,manual,4.97,,true,false,,,,,,,,,,,,,,,,,,,,,,,,,,,,https://cdn.shopify.com/s/files/1/0454/5845/6736/products/Jig-Head-Articulado-Cafe-amarelo.png?v=1676298126,kg,,,
jig-head-offset-articulado-cafe-ewg-amarelo,,,,,,,,,14g,,,5/0,,,,,'40821308060314,14.0,,0,continue,manual,4.97,,true,false,,,,,,,,,,,,,,,,,,,,,,,,,,,,https://cdn.shopify.com/s/files/1/0454/5845/6736/products/Jig-Head-Articulado-Cafe-amarelo.png?v=1676298126,kg,,,
jig-head-offset-articulado-cafe-ewg-amarelo,,,,,,,,,16g,,,5/0,,,,,'40821308060316,16.0,,0,continue,manual,4.97,,true,false,,,,,,,,,,,,,,,,,,,,,,,,,,,,https://cdn.shopify.com/s/files/1/0454/5845/6736/products/Jig-Head-Articulado-Cafe-amarelo.png?v=1676298126,kg,,,
jig-head-offset-articulado-cafe-ewg-amarelo,,,,,,,,,5g,,,6/0,,,,,'40821308060205,5.0,,0,continue,manual,4.29,,true,false,,,,,,,,,,,,,,,,,,,,,,,,,,,,https://cdn.shopify.com/s/files/1/0454/5845/6736/products/Jig-Head-Articulado-Cafe-amarelo.png?v=1676298126,kg,,,
jig-head-offset-articulado-cafe-ewg-amarelo,,,,,,,,,7g,,,6/0,,,,,'40821308060207,7.0,,0,continue,manual,4.29,,true,false,,,,,,,,,,,,,,,,,,,,,,,,,,,,https://cdn.shopify.com/s/files/1/0454/5845/6736/products/Jig-Head-Articulado-Cafe-amarelo.png?v=1676298126,kg,,,
jig-head-offset-articulado-cafe-ewg-amarelo,,,,,,,,,9g,,,6/0,,,,,'40821308060209,9.0,,0,continue,manual,4.29,,true,false,,,,,,,,,,,,,,,,,,,,,,,,,,,,https://cdn.shopify.com/s/files/1/0454/5845/6736/products/Jig-Head-Articulado-Cafe-amarelo.png?v=1676298126,kg,,,
jig-head-offset-articulado-cafe-ewg-amarelo,,,,,,,,,12g,,,6/0,,,,,'40821308060212,12.0,,0,continue,manual,5.15,,true,false,,,,,,,,,,,,,,,,,,,,,,,,,,,,https://cdn.shopify.com/s/files/1/0454/5845/6736/products/Jig-Head-Articulado-Cafe-amarelo.png?v=1676298126,kg,,,
jig-head-offset-articulado-cafe-ewg-amarelo,,,,,,,,,14g,,,6/0,,,,,'40821308060214,14.0,,0,continue,manual,5.15,,true,false,,,,,,,,,,,,,,,,,,,,,,,,,,,,https://cdn.shopify.com/s/files/1/0454/5845/6736/products/Jig-Head-Articulado-Cafe-amarelo.png?v=1676298126,kg,,,
jig-head-offset-articulado-cafe-ewg-amarelo,,,,,,,,,16g,,,6/0,,,,,'40821308060216,16.0,,0,continue,manual,5.15,,true,false,,,,,,,,,,,,,,,,,,,,,,,,,,,,https://cdn.shopify.com/s/files/1/0454/5845/6736/products/Jig-Head-Articulado-Cafe-amarelo.png?v=1676298126,kg,,,
jig-head-offset-articulado-cafe-ewg-amarelo,,,,,,,,,5g,,,7/0,,,,,'40821308060105,5.0,shopify,0,deny,manual,4.46,,true,false,,,,,,,,,,,,,,,,,,,,,,,,,,,,https://cdn.shopify.com/s/files/1/0454/5845/6736/products/Jig-Head-Articulado-Cafe-amarelo.png?v=1676298126,kg,,,
jig-head-offset-articulado-cafe-ewg-amarelo,,,,,,,,,7g,,,7/0,,,,,'40821308060107,7.0,shopify,0,deny,manual,4.46,,true,false,,,,,,,,,,,,,,,,,,,,,,,,,,,,https://cdn.shopify.com/s/files/1/0454/5845/6736/products/Jig-Head-Articulado-Cafe-amarelo.png?v=1676298126,kg,,,
jig-head-offset-articulado-cafe-ewg-amarelo,,,,,,,,,9g,,,7/0,,,,,'40821308060109,9.0,shopify,0,deny,manual,4.46,,true,false,,,,,,,,,,,,,,,,,,,,,,,,,,,,https://cdn.shopify.com/s/files/1/0454/5845/6736/products/Jig-Head-Articulado-Cafe-amarelo.png?v=1676298126,kg,,,
jig-head-offset-articulado-cafe-ewg-amarelo,,,,,,,,,12g,,,7/0,,,,,'40821308060112,12.0,shopify,0,deny,manual,5.32,,true,false,,,,,,,,,,,,,,,,,,,,,,,,,,,,https://cdn.shopify.com/s/files/1/0454/5845/6736/products/Jig-Head-Articulado-Cafe-amarelo.png?v=1676298126,kg,,,
jig-head-offset-articulado-cafe-ewg-amarelo,,,,,,,,,14g,,,7/0,,,,,'40821308060114,14.0,shopify,0,deny,manual,5.32,,true,false,,,,,,,,,,,,,,,,,,,,,,,,,,,,https://cdn.shopify.com/s/files/1/0454/5845/6736/products/Jig-Head-Articulado-Cafe-amarelo.png?v=1676298126,kg,,,
jig-head-offset-articulado-cafe-ewg-amarelo,,,,,,,,,16g,,,7/0,,,,,'40821308060116,16.0,shopify,0,deny,manual,5.32,,true,false,,,,,,,,,,,,,,,,,,,,,,,,,,,,https://cdn.shopify.com/s/files/1/0454/5845/6736/products/Jig-Head-Articulado-Cafe-amarelo.png?v=1676298126,kg,,,
jig-head-offset-articulado-cafe-ewg-laranja,Anzol Jig Head Offset Articulada Café EWG Laranja,"<p>O <b>Jig Head Offset EWG Articulado Café</b> chegou para quem busca versatilidade, ação natural e eficiência na pescaria.<br><br>Por ser articulado, o chumbo fica separado do anzol, permitindo que a isca trabalhe com muito mais liberdade e naturalidade, independente do peso utilizado. Isso deixa o nado mais realista e aumenta as chances de ataque.<br><br>O modelo <b>Café</b> é excelente para trabalhar próximo a estruturas, pedras, galhadas e fundos com enroscos, pois seu formato ajuda a passar melhor pelos obstáculos, reduzindo travamentos durante o trabalho da isca.<br><br>O ideal é utilizar o <b>Jig Head Offset EWG Articulado Café</b> com as iscas da <b>Chumbada Oficial</b>, que são iscas <b>floating</b>. Essa combinação proporciona um trabalho ainda mais natural, fazendo com que a isca consiga se movimentar mesmo sem ação direta do pescador, trabalhando sozinha com o próprio movimento da correnteza, da água ou da maré.<br><br>Disponível em uma grande variedade de combinações:<br><br>🎣 Anzóis do <b>#2 ao 7/0</b><br>⚖️ Pesos de <b>3g a 16g</b><br><br>Peça na loja de pesca mais próxima de você ou encomende com seu lojista de confiança.<br><br><b>Chumbada Oficial — empresa certificada CETESB e IBAMA.</b></p>",Chumbada Oficial,Sem categoria,"","Articulado, Cafe, Chumbada, Colorido, EWG, Jig Head, Jig Head Offset Articulado Cafe EWG, Laranja, Offset, Todos",true,Peso,5g,,Tamanho do Anzol,2#,,,,,'40821308050905,5.0,,0,continue,manual,3.21,,true,false,,,,,,https://cdn.shopify.com/s/files/1/0454/5845/6736/products/Jig-Head-Articulado-Cafe-laranja.png?v=1676298171,1,Chumbada Jig Head Offser Articulada EWG Laranja,false,,,,,,,,,,,,,,,,,,,https://cdn.shopify.com/s/files/1/0454/5845/6736/products/Jig-Head-Articulado-Cafe-laranja.png?v=1676298171,kg,,,active
jig-head-offset-articulado-cafe-ewg-laranja,,,,,,,,,7g,,,2#,,,,,'40821308050907,7.0,,0,continue,manual,3.21,,true,false,,,,,,https://cdn.shopify.com/s/files/1/0454/5845/6736/products/Jig-Head-Articulado-Cafe-laranja_e7c74dcc-54b1-4e1a-8dde-3962f6dc4f84.png?v=1677779514,2,"",,,,,,,,,,,,,,,,,,,,https://cdn.shopify.com/s/files/1/0454/5845/6736/products/Jig-Head-Articulado-Cafe-laranja.png?v=1676298171,kg,,,
jig-head-offset-articulado-cafe-ewg-laranja,,,,,,,,,9g,,,2#,,,,,'40821308050909,9.0,,-5,continue,manual,3.21,,true,false,,,,,,,,,,,,,,,,,,,,,,,,,,,,https://cdn.shopify.com/s/files/1/0454/5845/6736/products/Jig-Head-Articulado-Cafe-laranja.png?v=1676298171,kg,,,
jig-head-offset-articulado-cafe-ewg-laranja,,,,,,,,,12g,,,2#,,,,,'40821308050912,12.0,,0,continue,manual,4.07,,true,false,,,,,,,,,,,,,,,,,,,,,,,,,,,,https://cdn.shopify.com/s/files/1/0454/5845/6736/products/Jig-Head-Articulado-Cafe-laranja.png?v=1676298171,kg,,,
jig-head-offset-articulado-cafe-ewg-laranja,,,,,,,,,14g,,,2#,,,,,'40821308050914,14.0,,0,continue,manual,4.07,,true,false,,,,,,,,,,,,,,,,,,,,,,,,,,,,https://cdn.shopify.com/s/files/1/0454/5845/6736/products/Jig-Head-Articulado-Cafe-laranja.png?v=1676298171,kg,,,
jig-head-offset-articulado-cafe-ewg-laranja,,,,,,,,,16g,,,2#,,,,,'40821308050916,16.0,,0,continue,manual,4.07,,true,false,,,,,,,,,,,,,,,,,,,,,,,,,,,,https://cdn.shopify.com/s/files/1/0454/5845/6736/products/Jig-Head-Articulado-Cafe-laranja.png?v=1676298171,kg,,,
jig-head-offset-articulado-cafe-ewg-laranja,,,,,,,,,5g,,,1#,,,,,'40821308050805,5.0,shopify,0,deny,manual,3.21,,true,false,,,,,,,,,,,,,,,,,,,,,,,,,,,,https://cdn.shopify.com/s/files/1/0454/5845/6736/products/Jig-Head-Articulado-Cafe-laranja.png?v=1676298171,kg,,,
jig-head-offset-articulado-cafe-ewg-laranja,,,,,,,,,7g,,,1#,,,,,'40821308050807,7.0,shopify,0,deny,manual,3.21,,true,false,,,,,,,,,,,,,,,,,,,,,,,,,,,,https://cdn.shopify.com/s/files/1/0454/5845/6736/products/Jig-Head-Articulado-Cafe-laranja.png?v=1676298171,kg,,,
jig-head-offset-articulado-cafe-ewg-laranja,,,,,,,,,9g,,,1#,,,,,'40821308050809,9.0,shopify,0,deny,manual,3.21,,true,false,,,,,,,,,,,,,,,,,,,,,,,,,,,,https://cdn.shopify.com/s/files/1/0454/5845/6736/products/Jig-Head-Articulado-Cafe-laranja.png?v=1676298171,kg,,,
jig-head-offset-articulado-cafe-ewg-laranja,,,,,,,,,12g,,,1#,,,,,'40821308050812,12.0,shopify,0,deny,manual,4.07,,true,false,,,,,,,,,,,,,,,,,,,,,,,,,,,,https://cdn.shopify.com/s/files/1/0454/5845/6736/products/Jig-Head-Articulado-Cafe-laranja.png?v=1676298171,kg,,,
jig-head-offset-articulado-cafe-ewg-laranja,,,,,,,,,14g,,,1#,,,,,'40821308050814,14.0,shopify,0,deny,manual,4.07,,true,false,,,,,,,,,,,,,,,,,,,,,,,,,,,,https://cdn.shopify.com/s/files/1/0454/5845/6736/products/Jig-Head-Articulado-Cafe-laranja.png?v=1676298171,kg,,,
jig-head-offset-articulado-cafe-ewg-laranja,,,,,,,,,16g,,,1#,,,,,'40821308050816,16.0,shopify,0,deny,manual,4.07,,true,false,,,,,,,,,,,,,,,,,,,,,,,,,,,,https://cdn.shopify.com/s/files/1/0454/5845/6736/products/Jig-Head-Articulado-Cafe-laranja.png?v=1676298171,kg,,,
jig-head-offset-articulado-cafe-ewg-laranja,,,,,,,,,5g,,,1/0,,,,,'40821308050705,5.0,,-4,continue,manual,3.21,,true,false,,,,,,,,,,,,,,,,,,,,,,,,,,,,https://cdn.shopify.com/s/files/1/0454/5845/6736/products/Jig-Head-Articulado-Cafe-laranja.png?v=1676298171,kg,,,
jig-head-offset-articulado-cafe-ewg-laranja,,,,,,,,,7g,,,1/0,,,,,'40821308050707,7.0,,0,continue,manual,3.21,,true,false,,,,,,,,,,,,,,,,,,,,,,,,,,,,https://cdn.shopify.com/s/files/1/0454/5845/6736/products/Jig-Head-Articulado-Cafe-laranja.png?v=1676298171,kg,,,
jig-head-offset-articulado-cafe-ewg-laranja,,,,,,,,,9g,,,1/0,,,,,'40821308050709,9.0,,-4,continue,manual,3.21,,true,false,,,,,,,,,,,,,,,,,,,,,,,,,,,,https://cdn.shopify.com/s/files/1/0454/5845/6736/products/Jig-Head-Articulado-Cafe-laranja.png?v=1676298171,kg,,,
jig-head-offset-articulado-cafe-ewg-laranja,,,,,,,,,12g,,,1/0,,,,,'40821308050712,12.0,,-4,continue,manual,4.07,,true,false,,,,,,,,,,,,,,,,,,,,,,,,,,,,https://cdn.shopify.com/s/files/1/0454/5845/6736/products/Jig-Head-Articulado-Cafe-laranja.png?v=1676298171,kg,,,
jig-head-offset-articulado-cafe-ewg-laranja,,,,,,,,,14g,,,1/0,,,,,'40821308050714,14.0,,0,continue,manual,4.07,,true,false,,,,,,,,,,,,,,,,,,,,,,,,,,,,https://cdn.shopify.com/s/files/1/0454/5845/6736/products/Jig-Head-Articulado-Cafe-laranja.png?v=1676298171,kg,,,
jig-head-offset-articulado-cafe-ewg-laranja,,,,,,,,,16g,,,1/0,,,,,'40821308050716,16.0,,0,continue,manual,4.07,,true,false,,,,,,,,,,,,,,,,,,,,,,,,,,,,https://cdn.shopify.com/s/files/1/0454/5845/6736/products/Jig-Head-Articulado-Cafe-laranja.png?v=1676298171,kg,,,
jig-head-offset-articulado-cafe-ewg-laranja,,,,,,,,,5g,,,2/0,,,,,'40821308050605,5.0,,0,continue,manual,3.54,,true,false,,,,,,,,,,,,,,,,,,,,,,,,,,,,https://cdn.shopify.com/s/files/1/0454/5845/6736/products/Jig-Head-Articulado-Cafe-laranja.png?v=1676298171,kg,,,
jig-head-offset-articulado-cafe-ewg-laranja,,,,,,,,,7g,,,2/0,,,,,'40821308050607,7.0,,0,continue,manual,3.54,,true,false,,,,,,,,,,,,,,,,,,,,,,,,,,,,https://cdn.shopify.com/s/files/1/0454/5845/6736/products/Jig-Head-Articulado-Cafe-laranja.png?v=1676298171,kg,,,
jig-head-offset-articulado-cafe-ewg-laranja,,,,,,,,,9g,,,2/0,,,,,'40821308050609,9.0,,0,continue,manual,3.54,,true,false,,,,,,,,,,,,,,,,,,,,,,,,,,,,https://cdn.shopify.com/s/files/1/0454/5845/6736/products/Jig-Head-Articulado-Cafe-laranja.png?v=1676298171,kg,,,
jig-head-offset-articulado-cafe-ewg-laranja,,,,,,,,,12g,,,2/0,,,,,'40821308050612,12.0,,0,continue,manual,4.40,,true,false,,,,,,,,,,,,,,,,,,,,,,,,,,,,https://cdn.shopify.com/s/files/1/0454/5845/6736/products/Jig-Head-Articulado-Cafe-laranja.png?v=1676298171,kg,,,
jig-head-offset-articulado-cafe-ewg-laranja,,,,,,,,,14g,,,2/0,,,,,'40821308050614,14.0,,0,continue,manual,4.40,,true,false,,,,,,,,,,,,,,,,,,,,,,,,,,,,https://cdn.shopify.com/s/files/1/0454/5845/6736/products/Jig-Head-Articulado-Cafe-laranja.png?v=1676298171,kg,,,
jig-head-offset-articulado-cafe-ewg-laranja,,,,,,,,,16g,,,2/0,,,,,'40821308050616,16.0,,0,continue,manual,4.40,,true,false,,,,,,,,,,,,,,,,,,,,,,,,,,,,https://cdn.shopify.com/s/files/1/0454/5845/6736/products/Jig-Head-Articulado-Cafe-laranja.png?v=1676298171,kg,,,
jig-head-offset-articulado-cafe-ewg-laranja,,,,,,,,,5g,,,3/0,,,,,'40821308050505,5.0,,0,continue,manual,3.75,,true,false,,,,,,,,,,,,,,,,,,,,,,,,,,,,https://cdn.shopify.com/s/files/1/0454/5845/6736/products/Jig-Head-Articulado-Cafe-laranja.png?v=1676298171,kg,,,
jig-head-offset-articulado-cafe-ewg-laranja,,,,,,,,,7g,,,3/0,,,,,'40821308050507,7.0,,-5,continue,manual,3.75,,true,false,,,,,,,,,,,,,,,,,,,,,,,,,,,,https://cdn.shopify.com/s/files/1/0454/5845/6736/products/Jig-Head-Articulado-Cafe-laranja.png?v=1676298171,kg,,,
jig-head-offset-articulado-cafe-ewg-laranja,,,,,,,,,9g,,,3/0,,,,,'40821308050509,9.0,,0,continue,manual,3.75,,true,false,,,,,,,,,,,,,,,,,,,,,,,,,,,,https://cdn.shopify.com/s/files/1/0454/5845/6736/products/Jig-Head-Articulado-Cafe-laranja.png?v=1676298171,kg,,,
jig-head-offset-articulado-cafe-ewg-laranja,,,,,,,,,12g,,,3/0,,,,,'40821308050512,12.0,,0,continue,manual,4.61,,true,false,,,,,,,,,,,,,,,,,,,,,,,,,,,,https://cdn.shopify.com/s/files/1/0454/5845/6736/products/Jig-Head-Articulado-Cafe-laranja.png?v=1676298171,kg,,,
jig-head-offset-articulado-cafe-ewg-laranja,,,,,,,,,14g,,,3/0,,,,,'40821308050514,14.0,,0,continue,manual,4.61,,true,false,,,,,,,,,,,,,,,,,,,,,,,,,,,,https://cdn.shopify.com/s/files/1/0454/5845/6736/products/Jig-Head-Articulado-Cafe-laranja.png?v=1676298171,kg,,,
jig-head-offset-articulado-cafe-ewg-laranja,,,,,,,,,16g,,,3/0,,,,,'40821308050516,16.0,,0,continue,manual,4.61,,true,false,,,,,,,,,,,,,,,,,,,,,,,,,,,,https://cdn.shopify.com/s/files/1/0454/5845/6736/products/Jig-Head-Articulado-Cafe-laranja.png?v=1676298171,kg,,,
jig-head-offset-articulado-cafe-ewg-laranja,,,,,,,,,5g,,,4/0,,,,,'40821308050405,5.0,,-40,continue,manual,3.87,,true,false,,,,,,,,,,,,,,,,,,,,,,,,,,,,https://cdn.shopify.com/s/files/1/0454/5845/6736/products/Jig-Head-Articulado-Cafe-laranja.png?v=1676298171,kg,,,
jig-head-offset-articulado-cafe-ewg-laranja,,,,,,,,,7g,,,4/0,,,,,'40821308050407,7.0,,0,continue,manual,3.87,,true,false,,,,,,,,,,,,,,,,,,,,,,,,,,,,https://cdn.shopify.com/s/files/1/0454/5845/6736/products/Jig-Head-Articulado-Cafe-laranja.png?v=1676298171,kg,,,
jig-head-offset-articulado-cafe-ewg-laranja,,,,,,,,,9g,,,4/0,,,,,'40821308050409,9.0,,0,continue,manual,3.87,,true,false,,,,,,,,,,,,,,,,,,,,,,,,,,,,https://cdn.shopify.com/s/files/1/0454/5845/6736/products/Jig-Head-Articulado-Cafe-laranja.png?v=1676298171,kg,,,
jig-head-offset-articulado-cafe-ewg-laranja,,,,,,,,,12g,,,4/0,,,,,'40821308050412,12.0,,0,continue,manual,4.73,,true,false,,,,,,,,,,,,,,,,,,,,,,,,,,,,https://cdn.shopify.com/s/files/1/0454/5845/6736/products/Jig-Head-Articulado-Cafe-laranja.png?v=1676298171,kg,,,
jig-head-offset-articulado-cafe-ewg-laranja,,,,,,,,,14g,,,4/0,,,,,'40821308050414,14.0,,0,continue,manual,4.73,,true,false,,,,,,,,,,,,,,,,,,,,,,,,,,,,https://cdn.shopify.com/s/files/1/0454/5845/6736/products/Jig-Head-Articulado-Cafe-laranja.png?v=1676298171,kg,,,
jig-head-offset-articulado-cafe-ewg-laranja,,,,,,,,,16g,,,4/0,,,,,'40821308050416,16.0,,0,continue,manual,4.73,,true,false,,,,,,,,,,,,,,,,,,,,,,,,,,,,https://cdn.shopify.com/s/files/1/0454/5845/6736/products/Jig-Head-Articulado-Cafe-laranja.png?v=1676298171,kg,,,
jig-head-offset-articulado-cafe-ewg-laranja,,,,,,,,,5g,,,5/0,,,,,'40821308050305,5.0,,-10,continue,manual,4.11,,true,false,,,,,,,,,,,,,,,,,,,,,,,,,,,,https://cdn.shopify.com/s/files/1/0454/5845/6736/products/Jig-Head-Articulado-Cafe-laranja.png?v=1676298171,kg,,,
jig-head-offset-articulado-cafe-ewg-laranja,,,,,,,,,7g,,,5/0,,,,,'40821308050307,7.0,,0,continue,manual,4.11,,true,false,,,,,,,,,,,,,,,,,,,,,,,,,,,,https://cdn.shopify.com/s/files/1/0454/5845/6736/products/Jig-Head-Articulado-Cafe-laranja.png?v=1676298171,kg,,,
jig-head-offset-articulado-cafe-ewg-laranja,,,,,,,,,9g,,,5/0,,,,,'40821308050309,9.0,,0,continue,manual,4.11,,true,false,,,,,,,,,,,,,,,,,,,,,,,,,,,,https://cdn.shopify.com/s/files/1/0454/5845/6736/products/Jig-Head-Articulado-Cafe-laranja.png?v=1676298171,kg,,,
jig-head-offset-articulado-cafe-ewg-laranja,,,,,,,,,12g,,,5/0,,,,,'40821308050312,12.0,,0,continue,manual,4.97,,true,false,,,,,,,,,,,,,,,,,,,,,,,,,,,,https://cdn.shopify.com/s/files/1/0454/5845/6736/products/Jig-Head-Articulado-Cafe-laranja.png?v=1676298171,kg,,,
jig-head-offset-articulado-cafe-ewg-laranja,,,,,,,,,14g,,,5/0,,,,,'40821308050314,14.0,,0,continue,manual,4.97,,true,false,,,,,,,,,,,,,,,,,,,,,,,,,,,,https://cdn.shopify.com/s/files/1/0454/5845/6736/products/Jig-Head-Articulado-Cafe-laranja.png?v=1676298171,kg,,,
jig-head-offset-articulado-cafe-ewg-laranja,,,,,,,,,16g,,,5/0,,,,,'40821308050316,16.0,,0,continue,manual,4.97,,true,false,,,,,,,,,,,,,,,,,,,,,,,,,,,,https://cdn.shopify.com/s/files/1/0454/5845/6736/products/Jig-Head-Articulado-Cafe-laranja.png?v=1676298171,kg,,,
jig-head-offset-articulado-cafe-ewg-laranja,,,,,,,,,5g,,,6/0,,,,,'40821308050205,5.0,,0,continue,manual,4.29,,true,false,,,,,,,,,,,,,,,,,,,,,,,,,,,,https://cdn.shopify.com/s/files/1/0454/5845/6736/products/Jig-Head-Articulado-Cafe-laranja.png?v=1676298171,kg,,,
jig-head-offset-articulado-cafe-ewg-laranja,,,,,,,,,7g,,,6/0,,,,,'40821308050207,7.0,,0,continue,manual,4.29,,true,false,,,,,,,,,,,,,,,,,,,,,,,,,,,,https://cdn.shopify.com/s/files/1/0454/5845/6736/products/Jig-Head-Articulado-Cafe-laranja.png?v=1676298171,kg,,,
jig-head-offset-articulado-cafe-ewg-laranja,,,,,,,,,9g,,,6/0,,,,,'40821308050209,9.0,,0,continue,manual,4.29,,true,false,,,,,,,,,,,,,,,,,,,,,,,,,,,,https://cdn.shopify.com/s/files/1/0454/5845/6736/products/Jig-Head-Articulado-Cafe-laranja.png?v=1676298171,kg,,,
jig-head-offset-articulado-cafe-ewg-laranja,,,,,,,,,12g,,,6/0,,,,,'40821308050212,12.0,,0,continue,manual,5.15,,true,false,,,,,,,,,,,,,,,,,,,,,,,,,,,,https://cdn.shopify.com/s/files/1/0454/5845/6736/products/Jig-Head-Articulado-Cafe-laranja.png?v=1676298171,kg,,,
jig-head-offset-articulado-cafe-ewg-laranja,,,,,,,,,14g,,,6/0,,,,,'40821308050214,14.0,,0,continue,manual,5.15,,true,false,,,,,,,,,,,,,,,,,,,,,,,,,,,,https://cdn.shopify.com/s/files/1/0454/5845/6736/products/Jig-Head-Articulado-Cafe-laranja.png?v=1676298171,kg,,,
jig-head-offset-articulado-cafe-ewg-laranja,,,,,,,,,16g,,,6/0,,,,,'40821308050216,16.0,,0,continue,manual,5.15,,true,false,,,,,,,,,,,,,,,,,,,,,,,,,,,,https://cdn.shopify.com/s/files/1/0454/5845/6736/products/Jig-Head-Articulado-Cafe-laranja.png?v=1676298171,kg,,,
jig-head-offset-articulado-cafe-ewg-laranja,,,,,,,,,5g,,,7/0,,,,,'40821308050105,5.0,shopify,0,deny,manual,4.46,,true,false,,,,,,,,,,,,,,,,,,,,,,,,,,,,https://cdn.shopify.com/s/files/1/0454/5845/6736/products/Jig-Head-Articulado-Cafe-laranja.png?v=1676298171,kg,,,
jig-head-offset-articulado-cafe-ewg-laranja,,,,,,,,,7g,,,7/0,,,,,'40821308050107,7.0,shopify,0,deny,manual,4.46,,true,false,,,,,,,,,,,,,,,,,,,,,,,,,,,,https://cdn.shopify.com/s/files/1/0454/5845/6736/products/Jig-Head-Articulado-Cafe-laranja.png?v=1676298171,kg,,,
jig-head-offset-articulado-cafe-ewg-laranja,,,,,,,,,9g,,,7/0,,,,,'40821308050109,9.0,shopify,0,deny,manual,4.46,,true,false,,,,,,,,,,,,,,,,,,,,,,,,,,,,https://cdn.shopify.com/s/files/1/0454/5845/6736/products/Jig-Head-Articulado-Cafe-laranja.png?v=1676298171,kg,,,
jig-head-offset-articulado-cafe-ewg-laranja,,,,,,,,,12g,,,7/0,,,,,'40821308050112,12.0,shopify,0,deny,manual,5.32,,true,false,,,,,,,,,,,,,,,,,,,,,,,,,,,,https://cdn.shopify.com/s/files/1/0454/5845/6736/products/Jig-Head-Articulado-Cafe-laranja.png?v=1676298171,kg,,,
jig-head-offset-articulado-cafe-ewg-laranja,,,,,,,,,14g,,,7/0,,,,,'40821308050114,14.0,shopify,0,deny,manual,5.32,,true,false,,,,,,,,,,,,,,,,,,,,,,,,,,,,https://cdn.shopify.com/s/files/1/0454/5845/6736/products/Jig-Head-Articulado-Cafe-laranja.png?v=1676298171,kg,,,
jig-head-offset-articulado-cafe-ewg-laranja,,,,,,,,,16g,,,7/0,,,,,'40821308050116,16.0,shopify,0,deny,manual,5.32,,true,false,,,,,,,,,,,,,,,,,,,,,,,,,,,,https://cdn.shopify.com/s/files/1/0454/5845/6736/products/Jig-Head-Articulado-Cafe-laranja.png?v=1676298171,kg,,,
jig-head-offset-articulado-cafe-ewg-natural,Anzol Jig Head Offset Articulada Café EWG Natural,"<p>O <b>Jig Head Offset EWG Articulado Café</b> chegou para quem busca versatilidade, ação natural e eficiência na pescaria.<br><br>Por ser articulado, o chumbo fica separado do anzol, permitindo que a isca trabalhe com muito mais liberdade e naturalidade, independente do peso utilizado. Isso deixa o nado mais realista e aumenta as chances de ataque.<br><br>O modelo <b>Café</b> é excelente para trabalhar próximo a estruturas, pedras, galhadas e fundos com enroscos, pois seu formato ajuda a passar melhor pelos obstáculos, reduzindo travamentos durante o trabalho da isca.<br><br>O ideal é utilizar o <b>Jig Head Offset EWG Articulado Café</b> com as iscas da <b>Chumbada Oficial</b>, que são iscas <b>floating</b>. Essa combinação proporciona um trabalho ainda mais natural, fazendo com que a isca consiga se movimentar mesmo sem ação direta do pescador, trabalhando sozinha com o próprio movimento da correnteza, da água ou da maré.<br><br>Disponível em uma grande variedade de combinações:<br><br>🎣 Anzóis do <b>#2 ao 7/0</b><br>⚖️ Pesos de <b>3g a 16g</b><br><br>Peça na loja de pesca mais próxima de você ou encomende com seu lojista de confiança.<br><br><b>Chumbada Oficial — empresa certificada CETESB e IBAMA.</b></p>",Chumbada Oficial,Sem categoria,"","Articulado, Cafe, Chumbada, EWG, Jig Head, Jig Head Offset Articulado Cafe EWG, Natural, Offset, Todos",true,Peso,3g,,Tamanho do Anzol,2#,,,,,'40821307010903,3.0,,-8,continue,manual,2.15,,true,false,,,,,,https://cdn.shopify.com/s/files/1/0454/5845/6736/products/Jig-Head-Articulado-Cafe-natural.png?v=1676298181,1,Chumbada Jig Head Offser Articulada EWG Natural,false,,,,,,,,,,,,,,,,,,,https://cdn.shopify.com/s/files/1/0454/5845/6736/products/Jig-Head-Articulado-Cafe-natural.png?v=1676298181,kg,,,active
jig-head-offset-articulado-cafe-ewg-natural,,,,,,,,,5g,,,2#,,,,,'40821307010905,5.0,,-2,continue,manual,2.41,,true,false,,,,,,https://cdn.shopify.com/s/files/1/0454/5845/6736/products/Jig-Head-Articulado-Cafe-natural_d9bb8948-345a-41db-ae4c-3c592fd89bbd.png?v=1677779507,2,"",,,,,,,,,,,,,,,,,,,,https://cdn.shopify.com/s/files/1/0454/5845/6736/products/Jig-Head-Articulado-Cafe-natural.png?v=1676298181,kg,,,
jig-head-offset-articulado-cafe-ewg-natural,,,,,,,,,7g,,,2#,,,,,'40821307010907,7.0,,-4,continue,manual,2.41,,true,false,,,,,,,,,,,,,,,,,,,,,,,,,,,,https://cdn.shopify.com/s/files/1/0454/5845/6736/products/Jig-Head-Articulado-Cafe-natural.png?v=1676298181,kg,,,
jig-head-offset-articulado-cafe-ewg-natural,,,,,,,,,9g,,,2#,,,,,'40821307010909,9.0,,-3,continue,manual,2.41,,true,false,,,,,,,,,,,,,,,,,,,,,,,,,,,,https://cdn.shopify.com/s/files/1/0454/5845/6736/products/Jig-Head-Articulado-Cafe-natural.png?v=1676298181,kg,,,
jig-head-offset-articulado-cafe-ewg-natural,,,,,,,,,12g,,,2#,,,,,'40821307010912,12.0,,0,continue,manual,2.87,,true,false,,,,,,,,,,,,,,,,,,,,,,,,,,,,https://cdn.shopify.com/s/files/1/0454/5845/6736/products/Jig-Head-Articulado-Cafe-natural.png?v=1676298181,kg,,,
jig-head-offset-articulado-cafe-ewg-natural,,,,,,,,,14g,,,2#,,,,,'40821307010914,14.0,,0,continue,manual,2.87,,true,false,,,,,,,,,,,,,,,,,,,,,,,,,,,,https://cdn.shopify.com/s/files/1/0454/5845/6736/products/Jig-Head-Articulado-Cafe-natural.png?v=1676298181,kg,,,
jig-head-offset-articulado-cafe-ewg-natural,,,,,,,,,16g,,,2#,,,,,'40821307010916,16.0,,0,continue,manual,2.87,,true,false,,,,,,,,,,,,,,,,,,,,,,,,,,,,https://cdn.shopify.com/s/files/1/0454/5845/6736/products/Jig-Head-Articulado-Cafe-natural.png?v=1676298181,kg,,,
jig-head-offset-articulado-cafe-ewg-natural,,,,,,,,,3g,,,1#,,,,,'40821307010803,3.0,shopify,-2,deny,manual,2.15,,true,false,,,,,,,,,,,,,,,,,,,,,,,,,,,,https://cdn.shopify.com/s/files/1/0454/5845/6736/products/Jig-Head-Articulado-Cafe-natural.png?v=1676298181,kg,,,
jig-head-offset-articulado-cafe-ewg-natural,,,,,,,,,5g,,,1#,,,,,'40821307010805,5.0,shopify,-2,deny,manual,2.41,,true,false,,,,,,,,,,,,,,,,,,,,,,,,,,,,https://cdn.shopify.com/s/files/1/0454/5845/6736/products/Jig-Head-Articulado-Cafe-natural.png?v=1676298181,kg,,,
jig-head-offset-articulado-cafe-ewg-natural,,,,,,,,,7g,,,1#,,,,,'40821307010807,7.0,shopify,-4,deny,manual,2.41,,true,false,,,,,,,,,,,,,,,,,,,,,,,,,,,,https://cdn.shopify.com/s/files/1/0454/5845/6736/products/Jig-Head-Articulado-Cafe-natural.png?v=1676298181,kg,,,
jig-head-offset-articulado-cafe-ewg-natural,,,,,,,,,9g,,,1#,,,,,'40821307010809,9.0,shopify,-3,deny,manual,2.41,,true,false,,,,,,,,,,,,,,,,,,,,,,,,,,,,https://cdn.shopify.com/s/files/1/0454/5845/6736/products/Jig-Head-Articulado-Cafe-natural.png?v=1676298181,kg,,,
jig-head-offset-articulado-cafe-ewg-natural,,,,,,,,,12g,,,1#,,,,,'40821307010812,12.0,shopify,0,deny,manual,2.87,,true,false,,,,,,,,,,,,,,,,,,,,,,,,,,,,https://cdn.shopify.com/s/files/1/0454/5845/6736/products/Jig-Head-Articulado-Cafe-natural.png?v=1676298181,kg,,,
jig-head-offset-articulado-cafe-ewg-natural,,,,,,,,,14g,,,1#,,,,,'40821307010814,14.0,shopify,0,deny,manual,2.87,,true,false,,,,,,,,,,,,,,,,,,,,,,,,,,,,https://cdn.shopify.com/s/files/1/0454/5845/6736/products/Jig-Head-Articulado-Cafe-natural.png?v=1676298181,kg,,,
jig-head-offset-articulado-cafe-ewg-natural,,,,,,,,,16g,,,1#,,,,,'40821307010816,16.0,shopify,0,deny,manual,2.87,,true,false,,,,,,,,,,,,,,,,,,,,,,,,,,,,https://cdn.shopify.com/s/files/1/0454/5845/6736/products/Jig-Head-Articulado-Cafe-natural.png?v=1676298181,kg,,,
jig-head-offset-articulado-cafe-ewg-natural,,,,,,,,,3g,,,1/0,,,,,'40821307010703,3.0,,-9,continue,manual,2.15,,true,false,,,,,,,,,,,,,,,,,,,,,,,,,,,,https://cdn.shopify.com/s/files/1/0454/5845/6736/products/Jig-Head-Articulado-Cafe-natural.png?v=1676298181,kg,,,
jig-head-offset-articulado-cafe-ewg-natural,,,,,,,,,5g,,,1/0,,,,,'40821307010705,5.0,,-24,continue,manual,2.41,,true,false,,,,,,,,,,,,,,,,,,,,,,,,,,,,https://cdn.shopify.com/s/files/1/0454/5845/6736/products/Jig-Head-Articulado-Cafe-natural.png?v=1676298181,kg,,,
jig-head-offset-articulado-cafe-ewg-natural,,,,,,,,,7g,,,1/0,,,,,'40821307010707,7.0,,-10,continue,manual,2.41,,true,false,,,,,,,,,,,,,,,,,,,,,,,,,,,,https://cdn.shopify.com/s/files/1/0454/5845/6736/products/Jig-Head-Articulado-Cafe-natural.png?v=1676298181,kg,,,
jig-head-offset-articulado-cafe-ewg-natural,,,,,,,,,9g,,,1/0,,,,,'40821307010709,9.0,,-5,continue,manual,2.41,,true,false,,,,,,,,,,,,,,,,,,,,,,,,,,,,https://cdn.shopify.com/s/files/1/0454/5845/6736/products/Jig-Head-Articulado-Cafe-natural.png?v=1676298181,kg,,,
jig-head-offset-articulado-cafe-ewg-natural,,,,,,,,,12g,,,1/0,,,,,'40821307010712,12.0,,-2,continue,manual,2.87,,true,false,,,,,,,,,,,,,,,,,,,,,,,,,,,,https://cdn.shopify.com/s/files/1/0454/5845/6736/products/Jig-Head-Articulado-Cafe-natural.png?v=1676298181,kg,,,
jig-head-offset-articulado-cafe-ewg-natural,,,,,,,,,14g,,,1/0,,,,,'40821307010714,14.0,,0,continue,manual,2.87,,true,false,,,,,,,,,,,,,,,,,,,,,,,,,,,,https://cdn.shopify.com/s/files/1/0454/5845/6736/products/Jig-Head-Articulado-Cafe-natural.png?v=1676298181,kg,,,
jig-head-offset-articulado-cafe-ewg-natural,,,,,,,,,16g,,,1/0,,,,,'40821307010716,16.0,,0,continue,manual,2.87,,true,false,,,,,,,,,,,,,,,,,,,,,,,,,,,,https://cdn.shopify.com/s/files/1/0454/5845/6736/products/Jig-Head-Articulado-Cafe-natural.png?v=1676298181,kg,,,
jig-head-offset-articulado-cafe-ewg-natural,,,,,,,,,3g,,,2/0,,,,,'40821307010603,3.0,,-30,continue,manual,2.47,,true,false,,,,,,,,,,,,,,,,,,,,,,,,,,,,https://cdn.shopify.com/s/files/1/0454/5845/6736/products/Jig-Head-Articulado-Cafe-natural.png?v=1676298181,kg,,,
jig-head-offset-articulado-cafe-ewg-natural,,,,,,,,,5g,,,2/0,,,,,'40821307010605,5.0,,-34,continue,manual,2.74,,true,false,,,,,,,,,,,,,,,,,,,,,,,,,,,,https://cdn.shopify.com/s/files/1/0454/5845/6736/products/Jig-Head-Articulado-Cafe-natural.png?v=1676298181,kg,,,
jig-head-offset-articulado-cafe-ewg-natural,,,,,,,,,7g,,,2/0,,,,,'40821307010607,7.0,,-30,continue,manual,2.74,,true,false,,,,,,,,,,,,,,,,,,,,,,,,,,,,https://cdn.shopify.com/s/files/1/0454/5845/6736/products/Jig-Head-Articulado-Cafe-natural.png?v=1676298181,kg,,,
jig-head-offset-articulado-cafe-ewg-natural,,,,,,,,,9g,,,2/0,,,,,'40821307010609,9.0,,-25,continue,manual,2.74,,true,false,,,,,,,,,,,,,,,,,,,,,,,,,,,,https://cdn.shopify.com/s/files/1/0454/5845/6736/products/Jig-Head-Articulado-Cafe-natural.png?v=1676298181,kg,,,
jig-head-offset-articulado-cafe-ewg-natural,,,,,,,,,12g,,,2/0,,,,,'40821307010612,12.0,,-3,continue,manual,3.20,,true,false,,,,,,,,,,,,,,,,,,,,,,,,,,,,https://cdn.shopify.com/s/files/1/0454/5845/6736/products/Jig-Head-Articulado-Cafe-natural.png?v=1676298181,kg,,,
jig-head-offset-articulado-cafe-ewg-natural,,,,,,,,,14g,,,2/0,,,,,'40821307010614,14.0,,0,continue,manual,3.20,,true,false,,,,,,,,,,,,,,,,,,,,,,,,,,,,https://cdn.shopify.com/s/files/1/0454/5845/6736/products/Jig-Head-Articulado-Cafe-natural.png?v=1676298181,kg,,,
jig-head-offset-articulado-cafe-ewg-natural,,,,,,,,,16g,,,2/0,,,,,'40821307010616,16.0,,-20,continue,manual,3.20,,true,false,,,,,,,,,,,,,,,,,,,,,,,,,,,,https://cdn.shopify.com/s/files/1/0454/5845/6736/products/Jig-Head-Articulado-Cafe-natural.png?v=1676298181,kg,,,
jig-head-offset-articulado-cafe-ewg-natural,,,,,,,,,3g,,,3/0,,,,,'40821307010503,3.0,,-29,continue,manual,2.68,,true,false,,,,,,,,,,,,,,,,,,,,,,,,,,,,https://cdn.shopify.com/s/files/1/0454/5845/6736/products/Jig-Head-Articulado-Cafe-natural.png?v=1676298181,kg,,,
jig-head-offset-articulado-cafe-ewg-natural,,,,,,,,,5g,,,3/0,,,,,'40821307010505,5.0,,-44,continue,manual,2.95,,true,false,,,,,,,,,,,,,,,,,,,,,,,,,,,,https://cdn.shopify.com/s/files/1/0454/5845/6736/products/Jig-Head-Articulado-Cafe-natural.png?v=1676298181,kg,,,
jig-head-offset-articulado-cafe-ewg-natural,,,,,,,,,7g,,,3/0,,,,,'40821307010507,7.0,,-30,continue,manual,2.95,,true,false,,,,,,,,,,,,,,,,,,,,,,,,,,,,https://cdn.shopify.com/s/files/1/0454/5845/6736/products/Jig-Head-Articulado-Cafe-natural.png?v=1676298181,kg,,,
jig-head-offset-articulado-cafe-ewg-natural,,,,,,,,,9g,,,3/0,,,,,'40821307010509,9.0,,-5,continue,manual,2.95,,true,false,,,,,,,,,,,,,,,,,,,,,,,,,,,,https://cdn.shopify.com/s/files/1/0454/5845/6736/products/Jig-Head-Articulado-Cafe-natural.png?v=1676298181,kg,,,
jig-head-offset-articulado-cafe-ewg-natural,,,,,,,,,12g,,,3/0,,,,,'40821307010512,12.0,,-3,continue,manual,3.41,,true,false,,,,,,,,,,,,,,,,,,,,,,,,,,,,https://cdn.shopify.com/s/files/1/0454/5845/6736/products/Jig-Head-Articulado-Cafe-natural.png?v=1676298181,kg,,,
jig-head-offset-articulado-cafe-ewg-natural,,,,,,,,,14g,,,3/0,,,,,'40821307010514,14.0,,0,continue,manual,3.41,,true,false,,,,,,,,,,,,,,,,,,,,,,,,,,,,https://cdn.shopify.com/s/files/1/0454/5845/6736/products/Jig-Head-Articulado-Cafe-natural.png?v=1676298181,kg,,,
jig-head-offset-articulado-cafe-ewg-natural,,,,,,,,,16g,,,3/0,,,,,'40821307010516,16.0,,-20,continue,manual,3.41,,true,false,,,,,,,,,,,,,,,,,,,,,,,,,,,,https://cdn.shopify.com/s/files/1/0454/5845/6736/products/Jig-Head-Articulado-Cafe-natural.png?v=1676298181,kg,,,
jig-head-offset-articulado-cafe-ewg-natural,,,,,,,,,3g,,,4/0,,,,,'40821307010403,3.0,,-41,continue,manual,2.80,,true,false,,,,,,,,,,,,,,,,,,,,,,,,,,,,https://cdn.shopify.com/s/files/1/0454/5845/6736/products/Jig-Head-Articulado-Cafe-natural.png?v=1676298181,kg,,,
jig-head-offset-articulado-cafe-ewg-natural,,,,,,,,,5g,,,4/0,,,,,'40821307010405,5.0,,-54,continue,manual,3.07,,true,false,,,,,,,,,,,,,,,,,,,,,,,,,,,,https://cdn.shopify.com/s/files/1/0454/5845/6736/products/Jig-Head-Articulado-Cafe-natural.png?v=1676298181,kg,,,
jig-head-offset-articulado-cafe-ewg-natural,,,,,,,,,7g,,,4/0,,,,,'40821307010407,7.0,,-16,continue,manual,3.07,,true,false,,,,,,,,,,,,,,,,,,,,,,,,,,,,https://cdn.shopify.com/s/files/1/0454/5845/6736/products/Jig-Head-Articulado-Cafe-natural.png?v=1676298181,kg,,,
jig-head-offset-articulado-cafe-ewg-natural,,,,,,,,,9g,,,4/0,,,,,'40821307010409,9.0,,-58,continue,manual,3.07,,true,false,,,,,,,,,,,,,,,,,,,,,,,,,,,,https://cdn.shopify.com/s/files/1/0454/5845/6736/products/Jig-Head-Articulado-Cafe-natural.png?v=1676298181,kg,,,
jig-head-offset-articulado-cafe-ewg-natural,,,,,,,,,12g,,,4/0,,,,,'40821307010412,12.0,,-43,continue,manual,3.53,,true,false,,,,,,,,,,,,,,,,,,,,,,,,,,,,https://cdn.shopify.com/s/files/1/0454/5845/6736/products/Jig-Head-Articulado-Cafe-natural.png?v=1676298181,kg,,,
jig-head-offset-articulado-cafe-ewg-natural,,,,,,,,,14g,,,4/0,,,,,'40821307010414,14.0,,-40,continue,manual,3.53,,true,false,,,,,,,,,,,,,,,,,,,,,,,,,,,,https://cdn.shopify.com/s/files/1/0454/5845/6736/products/Jig-Head-Articulado-Cafe-natural.png?v=1676298181,kg,,,
jig-head-offset-articulado-cafe-ewg-natural,,,,,,,,,16g,,,4/0,,,,,'40821307010416,16.0,,-50,continue,manual,3.53,,true,false,,,,,,,,,,,,,,,,,,,,,,,,,,,,https://cdn.shopify.com/s/files/1/0454/5845/6736/products/Jig-Head-Articulado-Cafe-natural.png?v=1676298181,kg,,,
jig-head-offset-articulado-cafe-ewg-natural,,,,,,,,,3g,,,5/0,,,,,'40821307010303,3.0,,-19,continue,manual,3.04,,true,false,,,,,,,,,,,,,,,,,,,,,,,,,,,,https://cdn.shopify.com/s/files/1/0454/5845/6736/products/Jig-Head-Articulado-Cafe-natural.png?v=1676298181,kg,,,
jig-head-offset-articulado-cafe-ewg-natural,,,,,,,,,5g,,,5/0,,,,,'40821307010305,5.0,,-37,continue,manual,3.31,,true,false,,,,,,,,,,,,,,,,,,,,,,,,,,,,https://cdn.shopify.com/s/files/1/0454/5845/6736/products/Jig-Head-Articulado-Cafe-natural.png?v=1676298181,kg,,,
jig-head-offset-articulado-cafe-ewg-natural,,,,,,,,,7g,,,5/0,,,,,'40821307010307,7.0,,-15,continue,manual,3.31,,true,false,,,,,,,,,,,,,,,,,,,,,,,,,,,,https://cdn.shopify.com/s/files/1/0454/5845/6736/products/Jig-Head-Articulado-Cafe-natural.png?v=1676298181,kg,,,
jig-head-offset-articulado-cafe-ewg-natural,,,,,,,,,9g,,,5/0,,,,,'40821307010309,9.0,,-30,continue,manual,3.31,,true,false,,,,,,,,,,,,,,,,,,,,,,,,,,,,https://cdn.shopify.com/s/files/1/0454/5845/6736/products/Jig-Head-Articulado-Cafe-natural.png?v=1676298181,kg,,,
jig-head-offset-articulado-cafe-ewg-natural,,,,,,,,,12g,,,5/0,,,,,'40821307010312,12.0,,-3,continue,manual,3.77,,true,false,,,,,,,,,,,,,,,,,,,,,,,,,,,,https://cdn.shopify.com/s/files/1/0454/5845/6736/products/Jig-Head-Articulado-Cafe-natural.png?v=1676298181,kg,,,
jig-head-offset-articulado-cafe-ewg-natural,,,,,,,,,14g,,,5/0,,,,,'40821307010314,14.0,,-4,continue,manual,3.77,,true,false,,,,,,,,,,,,,,,,,,,,,,,,,,,,https://cdn.shopify.com/s/files/1/0454/5845/6736/products/Jig-Head-Articulado-Cafe-natural.png?v=1676298181,kg,,,
jig-head-offset-articulado-cafe-ewg-natural,,,,,,,,,16g,,,5/0,,,,,'40821307010316,16.0,,0,continue,manual,3.77,,true,false,,,,,,,,,,,,,,,,,,,,,,,,,,,,https://cdn.shopify.com/s/files/1/0454/5845/6736/products/Jig-Head-Articulado-Cafe-natural.png?v=1676298181,kg,,,
jig-head-offset-articulado-cafe-ewg-natural,,,,,,,,,3g,,,6/0,,,,,'40821307010203,3.0,,-14,continue,manual,3.22,,true,false,,,,,,,,,,,,,,,,,,,,,,,,,,,,https://cdn.shopify.com/s/files/1/0454/5845/6736/products/Jig-Head-Articulado-Cafe-natural.png?v=1676298181,kg,,,
jig-head-offset-articulado-cafe-ewg-natural,,,,,,,,,5g,,,6/0,,,,,'40821307010205,5.0,,-30,continue,manual,3.49,,true,false,,,,,,,,,,,,,,,,,,,,,,,,,,,,https://cdn.shopify.com/s/files/1/0454/5845/6736/products/Jig-Head-Articulado-Cafe-natural.png?v=1676298181,kg,,,
jig-head-offset-articulado-cafe-ewg-natural,,,,,,,,,7g,,,6/0,,,,,'40821307010207,7.0,,-64,continue,manual,3.49,,true,false,,,,,,,,,,,,,,,,,,,,,,,,,,,,https://cdn.shopify.com/s/files/1/0454/5845/6736/products/Jig-Head-Articulado-Cafe-natural.png?v=1676298181,kg,,,
jig-head-offset-articulado-cafe-ewg-natural,,,,,,,,,9g,,,6/0,,,,,'40821307010209,9.0,,-26,continue,manual,3.49,,true,false,,,,,,,,,,,,,,,,,,,,,,,,,,,,https://cdn.shopify.com/s/files/1/0454/5845/6736/products/Jig-Head-Articulado-Cafe-natural.png?v=1676298181,kg,,,
jig-head-offset-articulado-cafe-ewg-natural,,,,,,,,,12g,,,6/0,,,,,'40821307010212,12.0,,-10,continue,manual,3.95,,true,false,,,,,,,,,,,,,,,,,,,,,,,,,,,,https://cdn.shopify.com/s/files/1/0454/5845/6736/products/Jig-Head-Articulado-Cafe-natural.png?v=1676298181,kg,,,
jig-head-offset-articulado-cafe-ewg-natural,,,,,,,,,14g,,,6/0,,,,,'40821307010214,14.0,,-12,continue,manual,3.95,,true,false,,,,,,,,,,,,,,,,,,,,,,,,,,,,https://cdn.shopify.com/s/files/1/0454/5845/6736/products/Jig-Head-Articulado-Cafe-natural.png?v=1676298181,kg,,,
jig-head-offset-articulado-cafe-ewg-natural,,,,,,,,,16g,,,6/0,,,,,'40821307010216,16.0,,-6,continue,manual,3.95,,true,false,,,,,,,,,,,,,,,,,,,,,,,,,,,,https://cdn.shopify.com/s/files/1/0454/5845/6736/products/Jig-Head-Articulado-Cafe-natural.png?v=1676298181,kg,,,
jig-head-offset-articulado-cafe-ewg-natural,,,,,,,,,3g,,,7/0,,,,,'40821307010103,3.0,shopify,-4,deny,manual,3.40,,true,false,,,,,,,,,,,,,,,,,,,,,,,,,,,,https://cdn.shopify.com/s/files/1/0454/5845/6736/products/Jig-Head-Articulado-Cafe-natural.png?v=1676298181,kg,,,
jig-head-offset-articulado-cafe-ewg-natural,,,,,,,,,5g,,,7/0,,,,,'40821307010105,5.0,shopify,0,deny,manual,3.66,,true,false,,,,,,,,,,,,,,,,,,,,,,,,,,,,https://cdn.shopify.com/s/files/1/0454/5845/6736/products/Jig-Head-Articulado-Cafe-natural.png?v=1676298181,kg,,,
jig-head-offset-articulado-cafe-ewg-natural,,,,,,,,,7g,,,7/0,,,,,'40821307010107,7.0,shopify,-54,deny,manual,3.66,,true,false,,,,,,,,,,,,,,,,,,,,,,,,,,,,https://cdn.shopify.com/s/files/1/0454/5845/6736/products/Jig-Head-Articulado-Cafe-natural.png?v=1676298181,kg,,,
jig-head-offset-articulado-cafe-ewg-natural,,,,,,,,,9g,,,7/0,,,,,'40821307010109,9.0,shopify,-14,deny,manual,3.66,,true,false,,,,,,,,,,,,,,,,,,,,,,,,,,,,https://cdn.shopify.com/s/files/1/0454/5845/6736/products/Jig-Head-Articulado-Cafe-natural.png?v=1676298181,kg,,,
jig-head-offset-articulado-cafe-ewg-natural,,,,,,,,,12g,,,7/0,,,,,'40821307010112,12.0,shopify,-10,deny,manual,4.12,,true,false,,,,,,,,,,,,,,,,,,,,,,,,,,,,https://cdn.shopify.com/s/files/1/0454/5845/6736/products/Jig-Head-Articulado-Cafe-natural.png?v=1676298181,kg,,,
jig-head-offset-articulado-cafe-ewg-natural,,,,,,,,,14g,,,7/0,,,,,'40821307010114,14.0,shopify,-4,deny,manual,4.12,,true,false,,,,,,,,,,,,,,,,,,,,,,,,,,,,https://cdn.shopify.com/s/files/1/0454/5845/6736/products/Jig-Head-Articulado-Cafe-natural.png?v=1676298181,kg,,,
jig-head-offset-articulado-cafe-ewg-natural,,,,,,,,,16g,,,7/0,,,,,'40821307010116,16.0,shopify,-2,deny,manual,4.12,,true,false,,,,,,,,,,,,,,,,,,,,,,,,,,,,https://cdn.shopify.com/s/files/1/0454/5845/6736/products/Jig-Head-Articulado-Cafe-natural.png?v=1676298181,kg,,,
jig-head-offset-articulado-cafe-ewg-preto,Anzol Jig Head Offset Articulada Café EWG Preta,"<p>O <b>Jig Head Offset EWG Articulado Café</b> chegou para quem busca versatilidade, ação natural e eficiência na pescaria.<br><br>Por ser articulado, o chumbo fica separado do anzol, permitindo que a isca trabalhe com muito mais liberdade e naturalidade, independente do peso utilizado. Isso deixa o nado mais realista e aumenta as chances de ataque.<br><br>O modelo <b>Café</b> é excelente para trabalhar próximo a estruturas, pedras, galhadas e fundos com enroscos, pois seu formato ajuda a passar melhor pelos obstáculos, reduzindo travamentos durante o trabalho da isca.<br><br>O ideal é utilizar o <b>Jig Head Offset EWG Articulado Café</b> com as iscas da <b>Chumbada Oficial</b>, que são iscas <b>floating</b>. Essa combinação proporciona um trabalho ainda mais natural, fazendo com que a isca consiga se movimentar mesmo sem ação direta do pescador, trabalhando sozinha com o próprio movimento da correnteza, da água ou da maré.<br><br>Disponível em uma grande variedade de combinações:<br><br>🎣 Anzóis do <b>#2 ao 7/0</b><br>⚖️ Pesos de <b>3g a 16g</b><br><br>Peça na loja de pesca mais próxima de você ou encomende com seu lojista de confiança.<br><br><b>Chumbada Oficial — empresa certificada CETESB e IBAMA.</b></p>",Chumbada Oficial,Sem categoria,"","Articulado, Cafe, Chumbada, Colorido, EWG, Jig Head, Jig Head Offset Articulado Cafe EWG, Offset, Preta, Todos",true,Peso,5g,,Tamanho do Anzol,2#,,,,,'40821308020905,5.0,,0,continue,manual,3.21,,true,false,,,,,,https://cdn.shopify.com/s/files/1/0454/5845/6736/products/Jig-Head-Articulado-Cafe-preto_43eeb99f-6d0d-43d9-9ba1-fcd11fb35b06.png?v=1701356037,1,Chumbada Jig Head Offser Articulada EWG Preta,false,,,,,,,,,,,,,,,,,,,,kg,,,active
jig-head-offset-articulado-cafe-ewg-preto,,,,,,,,,7g,,,2#,,,,,'40821308020907,7.0,,-10,continue,manual,3.21,,true,false,,,,,,https://cdn.shopify.com/s/files/1/0454/5845/6736/products/Jig-Head-Articulado-Cafe-preto_5e0e585b-8216-41cc-89c7-ba589e9cf4c6.png?v=1701356038,2,"",,,,,,,,,,,,,,,,,,,,,kg,,,
jig-head-offset-articulado-cafe-ewg-preto,,,,,,,,,9g,,,2#,,,,,'40821308020909,9.0,,0,continue,manual,3.21,,true,false,,,,,,https://cdn.shopify.com/s/files/1/0454/5845/6736/products/Jig-Head-Articulado-Cafe-preto_91a851fe-b450-450e-a9f7-8154ec5f156c.png?v=1701356038,3,"",,,,,,,,,,,,,,,,,,,,,kg,,,
jig-head-offset-articulado-cafe-ewg-preto,,,,,,,,,12g,,,2#,,,,,'40821308020912,12.0,,0,continue,manual,4.07,,true,false,,,,,,https://cdn.shopify.com/s/files/1/0454/5845/6736/products/Jig-Head-Articulado-Cafe-preto_c80d484e-6de7-4906-8730-795227d687f4.png?v=1701356038,4,"",,,,,,,,,,,,,,,,,,,,,kg,,,
jig-head-offset-articulado-cafe-ewg-preto,,,,,,,,,14g,,,2#,,,,,'40821308020914,14.0,,0,continue,manual,4.07,,true,false,,,,,,https://cdn.shopify.com/s/files/1/0454/5845/6736/products/Jig-Head-Articulado-Cafe-preto_7cf756e7-ed85-4f2f-b942-45dfe7aa2135.png?v=1701356038,5,"",,,,,,,,,,,,,,,,,,,,,kg,,,
jig-head-offset-articulado-cafe-ewg-preto,,,,,,,,,16g,,,2#,,,,,'40821308020916,16.0,,0,continue,manual,4.07,,true,false,,,,,,https://cdn.shopify.com/s/files/1/0454/5845/6736/products/Jig-Head-Articulado-Cafe-preto_b6c29385-7afd-49e9-867e-24af06936098.png?v=1701356037,6,"",,,,,,,,,,,,,,,,,,,,,kg,,,
jig-head-offset-articulado-cafe-ewg-preto,,,,,,,,,5g,,,1#,,,,,'40821308020805,5.0,shopify,-15,deny,manual,3.21,,true,false,,,,,,https://cdn.shopify.com/s/files/1/0454/5845/6736/products/Jig-Head-Articulado-Cafe-preto_9cd2ee7e-e75f-4b1e-ba64-0cc604034dc9.png?v=1701356037,7,"",,,,,,,,,,,,,,,,,,,,,kg,,,
jig-head-offset-articulado-cafe-ewg-preto,,,,,,,,,7g,,,1#,,,,,'40821308020807,7.0,shopify,0,deny,manual,3.21,,true,false,,,,,,https://cdn.shopify.com/s/files/1/0454/5845/6736/products/Jig-Head-Articulado-Cafe-preto_41021692-66dd-4245-96cd-df313a0a9a6a.png?v=1701356037,8,"",,,,,,,,,,,,,,,,,,,,,kg,,,
jig-head-offset-articulado-cafe-ewg-preto,,,,,,,,,9g,,,1#,,,,,'40821308020809,9.0,shopify,0,deny,manual,3.21,,true,false,,,,,,https://cdn.shopify.com/s/files/1/0454/5845/6736/products/Jig-Head-Articulado-Cafe-preto_1238c7cf-2a53-41a5-9787-bafee78e34f7.png?v=1701356038,9,"",,,,,,,,,,,,,,,,,,,,,kg,,,
jig-head-offset-articulado-cafe-ewg-preto,,,,,,,,,12g,,,1#,,,,,'40821308020812,12.0,shopify,0,deny,manual,4.07,,true,false,,,,,,https://cdn.shopify.com/s/files/1/0454/5845/6736/products/Jig-Head-Articulado-Cafe-preto_92034d2a-022d-4a4a-bd15-fb36b4e7d4b2.png?v=1701356038,10,"",,,,,,,,,,,,,,,,,,,,,kg,,,
jig-head-offset-articulado-cafe-ewg-preto,,,,,,,,,14g,,,1#,,,,,'40821308020814,14.0,shopify,0,deny,manual,4.07,,true,false,,,,,,https://cdn.shopify.com/s/files/1/0454/5845/6736/products/Jig-Head-Articulado-Cafe-preto_60f03bb0-2b04-4dce-9d89-d04b97a1260d.png?v=1701356038,11,"",,,,,,,,,,,,,,,,,,,,,kg,,,
jig-head-offset-articulado-cafe-ewg-preto,,,,,,,,,16g,,,1#,,,,,'40821308020816,16.0,shopify,0,deny,manual,4.07,,true,false,,,,,,https://cdn.shopify.com/s/files/1/0454/5845/6736/products/Jig-Head-Articulado-Cafe-preto_1ec2f9c2-6395-42bc-8093-7357839246f3.png?v=1701356038,12,"",,,,,,,,,,,,,,,,,,,,,kg,,,
jig-head-offset-articulado-cafe-ewg-preto,,,,,,,,,5g,,,1/0,,,,,'40821308020705,5.0,,-35,continue,manual,3.21,,true,false,,,,,,https://cdn.shopify.com/s/files/1/0454/5845/6736/products/Jig-Head-Articulado-Cafe-preto_2b631ddc-5bef-4491-803a-611e81e5dd95.png?v=1701356038,13,"",,,,,,,,,,,,,,,,,,,,,kg,,,
jig-head-offset-articulado-cafe-ewg-preto,,,,,,,,,7g,,,1/0,,,,,'40821308020707,7.0,,-20,continue,manual,3.21,,true,false,,,,,,https://cdn.shopify.com/s/files/1/0454/5845/6736/products/Jig-Head-Articulado-Cafe-preto_b91ee474-58c6-4870-953d-149dac822513.png?v=1701356037,14,"",,,,,,,,,,,,,,,,,,,,,kg,,,
jig-head-offset-articulado-cafe-ewg-preto,,,,,,,,,9g,,,1/0,,,,,'40821308020709,9.0,,0,continue,manual,3.21,,true,false,,,,,,https://cdn.shopify.com/s/files/1/0454/5845/6736/products/Jig-Head-Articulado-Cafe-preto_2cea77a9-1b70-4f58-b5d8-ba9d6ee11f80.png?v=1701356037,15,"",,,,,,,,,,,,,,,,,,,,,kg,,,
jig-head-offset-articulado-cafe-ewg-preto,,,,,,,,,12g,,,1/0,,,,,'40821308020712,12.0,,0,continue,manual,4.07,,true,false,,,,,,https://cdn.shopify.com/s/files/1/0454/5845/6736/products/Jig-Head-Articulado-Cafe-preto_44dbdbda-4234-4051-9edd-1b05b021e251.png?v=1701356038,16,"",,,,,,,,,,,,,,,,,,,,,kg,,,
jig-head-offset-articulado-cafe-ewg-preto,,,,,,,,,14g,,,1/0,,,,,'40821308020714,14.0,,0,continue,manual,4.07,,true,false,,,,,,https://cdn.shopify.com/s/files/1/0454/5845/6736/products/Jig-Head-Articulado-Cafe-preto_80a71658-17dd-40d6-a6c4-71c6246f46e6.png?v=1701356038,17,"",,,,,,,,,,,,,,,,,,,,,kg,,,
jig-head-offset-articulado-cafe-ewg-preto,,,,,,,,,16g,,,1/0,,,,,'40821308020716,16.0,,0,continue,manual,4.07,,true,false,,,,,,https://cdn.shopify.com/s/files/1/0454/5845/6736/products/Jig-Head-Articulado-Cafe-preto_d737135b-585e-4847-b008-7afcc082d057.png?v=1701356038,18,"",,,,,,,,,,,,,,,,,,,,,kg,,,
jig-head-offset-articulado-cafe-ewg-preto,,,,,,,,,5g,,,2/0,,,,,'40821308020605,5.0,,-20,continue,manual,3.54,,true,false,,,,,,https://cdn.shopify.com/s/files/1/0454/5845/6736/products/Jig-Head-Articulado-Cafe-preto_7270c562-70c1-4408-a4be-2ced4aa9e9ca.png?v=1701356038,19,"",,,,,,,,,,,,,,,,,,,,,kg,,,
jig-head-offset-articulado-cafe-ewg-preto,,,,,,,,,7g,,,2/0,,,,,'40821308020607,7.0,,-20,continue,manual,3.54,,true,false,,,,,,https://cdn.shopify.com/s/files/1/0454/5845/6736/products/Jig-Head-Articulado-Cafe-preto_baf67dd3-1eaa-405e-9a03-3f78ce8171da.png?v=1701356038,20,"",,,,,,,,,,,,,,,,,,,,,kg,,,
jig-head-offset-articulado-cafe-ewg-preto,,,,,,,,,9g,,,2/0,,,,,'40821308020609,9.0,,0,continue,manual,3.54,,true,false,,,,,,https://cdn.shopify.com/s/files/1/0454/5845/6736/products/Jig-Head-Articulado-Cafe-preto_2b6c288c-81ac-439f-baea-7ffb8c09de0e.png?v=1701356037,21,"",,,,,,,,,,,,,,,,,,,,,kg,,,
jig-head-offset-articulado-cafe-ewg-preto,,,,,,,,,12g,,,2/0,,,,,'40821308020612,12.0,,0,continue,manual,4.40,,true,false,,,,,,https://cdn.shopify.com/s/files/1/0454/5845/6736/products/Jig-Head-Articulado-Cafe-preto_e980e273-d7ea-476c-b818-08bb1d0bc4f5.png?v=1701356037,22,"",,,,,,,,,,,,,,,,,,,,,kg,,,
jig-head-offset-articulado-cafe-ewg-preto,,,,,,,,,14g,,,2/0,,,,,'40821308020614,14.0,,0,continue,manual,4.40,,true,false,,,,,,https://cdn.shopify.com/s/files/1/0454/5845/6736/products/Jig-Head-Articulado-Cafe-preto_873218dd-e76f-44ee-a48f-a461eb7a6f8d.png?v=1701356037,23,"",,,,,,,,,,,,,,,,,,,,,kg,,,
jig-head-offset-articulado-cafe-ewg-preto,,,,,,,,,16g,,,2/0,,,,,'40821308020616,16.0,,0,continue,manual,4.40,,true,false,,,,,,https://cdn.shopify.com/s/files/1/0454/5845/6736/products/Jig-Head-Articulado-Cafe-preto_9d781115-dda5-42c4-84c6-83e341a539d2.png?v=1701356038,24,"",,,,,,,,,,,,,,,,,,,,,kg,,,
jig-head-offset-articulado-cafe-ewg-preto,,,,,,,,,5g,,,3/0,,,,,'40821308020505,5.0,,0,continue,manual,3.75,,true,false,,,,,,https://cdn.shopify.com/s/files/1/0454/5845/6736/products/Jig-Head-Articulado-Cafe-preto_2a467a8f-d031-4170-8201-576712ea0222.png?v=1701356038,25,"",,,,,,,,,,,,,,,,,,,,,kg,,,
jig-head-offset-articulado-cafe-ewg-preto,,,,,,,,,7g,,,3/0,,,,,'40821308020507,7.0,,-19,continue,manual,3.75,,true,false,,,,,,https://cdn.shopify.com/s/files/1/0454/5845/6736/products/Jig-Head-Articulado-Cafe-preto_04317a61-5b1c-4567-9f68-204d9248f57a.png?v=1701356038,26,"",,,,,,,,,,,,,,,,,,,,,kg,,,
jig-head-offset-articulado-cafe-ewg-preto,,,,,,,,,9g,,,3/0,,,,,'40821308020509,9.0,,0,continue,manual,3.75,,true,false,,,,,,https://cdn.shopify.com/s/files/1/0454/5845/6736/products/Jig-Head-Articulado-Cafe-preto_7134b1a0-f727-400c-8dd6-f41a8db472b9.png?v=1701356038,27,"",,,,,,,,,,,,,,,,,,,,,kg,,,
jig-head-offset-articulado-cafe-ewg-preto,,,,,,,,,12g,,,3/0,,,,,'40821308020512,12.0,,0,continue,manual,4.61,,true,false,,,,,,https://cdn.shopify.com/s/files/1/0454/5845/6736/products/Jig-Head-Articulado-Cafe-preto_f65ed826-663d-4515-9c11-e769d299e26d.png?v=1701356038,28,"",,,,,,,,,,,,,,,,,,,,,kg,,,
jig-head-offset-articulado-cafe-ewg-preto,,,,,,,,,14g,,,3/0,,,,,'40821308020514,14.0,,0,continue,manual,4.61,,true,false,,,,,,https://cdn.shopify.com/s/files/1/0454/5845/6736/products/Jig-Head-Articulado-Cafe-preto_68ab9dd0-0132-48b4-82ea-1f93528cfe4d.png?v=1701356037,29,"",,,,,,,,,,,,,,,,,,,,,kg,,,
jig-head-offset-articulado-cafe-ewg-preto,,,,,,,,,16g,,,3/0,,,,,'40821308020516,16.0,,0,continue,manual,4.61,,true,false,,,,,,https://cdn.shopify.com/s/files/1/0454/5845/6736/products/Jig-Head-Articulado-Cafe-preto_ee4893c3-4dfa-4fc0-ab92-9119be3cdb3f.png?v=1701356037,30,"",,,,,,,,,,,,,,,,,,,,,kg,,,
jig-head-offset-articulado-cafe-ewg-preto,,,,,,,,,5g,,,4/0,,,,,'40821308020405,5.0,,-25,continue,manual,3.87,,true,false,,,,,,https://cdn.shopify.com/s/files/1/0454/5845/6736/products/Jig-Head-Articulado-Cafe-preto_b2601dd9-a2dd-4618-a0d6-7f746f285acc.png?v=1701356037,31,"",,,,,,,,,,,,,,,,,,,,,kg,,,
jig-head-offset-articulado-cafe-ewg-preto,,,,,,,,,7g,,,4/0,,,,,'40821308020407,7.0,,-15,continue,manual,3.87,,true,false,,,,,,https://cdn.shopify.com/s/files/1/0454/5845/6736/products/Jig-Head-Articulado-Cafe-preto_90a8f6a4-e8ab-4e40-8ba0-e2480832d738.png?v=1701356038,32,"",,,,,,,,,,,,,,,,,,,,,kg,,,
jig-head-offset-articulado-cafe-ewg-preto,,,,,,,,,9g,,,4/0,,,,,'40821308020409,9.0,,0,continue,manual,3.87,,true,false,,,,,,https://cdn.shopify.com/s/files/1/0454/5845/6736/products/Jig-Head-Articulado-Cafe-preto_0add8ddc-6b7d-4573-8adc-6979456d7b60.png?v=1701356038,33,"",,,,,,,,,,,,,,,,,,,,,kg,,,
jig-head-offset-articulado-cafe-ewg-preto,,,,,,,,,12g,,,4/0,,,,,'40821308020412,12.0,,0,continue,manual,4.73,,true,false,,,,,,https://cdn.shopify.com/s/files/1/0454/5845/6736/products/Jig-Head-Articulado-Cafe-preto_5e4f6199-2170-444a-8e4b-62e6b4a21563.png?v=1701356038,34,"",,,,,,,,,,,,,,,,,,,,,kg,,,
jig-head-offset-articulado-cafe-ewg-preto,,,,,,,,,14g,,,4/0,,,,,'40821308020414,14.0,,0,continue,manual,4.73,,true,false,,,,,,https://cdn.shopify.com/s/files/1/0454/5845/6736/products/Jig-Head-Articulado-Cafe-preto_091c4c24-13e6-4fb7-9112-049c5012ecd3.png?v=1701356038,35,"",,,,,,,,,,,,,,,,,,,,,kg,,,
jig-head-offset-articulado-cafe-ewg-preto,,,,,,,,,16g,,,4/0,,,,,'40821308020416,16.0,,0,continue,manual,4.73,,true,false,,,,,,https://cdn.shopify.com/s/files/1/0454/5845/6736/products/Jig-Head-Articulado-Cafe-preto_3bfac60e-de0b-4171-854c-7cd59f620502.png?v=1701356038,36,"",,,,,,,,,,,,,,,,,,,,,kg,,,
jig-head-offset-articulado-cafe-ewg-preto,,,,,,,,,5g,,,5/0,,,,,'40821308020305,5.0,,-25,continue,manual,4.11,,true,false,,,,,,https://cdn.shopify.com/s/files/1/0454/5845/6736/products/Jig-Head-Articulado-Cafe-preto_4e0ff2fa-b9be-42d4-b683-755ed0a469e8.png?v=1701356037,37,"",,,,,,,,,,,,,,,,,,,,,kg,,,
jig-head-offset-articulado-cafe-ewg-preto,,,,,,,,,7g,,,5/0,,,,,'40821308020307,7.0,,-15,continue,manual,4.11,,true,false,,,,,,https://cdn.shopify.com/s/files/1/0454/5845/6736/products/Jig-Head-Articulado-Cafe-preto_176c8a39-ce03-4afc-8a9b-4ea9bee45d17.png?v=1701356037,38,"",,,,,,,,,,,,,,,,,,,,,kg,,,
jig-head-offset-articulado-cafe-ewg-preto,,,,,,,,,9g,,,5/0,,,,,'40821308020309,9.0,,0,continue,manual,4.11,,true,false,,,,,,https://cdn.shopify.com/s/files/1/0454/5845/6736/products/Jig-Head-Articulado-Cafe-preto_d2911e5e-5b39-4938-82fe-082a3ccbf809.png?v=1701356038,39,"",,,,,,,,,,,,,,,,,,,,,kg,,,
jig-head-offset-articulado-cafe-ewg-preto,,,,,,,,,12g,,,5/0,,,,,'40821308020312,12.0,,-15,continue,manual,4.97,,true,false,,,,,,https://cdn.shopify.com/s/files/1/0454/5845/6736/products/Jig-Head-Articulado-Cafe-preto_233af6e9-35eb-470b-a1a8-3c377a7707f6.png?v=1701356038,40,"",,,,,,,,,,,,,,,,,,,,,kg,,,
jig-head-offset-articulado-cafe-ewg-preto,,,,,,,,,14g,,,5/0,,,,,'40821308020314,14.0,,-15,continue,manual,4.97,,true,false,,,,,,https://cdn.shopify.com/s/files/1/0454/5845/6736/products/Jig-Head-Articulado-Cafe-preto_3eacaef9-4da0-4c56-a1ba-b4f8e6be1188.png?v=1701356038,41,"",,,,,,,,,,,,,,,,,,,,,kg,,,
jig-head-offset-articulado-cafe-ewg-preto,,,,,,,,,16g,,,5/0,,,,,'40821308020316,16.0,,0,continue,manual,4.97,,true,false,,,,,,https://cdn.shopify.com/s/files/1/0454/5845/6736/products/Jig-Head-Articulado-Cafe-preto_78cf21f4-2964-49ad-9342-ef3517610793.png?v=1701356038,42,"",,,,,,,,,,,,,,,,,,,,,kg,,,
jig-head-offset-articulado-cafe-ewg-preto,,,,,,,,,5g,,,6/0,,,,,'40821308020205,5.0,,-10,continue,manual,4.29,,true,false,,,,,,https://cdn.shopify.com/s/files/1/0454/5845/6736/products/Jig-Head-Articulado-Cafe-preto_1187e3da-839d-41ba-803b-1f4dcededdb3.png?v=1701356038,43,"",,,,,,,,,,,,,,,,,,,,,kg,,,
jig-head-offset-articulado-cafe-ewg-preto,,,,,,,,,7g,,,6/0,,,,,'40821308020207,7.0,,0,continue,manual,4.29,,true,false,,,,,,https://cdn.shopify.com/s/files/1/0454/5845/6736/products/Jig-Head-Articulado-Cafe-preto_bafe7b02-aa15-4b1c-b6ef-3ba293e4967b.png?v=1701356038,44,"",,,,,,,,,,,,,,,,,,,,,kg,,,
jig-head-offset-articulado-cafe-ewg-preto,,,,,,,,,9g,,,6/0,,,,,'40821308020209,9.0,,0,continue,manual,4.29,,true,false,,,,,,https://cdn.shopify.com/s/files/1/0454/5845/6736/products/Jig-Head-Articulado-Cafe-preto_472fc041-46b1-4303-9602-132193513be2.png?v=1701356038,45,"",,,,,,,,,,,,,,,,,,,,,kg,,,
jig-head-offset-articulado-cafe-ewg-preto,,,,,,,,,12g,,,6/0,,,,,'40821308020212,12.0,,0,continue,manual,5.15,,true,false,,,,,,https://cdn.shopify.com/s/files/1/0454/5845/6736/products/Jig-Head-Articulado-Cafe-preto_14aaf0d2-52e6-40db-81be-4c926f097ba8.png?v=1701356038,46,"",,,,,,,,,,,,,,,,,,,,,kg,,,
jig-head-offset-articulado-cafe-ewg-preto,,,,,,,,,14g,,,6/0,,,,,'40821308020214,14.0,,0,continue,manual,5.15,,true,false,,,,,,https://cdn.shopify.com/s/files/1/0454/5845/6736/products/Jig-Head-Articulado-Cafe-preto_a1d17b2d-4cba-49f4-9ecf-806467208d39.png?v=1701356038,47,"",,,,,,,,,,,,,,,,,,,,,kg,,,
jig-head-offset-articulado-cafe-ewg-preto,,,,,,,,,16g,,,6/0,,,,,'40821308020216,16.0,,0,continue,manual,5.15,,true,false,,,,,,https://cdn.shopify.com/s/files/1/0454/5845/6736/products/Jig-Head-Articulado-Cafe-preto_f8c8c8d4-9eb7-48e6-829f-3203b1ca9689.png?v=1701356038,48,"",,,,,,,,,,,,,,,,,,,,,kg,,,
jig-head-offset-articulado-cafe-ewg-preto,,,,,,,,,5g,,,7/0,,,,,'40821308020105,5.0,shopify,0,deny,manual,4.46,,true,false,,,,,,https://cdn.shopify.com/s/files/1/0454/5845/6736/products/Jig-Head-Articulado-Cafe-preto_39487901-a8a1-41b5-9c9a-84d732671bfb.png?v=1701356038,49,"",,,,,,,,,,,,,,,,,,,,,kg,,,
jig-head-offset-articulado-cafe-ewg-preto,,,,,,,,,7g,,,7/0,,,,,'40821308020107,7.0,shopify,0,deny,manual,4.46,,true,false,,,,,,https://cdn.shopify.com/s/files/1/0454/5845/6736/products/Jig-Head-Articulado-Cafe-preto_e7d03906-1684-4139-8464-b38413ac30e5.png?v=1701356038,50,"",,,,,,,,,,,,,,,,,,,,,kg,,,
jig-head-offset-articulado-cafe-ewg-preto,,,,,,,,,9g,,,7/0,,,,,'40821308020109,9.0,shopify,0,deny,manual,4.46,,true,false,,,,,,https://cdn.shopify.com/s/files/1/0454/5845/6736/products/Jig-Head-Articulado-Cafe-preto_0d81b319-2000-44ff-9fcb-08b9eef31bca.png?v=1701356038,51,"",,,,,,,,,,,,,,,,,,,,,kg,,,
jig-head-offset-articulado-cafe-ewg-preto,,,,,,,,,12g,,,7/0,,,,,'40821308020112,12.0,shopify,0,deny,manual,5.32,,true,false,,,,,,https://cdn.shopify.com/s/files/1/0454/5845/6736/products/Jig-Head-Articulado-Cafe-preto_c904d83e-26bb-48cb-80fc-8851f9dd8a81.png?v=1701356038,52,"",,,,,,,,,,,,,,,,,,,,,kg,,,
jig-head-offset-articulado-cafe-ewg-preto,,,,,,,,,14g,,,7/0,,,,,'40821308020114,14.0,shopify,0,deny,manual,5.32,,true,false,,,,,,https://cdn.shopify.com/s/files/1/0454/5845/6736/products/Jig-Head-Articulado-Cafe-preto_4e470081-67dc-4807-bbc3-d2a70d5e633a.png?v=1701356038,53,"",,,,,,,,,,,,,,,,,,,,,kg,,,
jig-head-offset-articulado-cafe-ewg-preto,,,,,,,,,16g,,,7/0,,,,,'40821308020116,16.0,shopify,0,deny,manual,5.32,,true,false,,,,,,https://cdn.shopify.com/s/files/1/0454/5845/6736/products/Jig-Head-Articulado-Cafe-preto_fdd2671a-7fc3-4427-96a7-5966ccdefcd5.png?v=1701356038,54,"",,,,,,,,,,,,,,,,,,,,,kg,,,
jig-head-offset-articulado-cafe-ewg-preto,,,,,,,,,,,,,,,,,,,,,,,,,,,,,,,,https://cdn.shopify.com/s/files/1/0454/5845/6736/products/Jig-Head-Articulado-Cafe-preto_a5a36bfd-18e0-4b06-ae48-15f4ae462798.png?v=1701356038,55,"",,,,,,,,,,,,,,,,,,,,,,,,
jig-head-offset-articulado-cafe-ewg-preto,,,,,,,,,,,,,,,,,,,,,,,,,,,,,,,,https://cdn.shopify.com/s/files/1/0454/5845/6736/products/Jig-Head-Articulado-Cafe-preto_0ee7e673-11c1-4400-9fc1-c3770f2e55d0.png?v=1701356038,56,"",,,,,,,,,,,,,,,,,,,,,,,,
jig-head-offset-articulado-cafe-ewg-vermelho,Anzol Jig Head Offset Articulada Café EWG Vermelha,"<p>O <b>Jig Head Offset EWG Articulado Café</b> chegou para quem busca versatilidade, ação natural e eficiência na pescaria.<br><br>Por ser articulado, o chumbo fica separado do anzol, permitindo que a isca trabalhe com muito mais liberdade e naturalidade, independente do peso utilizado. Isso deixa o nado mais realista e aumenta as chances de ataque.<br><br>O modelo <b>Café</b> é excelente para trabalhar próximo a estruturas, pedras, galhadas e fundos com enroscos, pois seu formato ajuda a passar melhor pelos obstáculos, reduzindo travamentos durante o trabalho da isca.<br><br>O ideal é utilizar o <b>Jig Head Offset EWG Articulado Café</b> com as iscas da <b>Chumbada Oficial</b>, que são iscas <b>floating</b>. Essa combinação proporciona um trabalho ainda mais natural, fazendo com que a isca consiga se movimentar mesmo sem ação direta do pescador, trabalhando sozinha com o próprio movimento da correnteza, da água ou da maré.<br><br>Disponível em uma grande variedade de combinações:<br><br>🎣 Anzóis do <b>#2 ao 7/0</b><br>⚖️ Pesos de <b>3g a 16g</b><br><br>Peça na loja de pesca mais próxima de você ou encomende com seu lojista de confiança.<br><br><b>Chumbada Oficial — empresa certificada CETESB e IBAMA.</b></p>",Chumbada Oficial,Sem categoria,"","Articulado, Cafe, Chumbada, Colorido, EWG, Jig Head, Jig Head Offset Articulado Cafe EWG, Offset, Todos, Vermelha",true,Peso,5g,,Tamanho do Anzol,2#,,,,,'40821308040905,5.0,,0,continue,manual,3.21,,true,false,,,,,,https://cdn.shopify.com/s/files/1/0454/5845/6736/products/Jig-Head-Articulado-Cafe-vermelho.png?v=1676298220,1,Chumbada Jig Head Offser Articulada EWG Vermelha,false,,,,,,,,,,,,,,,,,,,https://cdn.shopify.com/s/files/1/0454/5845/6736/products/Jig-Head-Articulado-Cafe-vermelho.png?v=1676298220,kg,,,active
jig-head-offset-articulado-cafe-ewg-vermelho,,,,,,,,,7g,,,2#,,,,,'40821308040907,7.0,,0,continue,manual,3.21,,true,false,,,,,,https://cdn.shopify.com/s/files/1/0454/5845/6736/products/Jig-Head-Articulado-Cafe-vermelho_4bcbd05b-9cb3-4234-8ad5-e072f34896c5.png?v=1677779478,2,"",,,,,,,,,,,,,,,,,,,,https://cdn.shopify.com/s/files/1/0454/5845/6736/products/Jig-Head-Articulado-Cafe-vermelho.png?v=1676298220,kg,,,
jig-head-offset-articulado-cafe-ewg-vermelho,,,,,,,,,9g,,,2#,,,,,'40821308040909,9.0,,-5,continue,manual,3.21,,true,false,,,,,,,,,,,,,,,,,,,,,,,,,,,,https://cdn.shopify.com/s/files/1/0454/5845/6736/products/Jig-Head-Articulado-Cafe-vermelho.png?v=1676298220,kg,,,
jig-head-offset-articulado-cafe-ewg-vermelho,,,,,,,,,12g,,,2#,,,,,'40821308040912,12.0,,0,continue,manual,4.07,,true,false,,,,,,,,,,,,,,,,,,,,,,,,,,,,https://cdn.shopify.com/s/files/1/0454/5845/6736/products/Jig-Head-Articulado-Cafe-vermelho.png?v=1676298220,kg,,,
jig-head-offset-articulado-cafe-ewg-vermelho,,,,,,,,,14g,,,2#,,,,,'40821308040914,14.0,,0,continue,manual,4.07,,true,false,,,,,,,,,,,,,,,,,,,,,,,,,,,,https://cdn.shopify.com/s/files/1/0454/5845/6736/products/Jig-Head-Articulado-Cafe-vermelho.png?v=1676298220,kg,,,
jig-head-offset-articulado-cafe-ewg-vermelho,,,,,,,,,16g,,,2#,,,,,'40821308040916,16.0,,0,continue,manual,4.07,,true,false,,,,,,,,,,,,,,,,,,,,,,,,,,,,https://cdn.shopify.com/s/files/1/0454/5845/6736/products/Jig-Head-Articulado-Cafe-vermelho.png?v=1676298220,kg,,,
jig-head-offset-articulado-cafe-ewg-vermelho,,,,,,,,,5g,,,1#,,,,,'40821308040805,5.0,shopify,0,deny,manual,3.21,,true,false,,,,,,,,,,,,,,,,,,,,,,,,,,,,https://cdn.shopify.com/s/files/1/0454/5845/6736/products/Jig-Head-Articulado-Cafe-vermelho.png?v=1676298220,kg,,,
jig-head-offset-articulado-cafe-ewg-vermelho,,,,,,,,,7g,,,1#,,,,,'40821308040807,7.0,shopify,0,deny,manual,3.21,,true,false,,,,,,,,,,,,,,,,,,,,,,,,,,,,https://cdn.shopify.com/s/files/1/0454/5845/6736/products/Jig-Head-Articulado-Cafe-vermelho.png?v=1676298220,kg,,,
jig-head-offset-articulado-cafe-ewg-vermelho,,,,,,,,,9g,,,1#,,,,,'40821308040809,9.0,shopify,0,deny,manual,3.21,,true,false,,,,,,,,,,,,,,,,,,,,,,,,,,,,https://cdn.shopify.com/s/files/1/0454/5845/6736/products/Jig-Head-Articulado-Cafe-vermelho.png?v=1676298220,kg,,,
jig-head-offset-articulado-cafe-ewg-vermelho,,,,,,,,,12g,,,1#,,,,,'40821308040812,12.0,shopify,0,deny,manual,4.07,,true,false,,,,,,,,,,,,,,,,,,,,,,,,,,,,https://cdn.shopify.com/s/files/1/0454/5845/6736/products/Jig-Head-Articulado-Cafe-vermelho.png?v=1676298220,kg,,,
jig-head-offset-articulado-cafe-ewg-vermelho,,,,,,,,,14g,,,1#,,,,,'40821308040814,14.0,shopify,0,deny,manual,4.07,,true,false,,,,,,,,,,,,,,,,,,,,,,,,,,,,https://cdn.shopify.com/s/files/1/0454/5845/6736/products/Jig-Head-Articulado-Cafe-vermelho.png?v=1676298220,kg,,,
jig-head-offset-articulado-cafe-ewg-vermelho,,,,,,,,,16g,,,1#,,,,,'40821308040816,16.0,shopify,0,deny,manual,4.07,,true,false,,,,,,,,,,,,,,,,,,,,,,,,,,,,https://cdn.shopify.com/s/files/1/0454/5845/6736/products/Jig-Head-Articulado-Cafe-vermelho.png?v=1676298220,kg,,,
jig-head-offset-articulado-cafe-ewg-vermelho,,,,,,,,,5g,,,1/0,,,,,'40821308040705,5.0,,0,continue,manual,3.21,,true,false,,,,,,,,,,,,,,,,,,,,,,,,,,,,https://cdn.shopify.com/s/files/1/0454/5845/6736/products/Jig-Head-Articulado-Cafe-vermelho.png?v=1676298220,kg,,,
jig-head-offset-articulado-cafe-ewg-vermelho,,,,,,,,,7g,,,1/0,,,,,'40821308040707,7.0,,-20,continue,manual,3.21,,true,false,,,,,,,,,,,,,,,,,,,,,,,,,,,,https://cdn.shopify.com/s/files/1/0454/5845/6736/products/Jig-Head-Articulado-Cafe-vermelho.png?v=1676298220,kg,,,
jig-head-offset-articulado-cafe-ewg-vermelho,,,,,,,,,9g,,,1/0,,,,,'40821308040709,9.0,,0,continue,manual,3.21,,true,false,,,,,,,,,,,,,,,,,,,,,,,,,,,,https://cdn.shopify.com/s/files/1/0454/5845/6736/products/Jig-Head-Articulado-Cafe-vermelho.png?v=1676298220,kg,,,
jig-head-offset-articulado-cafe-ewg-vermelho,,,,,,,,,12g,,,1/0,,,,,'40821308040712,12.0,,0,continue,manual,4.07,,true,false,,,,,,,,,,,,,,,,,,,,,,,,,,,,https://cdn.shopify.com/s/files/1/0454/5845/6736/products/Jig-Head-Articulado-Cafe-vermelho.png?v=1676298220,kg,,,
jig-head-offset-articulado-cafe-ewg-vermelho,,,,,,,,,14g,,,1/0,,,,,'40821308040714,14.0,,0,continue,manual,4.07,,true,false,,,,,,,,,,,,,,,,,,,,,,,,,,,,https://cdn.shopify.com/s/files/1/0454/5845/6736/products/Jig-Head-Articulado-Cafe-vermelho.png?v=1676298220,kg,,,
jig-head-offset-articulado-cafe-ewg-vermelho,,,,,,,,,16g,,,1/0,,,,,'40821308040716,16.0,,0,continue,manual,4.07,,true,false,,,,,,,,,,,,,,,,,,,,,,,,,,,,https://cdn.shopify.com/s/files/1/0454/5845/6736/products/Jig-Head-Articulado-Cafe-vermelho.png?v=1676298220,kg,,,
jig-head-offset-articulado-cafe-ewg-vermelho,,,,,,,,,5g,,,2/0,,,,,'40821308040605,5.0,,0,continue,manual,3.54,,true,false,,,,,,,,,,,,,,,,,,,,,,,,,,,,https://cdn.shopify.com/s/files/1/0454/5845/6736/products/Jig-Head-Articulado-Cafe-vermelho.png?v=1676298220,kg,,,
jig-head-offset-articulado-cafe-ewg-vermelho,,,,,,,,,7g,,,2/0,,,,,'40821308040607,7.0,,-25,continue,manual,3.54,,true,false,,,,,,,,,,,,,,,,,,,,,,,,,,,,https://cdn.shopify.com/s/files/1/0454/5845/6736/products/Jig-Head-Articulado-Cafe-vermelho.png?v=1676298220,kg,,,
jig-head-offset-articulado-cafe-ewg-vermelho,,,,,,,,,9g,,,2/0,,,,,'40821308040609,9.0,,0,continue,manual,3.54,,true,false,,,,,,,,,,,,,,,,,,,,,,,,,,,,https://cdn.shopify.com/s/files/1/0454/5845/6736/products/Jig-Head-Articulado-Cafe-vermelho.png?v=1676298220,kg,,,
jig-head-offset-articulado-cafe-ewg-vermelho,,,,,,,,,12g,,,2/0,,,,,'40821308040612,12.0,,0,continue,manual,4.40,,true,false,,,,,,,,,,,,,,,,,,,,,,,,,,,,https://cdn.shopify.com/s/files/1/0454/5845/6736/products/Jig-Head-Articulado-Cafe-vermelho.png?v=1676298220,kg,,,
jig-head-offset-articulado-cafe-ewg-vermelho,,,,,,,,,14g,,,2/0,,,,,'40821308040614,14.0,,0,continue,manual,4.40,,true,false,,,,,,,,,,,,,,,,,,,,,,,,,,,,https://cdn.shopify.com/s/files/1/0454/5845/6736/products/Jig-Head-Articulado-Cafe-vermelho.png?v=1676298220,kg,,,
jig-head-offset-articulado-cafe-ewg-vermelho,,,,,,,,,16g,,,2/0,,,,,'40821308040616,16.0,,0,continue,manual,4.40,,true,false,,,,,,,,,,,,,,,,,,,,,,,,,,,,https://cdn.shopify.com/s/files/1/0454/5845/6736/products/Jig-Head-Articulado-Cafe-vermelho.png?v=1676298220,kg,,,
jig-head-offset-articulado-cafe-ewg-vermelho,,,,,,,,,5g,,,3/0,,,,,'40821308040505,5.0,,-30,continue,manual,3.75,,true,false,,,,,,,,,,,,,,,,,,,,,,,,,,,,https://cdn.shopify.com/s/files/1/0454/5845/6736/products/Jig-Head-Articulado-Cafe-vermelho.png?v=1676298220,kg,,,
jig-head-offset-articulado-cafe-ewg-vermelho,,,,,,,,,7g,,,3/0,,,,,'40821308040507,7.0,,0,continue,manual,3.75,,true,false,,,,,,,,,,,,,,,,,,,,,,,,,,,,https://cdn.shopify.com/s/files/1/0454/5845/6736/products/Jig-Head-Articulado-Cafe-vermelho.png?v=1676298220,kg,,,
jig-head-offset-articulado-cafe-ewg-vermelho,,,,,,,,,9g,,,3/0,,,,,'40821308040509,9.0,,0,continue,manual,3.75,,true,false,,,,,,,,,,,,,,,,,,,,,,,,,,,,https://cdn.shopify.com/s/files/1/0454/5845/6736/products/Jig-Head-Articulado-Cafe-vermelho.png?v=1676298220,kg,,,
jig-head-offset-articulado-cafe-ewg-vermelho,,,,,,,,,12g,,,3/0,,,,,'40821308040512,12.0,,-6,continue,manual,4.61,,true,false,,,,,,,,,,,,,,,,,,,,,,,,,,,,https://cdn.shopify.com/s/files/1/0454/5845/6736/products/Jig-Head-Articulado-Cafe-vermelho.png?v=1676298220,kg,,,
jig-head-offset-articulado-cafe-ewg-vermelho,,,,,,,,,14g,,,3/0,,,,,'40821308040514,14.0,,0,continue,manual,4.61,,true,false,,,,,,,,,,,,,,,,,,,,,,,,,,,,https://cdn.shopify.com/s/files/1/0454/5845/6736/products/Jig-Head-Articulado-Cafe-vermelho.png?v=1676298220,kg,,,
jig-head-offset-articulado-cafe-ewg-vermelho,,,,,,,,,16g,,,3/0,,,,,'40821308040516,16.0,,0,continue,manual,4.61,,true,false,,,,,,,,,,,,,,,,,,,,,,,,,,,,https://cdn.shopify.com/s/files/1/0454/5845/6736/products/Jig-Head-Articulado-Cafe-vermelho.png?v=1676298220,kg,,,
jig-head-offset-articulado-cafe-ewg-vermelho,,,,,,,,,5g,,,4/0,,,,,'40821308040405,5.0,,0,continue,manual,3.87,,true,false,,,,,,,,,,,,,,,,,,,,,,,,,,,,https://cdn.shopify.com/s/files/1/0454/5845/6736/products/Jig-Head-Articulado-Cafe-vermelho.png?v=1676298220,kg,,,
jig-head-offset-articulado-cafe-ewg-vermelho,,,,,,,,,7g,,,4/0,,,,,'40821308040407,7.0,,0,continue,manual,3.87,,true,false,,,,,,,,,,,,,,,,,,,,,,,,,,,,https://cdn.shopify.com/s/files/1/0454/5845/6736/products/Jig-Head-Articulado-Cafe-vermelho.png?v=1676298220,kg,,,
jig-head-offset-articulado-cafe-ewg-vermelho,,,,,,,,,9g,,,4/0,,,,,'40821308040409,9.0,,0,continue,manual,3.87,,true,false,,,,,,,,,,,,,,,,,,,,,,,,,,,,https://cdn.shopify.com/s/files/1/0454/5845/6736/products/Jig-Head-Articulado-Cafe-vermelho.png?v=1676298220,kg,,,
jig-head-offset-articulado-cafe-ewg-vermelho,,,,,,,,,12g,,,4/0,,,,,'40821308040412,12.0,,-5,continue,manual,4.73,,true,false,,,,,,,,,,,,,,,,,,,,,,,,,,,,https://cdn.shopify.com/s/files/1/0454/5845/6736/products/Jig-Head-Articulado-Cafe-vermelho.png?v=1676298220,kg,,,
jig-head-offset-articulado-cafe-ewg-vermelho,,,,,,,,,14g,,,4/0,,,,,'40821308040414,14.0,,-5,continue,manual,4.73,,true,false,,,,,,,,,,,,,,,,,,,,,,,,,,,,https://cdn.shopify.com/s/files/1/0454/5845/6736/products/Jig-Head-Articulado-Cafe-vermelho.png?v=1676298220,kg,,,
jig-head-offset-articulado-cafe-ewg-vermelho,,,,,,,,,16g,,,4/0,,,,,'40821308040416,16.0,,-5,continue,manual,4.73,,true,false,,,,,,,,,,,,,,,,,,,,,,,,,,,,https://cdn.shopify.com/s/files/1/0454/5845/6736/products/Jig-Head-Articulado-Cafe-vermelho.png?v=1676298220,kg,,,
jig-head-offset-articulado-cafe-ewg-vermelho,,,,,,,,,5g,,,5/0,,,,,'40821308040305,5.0,,0,continue,manual,4.11,,true,false,,,,,,,,,,,,,,,,,,,,,,,,,,,,https://cdn.shopify.com/s/files/1/0454/5845/6736/products/Jig-Head-Articulado-Cafe-vermelho.png?v=1676298220,kg,,,
jig-head-offset-articulado-cafe-ewg-vermelho,,,,,,,,,7g,,,5/0,,,,,'40821308040307,7.0,,-5,continue,manual,4.11,,true,false,,,,,,,,,,,,,,,,,,,,,,,,,,,,https://cdn.shopify.com/s/files/1/0454/5845/6736/products/Jig-Head-Articulado-Cafe-vermelho.png?v=1676298220,kg,,,
jig-head-offset-articulado-cafe-ewg-vermelho,,,,,,,,,9g,,,5/0,,,,,'40821308040309,9.0,,0,continue,manual,4.11,,true,false,,,,,,,,,,,,,,,,,,,,,,,,,,,,https://cdn.shopify.com/s/files/1/0454/5845/6736/products/Jig-Head-Articulado-Cafe-vermelho.png?v=1676298220,kg,,,
jig-head-offset-articulado-cafe-ewg-vermelho,,,,,,,,,12g,,,5/0,,,,,'40821308040312,12.0,,-20,continue,manual,4.97,,true,false,,,,,,,,,,,,,,,,,,,,,,,,,,,,https://cdn.shopify.com/s/files/1/0454/5845/6736/products/Jig-Head-Articulado-Cafe-vermelho.png?v=1676298220,kg,,,
jig-head-offset-articulado-cafe-ewg-vermelho,,,,,,,,,14g,,,5/0,,,,,'40821308040314,14.0,,0,continue,manual,4.97,,true,false,,,,,,,,,,,,,,,,,,,,,,,,,,,,https://cdn.shopify.com/s/files/1/0454/5845/6736/products/Jig-Head-Articulado-Cafe-vermelho.png?v=1676298220,kg,,,
jig-head-offset-articulado-cafe-ewg-vermelho,,,,,,,,,16g,,,5/0,,,,,'40821308040316,16.0,,0,continue,manual,4.97,,true,false,,,,,,,,,,,,,,,,,,,,,,,,,,,,https://cdn.shopify.com/s/files/1/0454/5845/6736/products/Jig-Head-Articulado-Cafe-vermelho.png?v=1676298220,kg,,,
jig-head-offset-articulado-cafe-ewg-vermelho,,,,,,,,,5g,,,6/0,,,,,'40821308040205,5.0,,0,continue,manual,4.29,,true,false,,,,,,,,,,,,,,,,,,,,,,,,,,,,https://cdn.shopify.com/s/files/1/0454/5845/6736/products/Jig-Head-Articulado-Cafe-vermelho.png?v=1676298220,kg,,,
jig-head-offset-articulado-cafe-ewg-vermelho,,,,,,,,,7g,,,6/0,,,,,'40821308040207,7.0,,0,continue,manual,4.29,,true,false,,,,,,,,,,,,,,,,,,,,,,,,,,,,https://cdn.shopify.com/s/files/1/0454/5845/6736/products/Jig-Head-Articulado-Cafe-vermelho.png?v=1676298220,kg,,,
jig-head-offset-articulado-cafe-ewg-vermelho,,,,,,,,,9g,,,6/0,,,,,'40821308040209,9.0,,0,continue,manual,4.29,,true,false,,,,,,,,,,,,,,,,,,,,,,,,,,,,https://cdn.shopify.com/s/files/1/0454/5845/6736/products/Jig-Head-Articulado-Cafe-vermelho.png?v=1676298220,kg,,,
jig-head-offset-articulado-cafe-ewg-vermelho,,,,,,,,,12g,,,6/0,,,,,'40821308040212,12.0,,0,continue,manual,5.15,,true,false,,,,,,,,,,,,,,,,,,,,,,,,,,,,https://cdn.shopify.com/s/files/1/0454/5845/6736/products/Jig-Head-Articulado-Cafe-vermelho.png?v=1676298220,kg,,,
jig-head-offset-articulado-cafe-ewg-vermelho,,,,,,,,,14g,,,6/0,,,,,'40821308040214,14.0,,-20,continue,manual,5.15,,true,false,,,,,,,,,,,,,,,,,,,,,,,,,,,,https://cdn.shopify.com/s/files/1/0454/5845/6736/products/Jig-Head-Articulado-Cafe-vermelho.png?v=1676298220,kg,,,
jig-head-offset-articulado-cafe-ewg-vermelho,,,,,,,,,16g,,,6/0,,,,,'40821308040216,16.0,,0,continue,manual,5.15,,true,false,,,,,,,,,,,,,,,,,,,,,,,,,,,,https://cdn.shopify.com/s/files/1/0454/5845/6736/products/Jig-Head-Articulado-Cafe-vermelho.png?v=1676298220,kg,,,
jig-head-offset-articulado-cafe-ewg-vermelho,,,,,,,,,5g,,,7/0,,,,,'40821308040105,5.0,shopify,0,deny,manual,4.46,,true,false,,,,,,,,,,,,,,,,,,,,,,,,,,,,https://cdn.shopify.com/s/files/1/0454/5845/6736/products/Jig-Head-Articulado-Cafe-vermelho.png?v=1676298220,kg,,,
jig-head-offset-articulado-cafe-ewg-vermelho,,,,,,,,,7g,,,7/0,,,,,'40821308040107,7.0,shopify,0,deny,manual,4.46,,true,false,,,,,,,,,,,,,,,,,,,,,,,,,,,,https://cdn.shopify.com/s/files/1/0454/5845/6736/products/Jig-Head-Articulado-Cafe-vermelho.png?v=1676298220,kg,,,
jig-head-offset-articulado-cafe-ewg-vermelho,,,,,,,,,9g,,,7/0,,,,,'40821308040109,9.0,shopify,0,deny,manual,4.46,,true,false,,,,,,,,,,,,,,,,,,,,,,,,,,,,https://cdn.shopify.com/s/files/1/0454/5845/6736/products/Jig-Head-Articulado-Cafe-vermelho.png?v=1676298220,kg,,,
jig-head-offset-articulado-cafe-ewg-vermelho,,,,,,,,,12g,,,7/0,,,,,'40821308040112,12.0,shopify,0,deny,manual,5.32,,true,false,,,,,,,,,,,,,,,,,,,,,,,,,,,,https://cdn.shopify.com/s/files/1/0454/5845/6736/products/Jig-Head-Articulado-Cafe-vermelho.png?v=1676298220,kg,,,
jig-head-offset-articulado-cafe-ewg-vermelho,,,,,,,,,14g,,,7/0,,,,,'40821308040114,14.0,shopify,0,deny,manual,5.32,,true,false,,,,,,,,,,,,,,,,,,,,,,,,,,,,https://cdn.shopify.com/s/files/1/0454/5845/6736/products/Jig-Head-Articulado-Cafe-vermelho.png?v=1676298220,kg,,,
jig-head-offset-articulado-cafe-ewg-vermelho,,,,,,,,,16g,,,7/0,,,,,'40821308040116,16.0,shopify,0,deny,manual,5.32,,true,false,,,,,,,,,,,,,,,,,,,,,,,,,,,,https://cdn.shopify.com/s/files/1/0454/5845/6736/products/Jig-Head-Articulado-Cafe-vermelho.png?v=1676298220,kg,,,
chumbada-jig-head-offset-bananinha-amarela,Anzol Jig Head Offset Bananinha Amarela,<p>Chumbada Jig Head Offset Bananinha Amarela</p>,Chumbada Oficial,,"","Amarela, Anzol, Bananinha, Jig Head, Jig Head Offset, Offset, Todos",true,Peso,5g,,Tamanho do Anzol,1/0,,,,,'40831308060705,5.0,,-10,continue,manual,2.76,,true,false,,,,,,https://cdn.shopify.com/s/files/1/0454/5845/6736/products/jig-head-bananinha-amarelo_e657766c-ea7a-4688-ba5b-b8b9abebf7d0.png?v=1701355802,1,Chumbada Jig Head Offset Bananinha Amarela,false,,,,,,,,,,,,,,,,,,,https://cdn.shopify.com/s/files/1/0454/5845/6736/products/jig-head-bananinha-amarelo_e657766c-ea7a-4688-ba5b-b8b9abebf7d0.png?v=1701355802,kg,,,active
chumbada-jig-head-offset-bananinha-amarela,,,,,,,,,5g,,,2/0,,,,,'40831308060605,5.0,,0,continue,manual,3.09,,true,false,,,,,,,,,,,,,,,,,,,,,,,,,,,,https://cdn.shopify.com/s/files/1/0454/5845/6736/products/jig-head-bananinha-amarelo_e657766c-ea7a-4688-ba5b-b8b9abebf7d0.png?v=1701355802,kg,,,
chumbada-jig-head-offset-bananinha-amarela,,,,,,,,,5g,,,3/0,,,,,'40831308060505,5.0,,0,continue,manual,3.30,,true,false,,,,,,,,,,,,,,,,,,,,,,,,,,,,https://cdn.shopify.com/s/files/1/0454/5845/6736/products/jig-head-bananinha-amarelo_e657766c-ea7a-4688-ba5b-b8b9abebf7d0.png?v=1701355802,kg,,,
chumbada-jig-head-offset-bananinha-amarela,,,,,,,,,5g,,,4/0,,,,,'40831308060405,5.0,,0,continue,manual,3.42,,true,false,,,,,,,,,,,,,,,,,,,,,,,,,,,,https://cdn.shopify.com/s/files/1/0454/5845/6736/products/jig-head-bananinha-amarelo_e657766c-ea7a-4688-ba5b-b8b9abebf7d0.png?v=1701355802,kg,,,
chumbada-jig-head-offset-bananinha-amarela,,,,,,,,,5g,,,5/0,,,,,'40831308060305,5.0,,0,continue,manual,3.66,,true,false,,,,,,,,,,,,,,,,,,,,,,,,,,,,https://cdn.shopify.com/s/files/1/0454/5845/6736/products/jig-head-bananinha-amarelo_e657766c-ea7a-4688-ba5b-b8b9abebf7d0.png?v=1701355802,kg,,,
chumbada-jig-head-offset-bananinha-amarela,,,,,,,,,5g,,,6/0,,,,,'40831308060205,5.0,,0,continue,manual,3.84,,true,false,,,,,,,,,,,,,,,,,,,,,,,,,,,,https://cdn.shopify.com/s/files/1/0454/5845/6736/products/jig-head-bananinha-amarelo_e657766c-ea7a-4688-ba5b-b8b9abebf7d0.png?v=1701355802,kg,,,
chumbada-jig-head-offset-bananinha-amarela,,,,,,,,,5g,,,7/0,,,,,'40831308060105,5.0,shopify,0,deny,manual,4.01,,true,false,,,,,,,,,,,,,,,,,,,,,,,,,,,,https://cdn.shopify.com/s/files/1/0454/5845/6736/products/jig-head-bananinha-amarelo_e657766c-ea7a-4688-ba5b-b8b9abebf7d0.png?v=1701355802,kg,,,
chumbada-jig-head-offset-bananinha-amarela,,,,,,,,,7g,,,1/0,,,,,'40831308060707,7.0,,-10,continue,manual,2.76,,true,false,,,,,,,,,,,,,,,,,,,,,,,,,,,,https://cdn.shopify.com/s/files/1/0454/5845/6736/products/jig-head-bananinha-amarelo_e657766c-ea7a-4688-ba5b-b8b9abebf7d0.png?v=1701355802,kg,,,
chumbada-jig-head-offset-bananinha-amarela,,,,,,,,,7g,,,2/0,,,,,'40831308060607,7.0,,-1,continue,manual,3.09,,true,false,,,,,,,,,,,,,,,,,,,,,,,,,,,,https://cdn.shopify.com/s/files/1/0454/5845/6736/products/jig-head-bananinha-amarelo_e657766c-ea7a-4688-ba5b-b8b9abebf7d0.png?v=1701355802,kg,,,
chumbada-jig-head-offset-bananinha-amarela,,,,,,,,,7g,,,3/0,,,,,'40831308060507,7.0,,-1,continue,manual,3.30,,true,false,,,,,,,,,,,,,,,,,,,,,,,,,,,,https://cdn.shopify.com/s/files/1/0454/5845/6736/products/jig-head-bananinha-amarelo_e657766c-ea7a-4688-ba5b-b8b9abebf7d0.png?v=1701355802,kg,,,
chumbada-jig-head-offset-bananinha-amarela,,,,,,,,,7g,,,4/0,,,,,'40831308060407,7.0,,-11,continue,manual,3.42,,true,false,,,,,,,,,,,,,,,,,,,,,,,,,,,,https://cdn.shopify.com/s/files/1/0454/5845/6736/products/jig-head-bananinha-amarelo_e657766c-ea7a-4688-ba5b-b8b9abebf7d0.png?v=1701355802,kg,,,
chumbada-jig-head-offset-bananinha-amarela,,,,,,,,,7g,,,5/0,,,,,'40831308060307,7.0,,-11,continue,manual,3.66,,true,false,,,,,,,,,,,,,,,,,,,,,,,,,,,,https://cdn.shopify.com/s/files/1/0454/5845/6736/products/jig-head-bananinha-amarelo_e657766c-ea7a-4688-ba5b-b8b9abebf7d0.png?v=1701355802,kg,,,
chumbada-jig-head-offset-bananinha-amarela,,,,,,,,,7g,,,6/0,,,,,'40831308060207,7.0,,0,continue,manual,3.84,,true,false,,,,,,,,,,,,,,,,,,,,,,,,,,,,https://cdn.shopify.com/s/files/1/0454/5845/6736/products/jig-head-bananinha-amarelo_e657766c-ea7a-4688-ba5b-b8b9abebf7d0.png?v=1701355802,kg,,,
chumbada-jig-head-offset-bananinha-amarela,,,,,,,,,7g,,,7/0,,,,,'40831308060107,7.0,shopify,0,deny,manual,4.01,,true,false,,,,,,,,,,,,,,,,,,,,,,,,,,,,https://cdn.shopify.com/s/files/1/0454/5845/6736/products/jig-head-bananinha-amarelo_e657766c-ea7a-4688-ba5b-b8b9abebf7d0.png?v=1701355802,kg,,,
chumbada-jig-head-offset-bananinha-amarela,,,,,,,,,9g,,,1/0,,,,,'40831308060709,9.0,,0,continue,manual,2.76,,true,false,,,,,,,,,,,,,,,,,,,,,,,,,,,,https://cdn.shopify.com/s/files/1/0454/5845/6736/products/jig-head-bananinha-amarelo_e657766c-ea7a-4688-ba5b-b8b9abebf7d0.png?v=1701355802,kg,,,
chumbada-jig-head-offset-bananinha-amarela,,,,,,,,,9g,,,2/0,,,,,'40831308060609,9.0,,0,continue,manual,3.09,,true,false,,,,,,,,,,,,,,,,,,,,,,,,,,,,https://cdn.shopify.com/s/files/1/0454/5845/6736/products/jig-head-bananinha-amarelo_e657766c-ea7a-4688-ba5b-b8b9abebf7d0.png?v=1701355802,kg,,,
chumbada-jig-head-offset-bananinha-amarela,,,,,,,,,9g,,,3/0,,,,,'40831308060509,9.0,,-11,continue,manual,3.30,,true,false,,,,,,,,,,,,,,,,,,,,,,,,,,,,https://cdn.shopify.com/s/files/1/0454/5845/6736/products/jig-head-bananinha-amarelo_e657766c-ea7a-4688-ba5b-b8b9abebf7d0.png?v=1701355802,kg,,,
chumbada-jig-head-offset-bananinha-amarela,,,,,,,,,9g,,,4/0,,,,,'40831308060409,9.0,,-1,continue,manual,3.42,,true,false,,,,,,,,,,,,,,,,,,,,,,,,,,,,https://cdn.shopify.com/s/files/1/0454/5845/6736/products/jig-head-bananinha-amarelo_e657766c-ea7a-4688-ba5b-b8b9abebf7d0.png?v=1701355802,kg,,,
chumbada-jig-head-offset-bananinha-amarela,,,,,,,,,9g,,,5/0,,,,,'40831308060309,9.0,,-1,continue,manual,3.66,,true,false,,,,,,,,,,,,,,,,,,,,,,,,,,,,https://cdn.shopify.com/s/files/1/0454/5845/6736/products/jig-head-bananinha-amarelo_e657766c-ea7a-4688-ba5b-b8b9abebf7d0.png?v=1701355802,kg,,,
chumbada-jig-head-offset-bananinha-amarela,,,,,,,,,9g,,,6/0,,,,,'40831308060209,9.0,,0,continue,manual,3.84,,true,false,,,,,,,,,,,,,,,,,,,,,,,,,,,,https://cdn.shopify.com/s/files/1/0454/5845/6736/products/jig-head-bananinha-amarelo_e657766c-ea7a-4688-ba5b-b8b9abebf7d0.png?v=1701355802,kg,,,
chumbada-jig-head-offset-bananinha-amarela,,,,,,,,,9g,,,7/0,,,,,'40831308060109,9.0,shopify,0,deny,manual,4.01,,true,false,,,,,,,,,,,,,,,,,,,,,,,,,,,,https://cdn.shopify.com/s/files/1/0454/5845/6736/products/jig-head-bananinha-amarelo_e657766c-ea7a-4688-ba5b-b8b9abebf7d0.png?v=1701355802,kg,,,
chumbada-jig-head-offset-bananinha-amarela,,,,,,,,,12g,,,1/0,,,,,'40831308060712,12.0,,0,continue,manual,3.62,,true,false,,,,,,,,,,,,,,,,,,,,,,,,,,,,https://cdn.shopify.com/s/files/1/0454/5845/6736/products/jig-head-bananinha-amarelo_e657766c-ea7a-4688-ba5b-b8b9abebf7d0.png?v=1701355802,kg,,,
chumbada-jig-head-offset-bananinha-amarela,,,,,,,,,12g,,,2/0,,,,,'40831308060612,12.0,,0,continue,manual,3.95,,true,false,,,,,,,,,,,,,,,,,,,,,,,,,,,,https://cdn.shopify.com/s/files/1/0454/5845/6736/products/jig-head-bananinha-amarelo_e657766c-ea7a-4688-ba5b-b8b9abebf7d0.png?v=1701355802,kg,,,
chumbada-jig-head-offset-bananinha-amarela,,,,,,,,,12g,,,3/0,,,,,'40831308060512,12.0,,-1,continue,manual,4.16,,true,false,,,,,,,,,,,,,,,,,,,,,,,,,,,,https://cdn.shopify.com/s/files/1/0454/5845/6736/products/jig-head-bananinha-amarelo_e657766c-ea7a-4688-ba5b-b8b9abebf7d0.png?v=1701355802,kg,,,
chumbada-jig-head-offset-bananinha-amarela,,,,,,,,,12g,,,4/0,,,,,'40831308060412,12.0,,-7,continue,manual,4.28,,true,false,,,,,,,,,,,,,,,,,,,,,,,,,,,,https://cdn.shopify.com/s/files/1/0454/5845/6736/products/jig-head-bananinha-amarelo_e657766c-ea7a-4688-ba5b-b8b9abebf7d0.png?v=1701355802,kg,,,
chumbada-jig-head-offset-bananinha-amarela,,,,,,,,,12g,,,5/0,,,,,'40831308060312,12.0,,-1,continue,manual,4.52,,true,false,,,,,,,,,,,,,,,,,,,,,,,,,,,,https://cdn.shopify.com/s/files/1/0454/5845/6736/products/jig-head-bananinha-amarelo_e657766c-ea7a-4688-ba5b-b8b9abebf7d0.png?v=1701355802,kg,,,
chumbada-jig-head-offset-bananinha-amarela,,,,,,,,,12g,,,6/0,,,,,'40831308060212,12.0,,0,continue,manual,4.70,,true,false,,,,,,,,,,,,,,,,,,,,,,,,,,,,https://cdn.shopify.com/s/files/1/0454/5845/6736/products/jig-head-bananinha-amarelo_e657766c-ea7a-4688-ba5b-b8b9abebf7d0.png?v=1701355802,kg,,,
chumbada-jig-head-offset-bananinha-amarela,,,,,,,,,12g,,,7/0,,,,,'40831308060112,12.0,shopify,0,deny,manual,4.87,,true,false,,,,,,,,,,,,,,,,,,,,,,,,,,,,https://cdn.shopify.com/s/files/1/0454/5845/6736/products/jig-head-bananinha-amarelo_e657766c-ea7a-4688-ba5b-b8b9abebf7d0.png?v=1701355802,kg,,,
chumbada-jig-head-offset-bananinha-amarela,,,,,,,,,14g,,,1/0,,,,,'40831308060714,14.0,,0,continue,manual,3.62,,true,false,,,,,,,,,,,,,,,,,,,,,,,,,,,,https://cdn.shopify.com/s/files/1/0454/5845/6736/products/jig-head-bananinha-amarelo_e657766c-ea7a-4688-ba5b-b8b9abebf7d0.png?v=1701355802,kg,,,
chumbada-jig-head-offset-bananinha-amarela,,,,,,,,,14g,,,2/0,,,,,'40831308060614,14.0,,0,continue,manual,3.95,,true,false,,,,,,,,,,,,,,,,,,,,,,,,,,,,https://cdn.shopify.com/s/files/1/0454/5845/6736/products/jig-head-bananinha-amarelo_e657766c-ea7a-4688-ba5b-b8b9abebf7d0.png?v=1701355802,kg,,,
chumbada-jig-head-offset-bananinha-amarela,,,,,,,,,14g,,,3/0,,,,,'40831308060514,14.0,,0,continue,manual,4.16,,true,false,,,,,,,,,,,,,,,,,,,,,,,,,,,,https://cdn.shopify.com/s/files/1/0454/5845/6736/products/jig-head-bananinha-amarelo_e657766c-ea7a-4688-ba5b-b8b9abebf7d0.png?v=1701355802,kg,,,
chumbada-jig-head-offset-bananinha-amarela,,,,,,,,,14g,,,4/0,,,,,'40831308060414,14.0,,0,continue,manual,4.28,,true,false,,,,,,,,,,,,,,,,,,,,,,,,,,,,https://cdn.shopify.com/s/files/1/0454/5845/6736/products/jig-head-bananinha-amarelo_e657766c-ea7a-4688-ba5b-b8b9abebf7d0.png?v=1701355802,kg,,,
chumbada-jig-head-offset-bananinha-amarela,,,,,,,,,14g,,,5/0,,,,,'40831308060314,14.0,,0,continue,manual,4.52,,true,false,,,,,,,,,,,,,,,,,,,,,,,,,,,,https://cdn.shopify.com/s/files/1/0454/5845/6736/products/jig-head-bananinha-amarelo_e657766c-ea7a-4688-ba5b-b8b9abebf7d0.png?v=1701355802,kg,,,
chumbada-jig-head-offset-bananinha-amarela,,,,,,,,,14g,,,6/0,,,,,'40831308060214,14.0,,0,continue,manual,4.70,,true,false,,,,,,,,,,,,,,,,,,,,,,,,,,,,https://cdn.shopify.com/s/files/1/0454/5845/6736/products/jig-head-bananinha-amarelo_e657766c-ea7a-4688-ba5b-b8b9abebf7d0.png?v=1701355802,kg,,,
chumbada-jig-head-offset-bananinha-amarela,,,,,,,,,14g,,,7/0,,,,,'40831308060114,14.0,shopify,0,deny,manual,4.87,,true,false,,,,,,,,,,,,,,,,,,,,,,,,,,,,https://cdn.shopify.com/s/files/1/0454/5845/6736/products/jig-head-bananinha-amarelo_e657766c-ea7a-4688-ba5b-b8b9abebf7d0.png?v=1701355802,kg,,,
chumbada-jig-head-offset-bananinha-amarela,,,,,,,,,16g,,,1/0,,,,,'40831308060716,16.0,,0,continue,manual,3.62,,true,false,,,,,,,,,,,,,,,,,,,,,,,,,,,,https://cdn.shopify.com/s/files/1/0454/5845/6736/products/jig-head-bananinha-amarelo_e657766c-ea7a-4688-ba5b-b8b9abebf7d0.png?v=1701355802,kg,,,
chumbada-jig-head-offset-bananinha-amarela,,,,,,,,,16g,,,2/0,,,,,'40831308060616,16.0,,0,continue,manual,3.95,,true,false,,,,,,,,,,,,,,,,,,,,,,,,,,,,https://cdn.shopify.com/s/files/1/0454/5845/6736/products/jig-head-bananinha-amarelo_e657766c-ea7a-4688-ba5b-b8b9abebf7d0.png?v=1701355802,kg,,,
chumbada-jig-head-offset-bananinha-amarela,,,,,,,,,16g,,,3/0,,,,,'40831308060516,16.0,,-3,continue,manual,4.16,,true,false,,,,,,,,,,,,,,,,,,,,,,,,,,,,https://cdn.shopify.com/s/files/1/0454/5845/6736/products/jig-head-bananinha-amarelo_e657766c-ea7a-4688-ba5b-b8b9abebf7d0.png?v=1701355802,kg,,,
chumbada-jig-head-offset-bananinha-amarela,,,,,,,,,16g,,,4/0,,,,,'40831308060416,16.0,,0,continue,manual,4.28,,true,false,,,,,,,,,,,,,,,,,,,,,,,,,,,,https://cdn.shopify.com/s/files/1/0454/5845/6736/products/jig-head-bananinha-amarelo_e657766c-ea7a-4688-ba5b-b8b9abebf7d0.png?v=1701355802,kg,,,
chumbada-jig-head-offset-bananinha-amarela,,,,,,,,,16g,,,5/0,,,,,'40831308060316,16.0,,0,continue,manual,4.52,,true,false,,,,,,,,,,,,,,,,,,,,,,,,,,,,https://cdn.shopify.com/s/files/1/0454/5845/6736/products/jig-head-bananinha-amarelo_e657766c-ea7a-4688-ba5b-b8b9abebf7d0.png?v=1701355802,kg,,,
chumbada-jig-head-offset-bananinha-amarela,,,,,,,,,16g,,,6/0,,,,,'40831308060216,16.0,,0,continue,manual,4.70,,true,false,,,,,,,,,,,,,,,,,,,,,,,,,,,,https://cdn.shopify.com/s/files/1/0454/5845/6736/products/jig-head-bananinha-amarelo_e657766c-ea7a-4688-ba5b-b8b9abebf7d0.png?v=1701355802,kg,,,
chumbada-jig-head-offset-bananinha-amarela,,,,,,,,,16g,,,7/0,,,,,'40831308060116,16.0,shopify,0,deny,manual,4.87,,true,false,,,,,,,,,,,,,,,,,,,,,,,,,,,,https://cdn.shopify.com/s/files/1/0454/5845/6736/products/jig-head-bananinha-amarelo_e657766c-ea7a-4688-ba5b-b8b9abebf7d0.png?v=1701355802,kg,,,
chumbada-jig-head-offset-bananinha-laranja,Anzol Jig Head Offset Bananinha Laranja,<p>Chumbada Jig Head Offset Bananinha Laranja</p>,Chumbada Oficial,,"","Anzol, Bananinha, Jig Head, Jig Head Offset, Laranja, Offset, Todos",true,Peso,5g,,Tamanho do Anzol,1/0,,,,,'40831308050705,5.0,,-2,continue,manual,2.76,,true,false,,,,,,https://cdn.shopify.com/s/files/1/0454/5845/6736/products/jig-head-bananinha-laranja_d0da5d9c-7046-4085-9607-77409091b91d.png?v=1701355783,1,Chumbada Jig Head Offset Bananinha Laranja,false,,,,,,,,,,,,,,,,,,,https://cdn.shopify.com/s/files/1/0454/5845/6736/products/jig-head-bananinha-laranja_d0da5d9c-7046-4085-9607-77409091b91d.png?v=1701355783,kg,,,active
chumbada-jig-head-offset-bananinha-laranja,,,,,,,,,5g,,,2/0,,,,,'40831308050605,5.0,,-2,continue,manual,3.09,,true,false,,,,,,,,,,,,,,,,,,,,,,,,,,,,https://cdn.shopify.com/s/files/1/0454/5845/6736/products/jig-head-bananinha-laranja_d0da5d9c-7046-4085-9607-77409091b91d.png?v=1701355783,kg,,,
chumbada-jig-head-offset-bananinha-laranja,,,,,,,,,5g,,,3/0,,,,,'40831308050505,5.0,,-2,continue,manual,3.30,,true,false,,,,,,,,,,,,,,,,,,,,,,,,,,,,https://cdn.shopify.com/s/files/1/0454/5845/6736/products/jig-head-bananinha-laranja_d0da5d9c-7046-4085-9607-77409091b91d.png?v=1701355783,kg,,,
chumbada-jig-head-offset-bananinha-laranja,,,,,,,,,5g,,,4/0,,,,,'40831308050405,5.0,,0,continue,manual,3.42,,true,false,,,,,,,,,,,,,,,,,,,,,,,,,,,,https://cdn.shopify.com/s/files/1/0454/5845/6736/products/jig-head-bananinha-laranja_d0da5d9c-7046-4085-9607-77409091b91d.png?v=1701355783,kg,,,
chumbada-jig-head-offset-bananinha-laranja,,,,,,,,,5g,,,5/0,,,,,'40831308050305,5.0,,0,continue,manual,3.66,,true,false,,,,,,,,,,,,,,,,,,,,,,,,,,,,https://cdn.shopify.com/s/files/1/0454/5845/6736/products/jig-head-bananinha-laranja_d0da5d9c-7046-4085-9607-77409091b91d.png?v=1701355783,kg,,,
chumbada-jig-head-offset-bananinha-laranja,,,,,,,,,5g,,,6/0,,,,,'40831308050205,5.0,,0,continue,manual,3.84,,true,false,,,,,,,,,,,,,,,,,,,,,,,,,,,,https://cdn.shopify.com/s/files/1/0454/5845/6736/products/jig-head-bananinha-laranja_d0da5d9c-7046-4085-9607-77409091b91d.png?v=1701355783,kg,,,
chumbada-jig-head-offset-bananinha-laranja,,,,,,,,,5g,,,7/0,,,,,'40831308050105,5.0,shopify,0,deny,manual,4.01,,true,false,,,,,,,,,,,,,,,,,,,,,,,,,,,,https://cdn.shopify.com/s/files/1/0454/5845/6736/products/jig-head-bananinha-laranja_d0da5d9c-7046-4085-9607-77409091b91d.png?v=1701355783,kg,,,
chumbada-jig-head-offset-bananinha-laranja,,,,,,,,,7g,,,1/0,,,,,'40831308050707,7.0,,-2,continue,manual,2.76,,true,false,,,,,,,,,,,,,,,,,,,,,,,,,,,,https://cdn.shopify.com/s/files/1/0454/5845/6736/products/jig-head-bananinha-laranja_d0da5d9c-7046-4085-9607-77409091b91d.png?v=1701355783,kg,,,
chumbada-jig-head-offset-bananinha-laranja,,,,,,,,,7g,,,2/0,,,,,'40831308050607,7.0,,0,continue,manual,3.09,,true,false,,,,,,,,,,,,,,,,,,,,,,,,,,,,https://cdn.shopify.com/s/files/1/0454/5845/6736/products/jig-head-bananinha-laranja_d0da5d9c-7046-4085-9607-77409091b91d.png?v=1701355783,kg,,,
chumbada-jig-head-offset-bananinha-laranja,,,,,,,,,7g,,,3/0,,,,,'40831308050507,7.0,,-4,continue,manual,3.30,,true,false,,,,,,,,,,,,,,,,,,,,,,,,,,,,https://cdn.shopify.com/s/files/1/0454/5845/6736/products/jig-head-bananinha-laranja_d0da5d9c-7046-4085-9607-77409091b91d.png?v=1701355783,kg,,,
chumbada-jig-head-offset-bananinha-laranja,,,,,,,,,7g,,,4/0,,,,,'40831308050407,7.0,,0,continue,manual,3.42,,true,false,,,,,,,,,,,,,,,,,,,,,,,,,,,,https://cdn.shopify.com/s/files/1/0454/5845/6736/products/jig-head-bananinha-laranja_d0da5d9c-7046-4085-9607-77409091b91d.png?v=1701355783,kg,,,
chumbada-jig-head-offset-bananinha-laranja,,,,,,,,,7g,,,5/0,,,,,'40831308050307,7.0,,0,continue,manual,3.66,,true,false,,,,,,,,,,,,,,,,,,,,,,,,,,,,https://cdn.shopify.com/s/files/1/0454/5845/6736/products/jig-head-bananinha-laranja_d0da5d9c-7046-4085-9607-77409091b91d.png?v=1701355783,kg,,,
chumbada-jig-head-offset-bananinha-laranja,,,,,,,,,7g,,,6/0,,,,,'40831308050207,7.0,,0,continue,manual,3.84,,true,false,,,,,,,,,,,,,,,,,,,,,,,,,,,,https://cdn.shopify.com/s/files/1/0454/5845/6736/products/jig-head-bananinha-laranja_d0da5d9c-7046-4085-9607-77409091b91d.png?v=1701355783,kg,,,
chumbada-jig-head-offset-bananinha-laranja,,,,,,,,,7g,,,7/0,,,,,'40831308050107,7.0,shopify,0,deny,manual,4.01,,true,false,,,,,,,,,,,,,,,,,,,,,,,,,,,,https://cdn.shopify.com/s/files/1/0454/5845/6736/products/jig-head-bananinha-laranja_d0da5d9c-7046-4085-9607-77409091b91d.png?v=1701355783,kg,,,
chumbada-jig-head-offset-bananinha-laranja,,,,,,,,,9g,,,1/0,,,,,'40831308050709,9.0,,-2,continue,manual,2.76,,true,false,,,,,,,,,,,,,,,,,,,,,,,,,,,,https://cdn.shopify.com/s/files/1/0454/5845/6736/products/jig-head-bananinha-laranja_d0da5d9c-7046-4085-9607-77409091b91d.png?v=1701355783,kg,,,
chumbada-jig-head-offset-bananinha-laranja,,,,,,,,,9g,,,2/0,,,,,'40831308050609,9.0,,-1,continue,manual,3.09,,true,false,,,,,,,,,,,,,,,,,,,,,,,,,,,,https://cdn.shopify.com/s/files/1/0454/5845/6736/products/jig-head-bananinha-laranja_d0da5d9c-7046-4085-9607-77409091b91d.png?v=1701355783,kg,,,
chumbada-jig-head-offset-bananinha-laranja,,,,,,,,,9g,,,3/0,,,,,'40831308050509,9.0,,-2,continue,manual,3.30,,true,false,,,,,,,,,,,,,,,,,,,,,,,,,,,,https://cdn.shopify.com/s/files/1/0454/5845/6736/products/jig-head-bananinha-laranja_d0da5d9c-7046-4085-9607-77409091b91d.png?v=1701355783,kg,,,
chumbada-jig-head-offset-bananinha-laranja,,,,,,,,,9g,,,4/0,,,,,'40831308050409,9.0,,-2,continue,manual,3.42,,true,false,,,,,,,,,,,,,,,,,,,,,,,,,,,,https://cdn.shopify.com/s/files/1/0454/5845/6736/products/jig-head-bananinha-laranja_d0da5d9c-7046-4085-9607-77409091b91d.png?v=1701355783,kg,,,
chumbada-jig-head-offset-bananinha-laranja,,,,,,,,,9g,,,5/0,,,,,'40831308050309,9.0,,0,continue,manual,3.66,,true,false,,,,,,,,,,,,,,,,,,,,,,,,,,,,https://cdn.shopify.com/s/files/1/0454/5845/6736/products/jig-head-bananinha-laranja_d0da5d9c-7046-4085-9607-77409091b91d.png?v=1701355783,kg,,,
chumbada-jig-head-offset-bananinha-laranja,,,,,,,,,9g,,,6/0,,,,,'40831308050209,9.0,,0,continue,manual,3.84,,true,false,,,,,,,,,,,,,,,,,,,,,,,,,,,,https://cdn.shopify.com/s/files/1/0454/5845/6736/products/jig-head-bananinha-laranja_d0da5d9c-7046-4085-9607-77409091b91d.png?v=1701355783,kg,,,
chumbada-jig-head-offset-bananinha-laranja,,,,,,,,,9g,,,7/0,,,,,'40831308050109,9.0,shopify,0,deny,manual,4.01,,true,false,,,,,,,,,,,,,,,,,,,,,,,,,,,,https://cdn.shopify.com/s/files/1/0454/5845/6736/products/jig-head-bananinha-laranja_d0da5d9c-7046-4085-9607-77409091b91d.png?v=1701355783,kg,,,
chumbada-jig-head-offset-bananinha-laranja,,,,,,,,,12g,,,1/0,,,,,'40831308050712,12.0,,0,continue,manual,3.62,,true,false,,,,,,,,,,,,,,,,,,,,,,,,,,,,https://cdn.shopify.com/s/files/1/0454/5845/6736/products/jig-head-bananinha-laranja_d0da5d9c-7046-4085-9607-77409091b91d.png?v=1701355783,kg,,,
chumbada-jig-head-offset-bananinha-laranja,,,,,,,,,12g,,,2/0,,,,,'40831308050612,12.0,,0,continue,manual,3.95,,true,false,,,,,,,,,,,,,,,,,,,,,,,,,,,,https://cdn.shopify.com/s/files/1/0454/5845/6736/products/jig-head-bananinha-laranja_d0da5d9c-7046-4085-9607-77409091b91d.png?v=1701355783,kg,,,
chumbada-jig-head-offset-bananinha-laranja,,,,,,,,,12g,,,3/0,,,,,'40831308050512,12.0,,0,continue,manual,4.16,,true,false,,,,,,,,,,,,,,,,,,,,,,,,,,,,https://cdn.shopify.com/s/files/1/0454/5845/6736/products/jig-head-bananinha-laranja_d0da5d9c-7046-4085-9607-77409091b91d.png?v=1701355783,kg,,,
chumbada-jig-head-offset-bananinha-laranja,,,,,,,,,12g,,,4/0,,,,,'40831308050412,12.0,,0,continue,manual,4.28,,true,false,,,,,,,,,,,,,,,,,,,,,,,,,,,,https://cdn.shopify.com/s/files/1/0454/5845/6736/products/jig-head-bananinha-laranja_d0da5d9c-7046-4085-9607-77409091b91d.png?v=1701355783,kg,,,
chumbada-jig-head-offset-bananinha-laranja,,,,,,,,,12g,,,5/0,,,,,'40831308050312,12.0,,-2,continue,manual,4.52,,true,false,,,,,,,,,,,,,,,,,,,,,,,,,,,,https://cdn.shopify.com/s/files/1/0454/5845/6736/products/jig-head-bananinha-laranja_d0da5d9c-7046-4085-9607-77409091b91d.png?v=1701355783,kg,,,
chumbada-jig-head-offset-bananinha-laranja,,,,,,,,,12g,,,6/0,,,,,'40831308050212,12.0,,0,continue,manual,4.70,,true,false,,,,,,,,,,,,,,,,,,,,,,,,,,,,https://cdn.shopify.com/s/files/1/0454/5845/6736/products/jig-head-bananinha-laranja_d0da5d9c-7046-4085-9607-77409091b91d.png?v=1701355783,kg,,,
chumbada-jig-head-offset-bananinha-laranja,,,,,,,,,12g,,,7/0,,,,,'40831308050112,12.0,shopify,0,deny,manual,4.87,,true,false,,,,,,,,,,,,,,,,,,,,,,,,,,,,https://cdn.shopify.com/s/files/1/0454/5845/6736/products/jig-head-bananinha-laranja_d0da5d9c-7046-4085-9607-77409091b91d.png?v=1701355783,kg,,,
chumbada-jig-head-offset-bananinha-laranja,,,,,,,,,14g,,,1/0,,,,,'40831308050714,14.0,,0,continue,manual,3.62,,true,false,,,,,,,,,,,,,,,,,,,,,,,,,,,,https://cdn.shopify.com/s/files/1/0454/5845/6736/products/jig-head-bananinha-laranja_d0da5d9c-7046-4085-9607-77409091b91d.png?v=1701355783,kg,,,
chumbada-jig-head-offset-bananinha-laranja,,,,,,,,,14g,,,2/0,,,,,'40831308050614,14.0,,0,continue,manual,3.95,,true,false,,,,,,,,,,,,,,,,,,,,,,,,,,,,https://cdn.shopify.com/s/files/1/0454/5845/6736/products/jig-head-bananinha-laranja_d0da5d9c-7046-4085-9607-77409091b91d.png?v=1701355783,kg,,,
chumbada-jig-head-offset-bananinha-laranja,,,,,,,,,14g,,,3/0,,,,,'40831308050514,14.0,,0,continue,manual,4.16,,true,false,,,,,,,,,,,,,,,,,,,,,,,,,,,,https://cdn.shopify.com/s/files/1/0454/5845/6736/products/jig-head-bananinha-laranja_d0da5d9c-7046-4085-9607-77409091b91d.png?v=1701355783,kg,,,
chumbada-jig-head-offset-bananinha-laranja,,,,,,,,,14g,,,4/0,,,,,'40831308050414,14.0,,0,continue,manual,4.28,,true,false,,,,,,,,,,,,,,,,,,,,,,,,,,,,https://cdn.shopify.com/s/files/1/0454/5845/6736/products/jig-head-bananinha-laranja_d0da5d9c-7046-4085-9607-77409091b91d.png?v=1701355783,kg,,,
chumbada-jig-head-offset-bananinha-laranja,,,,,,,,,14g,,,5/0,,,,,'40831308050314,14.0,,0,continue,manual,4.52,,true,false,,,,,,,,,,,,,,,,,,,,,,,,,,,,https://cdn.shopify.com/s/files/1/0454/5845/6736/products/jig-head-bananinha-laranja_d0da5d9c-7046-4085-9607-77409091b91d.png?v=1701355783,kg,,,
chumbada-jig-head-offset-bananinha-laranja,,,,,,,,,14g,,,6/0,,,,,'40831308050214,14.0,,-2,continue,manual,4.70,,true,false,,,,,,,,,,,,,,,,,,,,,,,,,,,,https://cdn.shopify.com/s/files/1/0454/5845/6736/products/jig-head-bananinha-laranja_d0da5d9c-7046-4085-9607-77409091b91d.png?v=1701355783,kg,,,
chumbada-jig-head-offset-bananinha-laranja,,,,,,,,,14g,,,7/0,,,,,'40831308050114,14.0,shopify,0,deny,manual,4.87,,true,false,,,,,,,,,,,,,,,,,,,,,,,,,,,,https://cdn.shopify.com/s/files/1/0454/5845/6736/products/jig-head-bananinha-laranja_d0da5d9c-7046-4085-9607-77409091b91d.png?v=1701355783,kg,,,
chumbada-jig-head-offset-bananinha-laranja,,,,,,,,,16g,,,1/0,,,,,'40831308050716,16.0,,0,continue,manual,3.62,,true,false,,,,,,,,,,,,,,,,,,,,,,,,,,,,https://cdn.shopify.com/s/files/1/0454/5845/6736/products/jig-head-bananinha-laranja_d0da5d9c-7046-4085-9607-77409091b91d.png?v=1701355783,kg,,,
chumbada-jig-head-offset-bananinha-laranja,,,,,,,,,16g,,,2/0,,,,,'40831308050616,16.0,,0,continue,manual,3.95,,true,false,,,,,,,,,,,,,,,,,,,,,,,,,,,,https://cdn.shopify.com/s/files/1/0454/5845/6736/products/jig-head-bananinha-laranja_d0da5d9c-7046-4085-9607-77409091b91d.png?v=1701355783,kg,,,
chumbada-jig-head-offset-bananinha-laranja,,,,,,,,,16g,,,3/0,,,,,'40831308050516,16.0,,0,continue,manual,4.16,,true,false,,,,,,,,,,,,,,,,,,,,,,,,,,,,https://cdn.shopify.com/s/files/1/0454/5845/6736/products/jig-head-bananinha-laranja_d0da5d9c-7046-4085-9607-77409091b91d.png?v=1701355783,kg,,,
chumbada-jig-head-offset-bananinha-laranja,,,,,,,,,16g,,,4/0,,,,,'40831308050416,16.0,,0,continue,manual,4.28,,true,false,,,,,,,,,,,,,,,,,,,,,,,,,,,,https://cdn.shopify.com/s/files/1/0454/5845/6736/products/jig-head-bananinha-laranja_d0da5d9c-7046-4085-9607-77409091b91d.png?v=1701355783,kg,,,
chumbada-jig-head-offset-bananinha-laranja,,,,,,,,,16g,,,5/0,,,,,'40831308050316,16.0,,0,continue,manual,4.52,,true,false,,,,,,,,,,,,,,,,,,,,,,,,,,,,https://cdn.shopify.com/s/files/1/0454/5845/6736/products/jig-head-bananinha-laranja_d0da5d9c-7046-4085-9607-77409091b91d.png?v=1701355783,kg,,,
chumbada-jig-head-offset-bananinha-laranja,,,,,,,,,16g,,,6/0,,,,,'40831308050216,16.0,,0,continue,manual,4.70,,true,false,,,,,,,,,,,,,,,,,,,,,,,,,,,,https://cdn.shopify.com/s/files/1/0454/5845/6736/products/jig-head-bananinha-laranja_d0da5d9c-7046-4085-9607-77409091b91d.png?v=1701355783,kg,,,
chumbada-jig-head-offset-bananinha-laranja,,,,,,,,,16g,,,7/0,,,,,'40831308050116,16.0,shopify,-2,deny,manual,4.87,,true,false,,,,,,,,,,,,,,,,,,,,,,,,,,,,https://cdn.shopify.com/s/files/1/0454/5845/6736/products/jig-head-bananinha-laranja_d0da5d9c-7046-4085-9607-77409091b91d.png?v=1701355783,kg,,,
chumbada-jig-head-offset-bananinha-natural,Anzol Jig Head Offset Bananinha Natural,<p>Chumbada Jig Head Offset Bananinha Natural</p>,Chumbada Oficial,,"","Anzol, Bananinha, Jig Head, Jig Head Offset, Natural, Offset, Todos",true,Peso,5g,,Tamanho do Anzol,1/0,,,,,'40831307010705,5.0,,-331,continue,manual,1.96,,true,false,,,,,,https://cdn.shopify.com/s/files/1/0454/5845/6736/products/jig-head-bananinha-natural_c5c205ff-3114-485f-a2b9-93cf8075bb58.png?v=1701355778,1,Chumbada Jig Head Offset Bananinha Natural,false,,,,,,,,,,,,,,,,,,,https://cdn.shopify.com/s/files/1/0454/5845/6736/products/jig-head-bananinha-natural_c5c205ff-3114-485f-a2b9-93cf8075bb58.png?v=1701355778,kg,,,active
chumbada-jig-head-offset-bananinha-natural,,,,,,,,,5g,,,2/0,,,,,'40831307010605,5.0,,-311,continue,manual,2.29,,true,false,,,,,,,,,,,,,,,,,,,,,,,,,,,,https://cdn.shopify.com/s/files/1/0454/5845/6736/products/jig-head-bananinha-natural_c5c205ff-3114-485f-a2b9-93cf8075bb58.png?v=1701355778,kg,,,
chumbada-jig-head-offset-bananinha-natural,,,,,,,,,5g,,,3/0,,,,,'40831307010505,5.0,,-59,continue,manual,2.50,,true,false,,,,,,,,,,,,,,,,,,,,,,,,,,,,https://cdn.shopify.com/s/files/1/0454/5845/6736/products/jig-head-bananinha-natural_c5c205ff-3114-485f-a2b9-93cf8075bb58.png?v=1701355778,kg,,,
chumbada-jig-head-offset-bananinha-natural,,,,,,,,,5g,,,4/0,,,,,'40831307010405,5.0,,-1,continue,manual,2.62,,true,false,,,,,,,,,,,,,,,,,,,,,,,,,,,,https://cdn.shopify.com/s/files/1/0454/5845/6736/products/jig-head-bananinha-natural_c5c205ff-3114-485f-a2b9-93cf8075bb58.png?v=1701355778,kg,,,
chumbada-jig-head-offset-bananinha-natural,,,,,,,,,5g,,,5/0,,,,,'40831307010305,5.0,,-20,continue,manual,2.86,,true,false,,,,,,,,,,,,,,,,,,,,,,,,,,,,https://cdn.shopify.com/s/files/1/0454/5845/6736/products/jig-head-bananinha-natural_c5c205ff-3114-485f-a2b9-93cf8075bb58.png?v=1701355778,kg,,,
chumbada-jig-head-offset-bananinha-natural,,,,,,,,,5g,,,6/0,,,,,'40831307010205,5.0,,-20,continue,manual,3.04,,true,false,,,,,,,,,,,,,,,,,,,,,,,,,,,,https://cdn.shopify.com/s/files/1/0454/5845/6736/products/jig-head-bananinha-natural_c5c205ff-3114-485f-a2b9-93cf8075bb58.png?v=1701355778,kg,,,
chumbada-jig-head-offset-bananinha-natural,,,,,,,,,5g,,,7/0,,,,,'40831307010105,5.0,shopify,-26,deny,manual,3.21,,true,false,,,,,,,,,,,,,,,,,,,,,,,,,,,,https://cdn.shopify.com/s/files/1/0454/5845/6736/products/jig-head-bananinha-natural_c5c205ff-3114-485f-a2b9-93cf8075bb58.png?v=1701355778,kg,,,
chumbada-jig-head-offset-bananinha-natural,,,,,,,,,7g,,,1/0,,,,,'40831307010707,7.0,,-80,continue,manual,1.96,,true,false,,,,,,,,,,,,,,,,,,,,,,,,,,,,https://cdn.shopify.com/s/files/1/0454/5845/6736/products/jig-head-bananinha-natural_c5c205ff-3114-485f-a2b9-93cf8075bb58.png?v=1701355778,kg,,,
chumbada-jig-head-offset-bananinha-natural,,,,,,,,,7g,,,2/0,,,,,'40831307010607,7.0,,-75,continue,manual,2.29,,true,false,,,,,,,,,,,,,,,,,,,,,,,,,,,,https://cdn.shopify.com/s/files/1/0454/5845/6736/products/jig-head-bananinha-natural_c5c205ff-3114-485f-a2b9-93cf8075bb58.png?v=1701355778,kg,,,
chumbada-jig-head-offset-bananinha-natural,,,,,,,,,7g,,,3/0,,,,,'40831307010507,7.0,,-92,continue,manual,2.50,,true,false,,,,,,,,,,,,,,,,,,,,,,,,,,,,https://cdn.shopify.com/s/files/1/0454/5845/6736/products/jig-head-bananinha-natural_c5c205ff-3114-485f-a2b9-93cf8075bb58.png?v=1701355778,kg,,,
chumbada-jig-head-offset-bananinha-natural,,,,,,,,,7g,,,4/0,,,,,'40831307010407,7.0,,-2,continue,manual,2.62,,true,false,,,,,,,,,,,,,,,,,,,,,,,,,,,,https://cdn.shopify.com/s/files/1/0454/5845/6736/products/jig-head-bananinha-natural_c5c205ff-3114-485f-a2b9-93cf8075bb58.png?v=1701355778,kg,,,
chumbada-jig-head-offset-bananinha-natural,,,,,,,,,7g,,,5/0,,,,,'40831307010307,7.0,,-37,continue,manual,2.86,,true,false,,,,,,,,,,,,,,,,,,,,,,,,,,,,https://cdn.shopify.com/s/files/1/0454/5845/6736/products/jig-head-bananinha-natural_c5c205ff-3114-485f-a2b9-93cf8075bb58.png?v=1701355778,kg,,,
chumbada-jig-head-offset-bananinha-natural,,,,,,,,,7g,,,6/0,,,,,'40831307010207,7.0,,-21,continue,manual,3.04,,true,false,,,,,,,,,,,,,,,,,,,,,,,,,,,,https://cdn.shopify.com/s/files/1/0454/5845/6736/products/jig-head-bananinha-natural_c5c205ff-3114-485f-a2b9-93cf8075bb58.png?v=1701355778,kg,,,
chumbada-jig-head-offset-bananinha-natural,,,,,,,,,7g,,,7/0,,,,,'40831307010107,7.0,shopify,0,deny,manual,3.21,,true,false,,,,,,,,,,,,,,,,,,,,,,,,,,,,https://cdn.shopify.com/s/files/1/0454/5845/6736/products/jig-head-bananinha-natural_c5c205ff-3114-485f-a2b9-93cf8075bb58.png?v=1701355778,kg,,,
chumbada-jig-head-offset-bananinha-natural,,,,,,,,,9g,,,1/0,,,,,'40831307010709,9.0,,-25,continue,manual,1.96,,true,false,,,,,,,,,,,,,,,,,,,,,,,,,,,,https://cdn.shopify.com/s/files/1/0454/5845/6736/products/jig-head-bananinha-natural_c5c205ff-3114-485f-a2b9-93cf8075bb58.png?v=1701355778,kg,,,
chumbada-jig-head-offset-bananinha-natural,,,,,,,,,9g,,,2/0,,,,,'40831307010609,9.0,,-34,continue,manual,2.29,,true,false,,,,,,,,,,,,,,,,,,,,,,,,,,,,https://cdn.shopify.com/s/files/1/0454/5845/6736/products/jig-head-bananinha-natural_c5c205ff-3114-485f-a2b9-93cf8075bb58.png?v=1701355778,kg,,,
chumbada-jig-head-offset-bananinha-natural,,,,,,,,,9g,,,3/0,,,,,'40831307010509,9.0,,-24,continue,manual,2.50,,true,false,,,,,,,,,,,,,,,,,,,,,,,,,,,,https://cdn.shopify.com/s/files/1/0454/5845/6736/products/jig-head-bananinha-natural_c5c205ff-3114-485f-a2b9-93cf8075bb58.png?v=1701355778,kg,,,
chumbada-jig-head-offset-bananinha-natural,,,,,,,,,9g,,,4/0,,,,,'40831307010409,9.0,,-20,continue,manual,2.62,,true,false,,,,,,,,,,,,,,,,,,,,,,,,,,,,https://cdn.shopify.com/s/files/1/0454/5845/6736/products/jig-head-bananinha-natural_c5c205ff-3114-485f-a2b9-93cf8075bb58.png?v=1701355778,kg,,,
chumbada-jig-head-offset-bananinha-natural,,,,,,,,,9g,,,5/0,,,,,'40831307010309,9.0,,-11,continue,manual,2.86,,true,false,,,,,,,,,,,,,,,,,,,,,,,,,,,,https://cdn.shopify.com/s/files/1/0454/5845/6736/products/jig-head-bananinha-natural_c5c205ff-3114-485f-a2b9-93cf8075bb58.png?v=1701355778,kg,,,
chumbada-jig-head-offset-bananinha-natural,,,,,,,,,9g,,,6/0,,,,,'40831307010209,9.0,,-11,continue,manual,3.04,,true,false,,,,,,,,,,,,,,,,,,,,,,,,,,,,https://cdn.shopify.com/s/files/1/0454/5845/6736/products/jig-head-bananinha-natural_c5c205ff-3114-485f-a2b9-93cf8075bb58.png?v=1701355778,kg,,,
chumbada-jig-head-offset-bananinha-natural,,,,,,,,,9g,,,7/0,,,,,'40831307010109,9.0,shopify,0,deny,manual,3.21,,true,false,,,,,,,,,,,,,,,,,,,,,,,,,,,,https://cdn.shopify.com/s/files/1/0454/5845/6736/products/jig-head-bananinha-natural_c5c205ff-3114-485f-a2b9-93cf8075bb58.png?v=1701355778,kg,,,
chumbada-jig-head-offset-bananinha-natural,,,,,,,,,12g,,,1/0,,,,,'40831307010712,12.0,,-10,continue,manual,2.42,,true,false,,,,,,,,,,,,,,,,,,,,,,,,,,,,https://cdn.shopify.com/s/files/1/0454/5845/6736/products/jig-head-bananinha-natural_c5c205ff-3114-485f-a2b9-93cf8075bb58.png?v=1701355778,kg,,,
chumbada-jig-head-offset-bananinha-natural,,,,,,,,,12g,,,2/0,,,,,'40831307010612,12.0,,-7,continue,manual,2.75,,true,false,,,,,,,,,,,,,,,,,,,,,,,,,,,,https://cdn.shopify.com/s/files/1/0454/5845/6736/products/jig-head-bananinha-natural_c5c205ff-3114-485f-a2b9-93cf8075bb58.png?v=1701355778,kg,,,
chumbada-jig-head-offset-bananinha-natural,,,,,,,,,12g,,,3/0,,,,,'40831307010512,12.0,,-11,continue,manual,2.96,,true,false,,,,,,,,,,,,,,,,,,,,,,,,,,,,https://cdn.shopify.com/s/files/1/0454/5845/6736/products/jig-head-bananinha-natural_c5c205ff-3114-485f-a2b9-93cf8075bb58.png?v=1701355778,kg,,,
chumbada-jig-head-offset-bananinha-natural,,,,,,,,,12g,,,4/0,,,,,'40831307010412,12.0,,-1,continue,manual,3.08,,true,false,,,,,,,,,,,,,,,,,,,,,,,,,,,,https://cdn.shopify.com/s/files/1/0454/5845/6736/products/jig-head-bananinha-natural_c5c205ff-3114-485f-a2b9-93cf8075bb58.png?v=1701355778,kg,,,
chumbada-jig-head-offset-bananinha-natural,,,,,,,,,12g,,,5/0,,,,,'40831307010312,12.0,,-11,continue,manual,3.32,,true,false,,,,,,,,,,,,,,,,,,,,,,,,,,,,https://cdn.shopify.com/s/files/1/0454/5845/6736/products/jig-head-bananinha-natural_c5c205ff-3114-485f-a2b9-93cf8075bb58.png?v=1701355778,kg,,,
chumbada-jig-head-offset-bananinha-natural,,,,,,,,,12g,,,6/0,,,,,'40831307010212,12.0,,0,continue,manual,3.50,,true,false,,,,,,,,,,,,,,,,,,,,,,,,,,,,https://cdn.shopify.com/s/files/1/0454/5845/6736/products/jig-head-bananinha-natural_c5c205ff-3114-485f-a2b9-93cf8075bb58.png?v=1701355778,kg,,,
chumbada-jig-head-offset-bananinha-natural,,,,,,,,,12g,,,7/0,,,,,'40831307010112,12.0,shopify,-207,deny,manual,3.67,,true,false,,,,,,,,,,,,,,,,,,,,,,,,,,,,https://cdn.shopify.com/s/files/1/0454/5845/6736/products/jig-head-bananinha-natural_c5c205ff-3114-485f-a2b9-93cf8075bb58.png?v=1701355778,kg,,,
chumbada-jig-head-offset-bananinha-natural,,,,,,,,,14g,,,1/0,,,,,'40831307010714,14.0,,-10,continue,manual,2.42,,true,false,,,,,,,,,,,,,,,,,,,,,,,,,,,,https://cdn.shopify.com/s/files/1/0454/5845/6736/products/jig-head-bananinha-natural_c5c205ff-3114-485f-a2b9-93cf8075bb58.png?v=1701355778,kg,,,
chumbada-jig-head-offset-bananinha-natural,,,,,,,,,14g,,,2/0,,,,,'40831307010614,14.0,,-5,continue,manual,2.75,,true,false,,,,,,,,,,,,,,,,,,,,,,,,,,,,https://cdn.shopify.com/s/files/1/0454/5845/6736/products/jig-head-bananinha-natural_c5c205ff-3114-485f-a2b9-93cf8075bb58.png?v=1701355778,kg,,,
chumbada-jig-head-offset-bananinha-natural,,,,,,,,,14g,,,3/0,,,,,'40831307010514,14.0,,0,continue,manual,2.96,,true,false,,,,,,,,,,,,,,,,,,,,,,,,,,,,https://cdn.shopify.com/s/files/1/0454/5845/6736/products/jig-head-bananinha-natural_c5c205ff-3114-485f-a2b9-93cf8075bb58.png?v=1701355778,kg,,,
chumbada-jig-head-offset-bananinha-natural,,,,,,,,,14g,,,4/0,,,,,'40831307010414,14.0,,0,continue,manual,3.08,,true,false,,,,,,,,,,,,,,,,,,,,,,,,,,,,https://cdn.shopify.com/s/files/1/0454/5845/6736/products/jig-head-bananinha-natural_c5c205ff-3114-485f-a2b9-93cf8075bb58.png?v=1701355778,kg,,,
chumbada-jig-head-offset-bananinha-natural,,,,,,,,,14g,,,5/0,,,,,'40831307010314,14.0,,0,continue,manual,3.32,,true,false,,,,,,,,,,,,,,,,,,,,,,,,,,,,https://cdn.shopify.com/s/files/1/0454/5845/6736/products/jig-head-bananinha-natural_c5c205ff-3114-485f-a2b9-93cf8075bb58.png?v=1701355778,kg,,,
chumbada-jig-head-offset-bananinha-natural,,,,,,,,,14g,,,6/0,,,,,'40831307010214,14.0,,-22,continue,manual,3.50,,true,false,,,,,,,,,,,,,,,,,,,,,,,,,,,,https://cdn.shopify.com/s/files/1/0454/5845/6736/products/jig-head-bananinha-natural_c5c205ff-3114-485f-a2b9-93cf8075bb58.png?v=1701355778,kg,,,
chumbada-jig-head-offset-bananinha-natural,,,,,,,,,14g,,,7/0,,,,,'40831307010114,14.0,shopify,-20,deny,manual,3.67,,true,false,,,,,,,,,,,,,,,,,,,,,,,,,,,,https://cdn.shopify.com/s/files/1/0454/5845/6736/products/jig-head-bananinha-natural_c5c205ff-3114-485f-a2b9-93cf8075bb58.png?v=1701355778,kg,,,
chumbada-jig-head-offset-bananinha-natural,,,,,,,,,16g,,,1/0,,,,,'40831307010716,16.0,,-60,continue,manual,2.42,,true,false,,,,,,,,,,,,,,,,,,,,,,,,,,,,https://cdn.shopify.com/s/files/1/0454/5845/6736/products/jig-head-bananinha-natural_c5c205ff-3114-485f-a2b9-93cf8075bb58.png?v=1701355778,kg,,,
chumbada-jig-head-offset-bananinha-natural,,,,,,,,,16g,,,2/0,,,,,'40831307010616,16.0,,0,continue,manual,2.75,,true,false,,,,,,,,,,,,,,,,,,,,,,,,,,,,https://cdn.shopify.com/s/files/1/0454/5845/6736/products/jig-head-bananinha-natural_c5c205ff-3114-485f-a2b9-93cf8075bb58.png?v=1701355778,kg,,,
chumbada-jig-head-offset-bananinha-natural,,,,,,,,,16g,,,3/0,,,,,'40831307010516,16.0,,0,continue,manual,2.96,,true,false,,,,,,,,,,,,,,,,,,,,,,,,,,,,https://cdn.shopify.com/s/files/1/0454/5845/6736/products/jig-head-bananinha-natural_c5c205ff-3114-485f-a2b9-93cf8075bb58.png?v=1701355778,kg,,,
chumbada-jig-head-offset-bananinha-natural,,,,,,,,,16g,,,4/0,,,,,'40831307010416,16.0,,-10,continue,manual,3.08,,true,false,,,,,,,,,,,,,,,,,,,,,,,,,,,,https://cdn.shopify.com/s/files/1/0454/5845/6736/products/jig-head-bananinha-natural_c5c205ff-3114-485f-a2b9-93cf8075bb58.png?v=1701355778,kg,,,
chumbada-jig-head-offset-bananinha-natural,,,,,,,,,16g,,,5/0,,,,,'40831307010316,16.0,,-20,continue,manual,3.32,,true,false,,,,,,,,,,,,,,,,,,,,,,,,,,,,https://cdn.shopify.com/s/files/1/0454/5845/6736/products/jig-head-bananinha-natural_c5c205ff-3114-485f-a2b9-93cf8075bb58.png?v=1701355778,kg,,,
chumbada-jig-head-offset-bananinha-natural,,,,,,,,,16g,,,6/0,,,,,'40831307010216,16.0,,-20,continue,manual,3.50,,true,false,,,,,,,,,,,,,,,,,,,,,,,,,,,,https://cdn.shopify.com/s/files/1/0454/5845/6736/products/jig-head-bananinha-natural_c5c205ff-3114-485f-a2b9-93cf8075bb58.png?v=1701355778,kg,,,
chumbada-jig-head-offset-bananinha-natural,,,,,,,,,16g,,,7/0,,,,,'40831307010116,16.0,shopify,-152,deny,manual,3.67,,true,false,,,,,,,,,,,,,,,,,,,,,,,,,,,,https://cdn.shopify.com/s/files/1/0454/5845/6736/products/jig-head-bananinha-natural_c5c205ff-3114-485f-a2b9-93cf8075bb58.png?v=1701355778,kg,,,
chumbada-jig-head-offset-bananinha-preta,Anzol Jig Head Offset Bananinha Preta,<p>Chumbada Jig Head Offset Bananinha Preta</p>,Chumbada Oficial,,"","Anzol, Bananinha, Jig Head, Jig Head Offset, Offset, Preta, Todos",true,Peso,5g,,Tamanho do Anzol,1/0,,,,,'40831308020705,5.0,,0,continue,manual,2.76,,true,false,,,,,,https://cdn.shopify.com/s/files/1/0454/5845/6736/products/jig-head-bananinha-preto_c94ca7dd-f662-448a-8027-eb66fb4b13c4.png?v=1701355773,1,Chumbada Jig Head Offset Bananinha Preta,false,,,,,,,,,,,,,,,,,,,https://cdn.shopify.com/s/files/1/0454/5845/6736/products/jig-head-bananinha-preto_c94ca7dd-f662-448a-8027-eb66fb4b13c4.png?v=1701355773,kg,,,active
chumbada-jig-head-offset-bananinha-preta,,,,,,,,,5g,,,2/0,,,,,'40831308020605,5.0,,0,continue,manual,3.09,,true,false,,,,,,,,,,,,,,,,,,,,,,,,,,,,https://cdn.shopify.com/s/files/1/0454/5845/6736/products/jig-head-bananinha-preto_c94ca7dd-f662-448a-8027-eb66fb4b13c4.png?v=1701355773,kg,,,
chumbada-jig-head-offset-bananinha-preta,,,,,,,,,5g,,,3/0,,,,,'40831308020505,5.0,,0,continue,manual,3.30,,true,false,,,,,,,,,,,,,,,,,,,,,,,,,,,,https://cdn.shopify.com/s/files/1/0454/5845/6736/products/jig-head-bananinha-preto_c94ca7dd-f662-448a-8027-eb66fb4b13c4.png?v=1701355773,kg,,,
chumbada-jig-head-offset-bananinha-preta,,,,,,,,,5g,,,4/0,,,,,'40831308020405,5.0,,0,continue,manual,3.42,,true,false,,,,,,,,,,,,,,,,,,,,,,,,,,,,https://cdn.shopify.com/s/files/1/0454/5845/6736/products/jig-head-bananinha-preto_c94ca7dd-f662-448a-8027-eb66fb4b13c4.png?v=1701355773,kg,,,
chumbada-jig-head-offset-bananinha-preta,,,,,,,,,5g,,,5/0,,,,,'40831308020305,5.0,,0,continue,manual,3.66,,true,false,,,,,,,,,,,,,,,,,,,,,,,,,,,,https://cdn.shopify.com/s/files/1/0454/5845/6736/products/jig-head-bananinha-preto_c94ca7dd-f662-448a-8027-eb66fb4b13c4.png?v=1701355773,kg,,,
chumbada-jig-head-offset-bananinha-preta,,,,,,,,,5g,,,6/0,,,,,'40831308020205,5.0,,0,continue,manual,3.84,,true,false,,,,,,,,,,,,,,,,,,,,,,,,,,,,https://cdn.shopify.com/s/files/1/0454/5845/6736/products/jig-head-bananinha-preto_c94ca7dd-f662-448a-8027-eb66fb4b13c4.png?v=1701355773,kg,,,
chumbada-jig-head-offset-bananinha-preta,,,,,,,,,5g,,,7/0,,,,,'40831308020105,5.0,shopify,0,deny,manual,4.01,,true,false,,,,,,,,,,,,,,,,,,,,,,,,,,,,https://cdn.shopify.com/s/files/1/0454/5845/6736/products/jig-head-bananinha-preto_c94ca7dd-f662-448a-8027-eb66fb4b13c4.png?v=1701355773,kg,,,
chumbada-jig-head-offset-bananinha-preta,,,,,,,,,7g,,,1/0,,,,,'40831308020707,7.0,,0,continue,manual,2.76,,true,false,,,,,,,,,,,,,,,,,,,,,,,,,,,,https://cdn.shopify.com/s/files/1/0454/5845/6736/products/jig-head-bananinha-preto_c94ca7dd-f662-448a-8027-eb66fb4b13c4.png?v=1701355773,kg,,,
chumbada-jig-head-offset-bananinha-preta,,,,,,,,,7g,,,2/0,,,,,'40831308020607,7.0,,0,continue,manual,3.09,,true,false,,,,,,,,,,,,,,,,,,,,,,,,,,,,https://cdn.shopify.com/s/files/1/0454/5845/6736/products/jig-head-bananinha-preto_c94ca7dd-f662-448a-8027-eb66fb4b13c4.png?v=1701355773,kg,,,
chumbada-jig-head-offset-bananinha-preta,,,,,,,,,7g,,,3/0,,,,,'40831308020507,7.0,,-30,continue,manual,3.30,,true,false,,,,,,,,,,,,,,,,,,,,,,,,,,,,https://cdn.shopify.com/s/files/1/0454/5845/6736/products/jig-head-bananinha-preto_c94ca7dd-f662-448a-8027-eb66fb4b13c4.png?v=1701355773,kg,,,
chumbada-jig-head-offset-bananinha-preta,,,,,,,,,7g,,,4/0,,,,,'40831308020407,7.0,,-30,continue,manual,3.42,,true,false,,,,,,,,,,,,,,,,,,,,,,,,,,,,https://cdn.shopify.com/s/files/1/0454/5845/6736/products/jig-head-bananinha-preto_c94ca7dd-f662-448a-8027-eb66fb4b13c4.png?v=1701355773,kg,,,
chumbada-jig-head-offset-bananinha-preta,,,,,,,,,7g,,,5/0,,,,,'40831308020307,7.0,,-10,continue,manual,3.66,,true,false,,,,,,,,,,,,,,,,,,,,,,,,,,,,https://cdn.shopify.com/s/files/1/0454/5845/6736/products/jig-head-bananinha-preto_c94ca7dd-f662-448a-8027-eb66fb4b13c4.png?v=1701355773,kg,,,
chumbada-jig-head-offset-bananinha-preta,,,,,,,,,7g,,,6/0,,,,,'40831308020207,7.0,,0,continue,manual,3.84,,true,false,,,,,,,,,,,,,,,,,,,,,,,,,,,,https://cdn.shopify.com/s/files/1/0454/5845/6736/products/jig-head-bananinha-preto_c94ca7dd-f662-448a-8027-eb66fb4b13c4.png?v=1701355773,kg,,,
chumbada-jig-head-offset-bananinha-preta,,,,,,,,,7g,,,7/0,,,,,'40831308020107,7.0,shopify,0,deny,manual,4.01,,true,false,,,,,,,,,,,,,,,,,,,,,,,,,,,,https://cdn.shopify.com/s/files/1/0454/5845/6736/products/jig-head-bananinha-preto_c94ca7dd-f662-448a-8027-eb66fb4b13c4.png?v=1701355773,kg,,,
chumbada-jig-head-offset-bananinha-preta,,,,,,,,,9g,,,1/0,,,,,'40831308020709,9.0,,0,continue,manual,2.76,,true,false,,,,,,,,,,,,,,,,,,,,,,,,,,,,https://cdn.shopify.com/s/files/1/0454/5845/6736/products/jig-head-bananinha-preto_c94ca7dd-f662-448a-8027-eb66fb4b13c4.png?v=1701355773,kg,,,
chumbada-jig-head-offset-bananinha-preta,,,,,,,,,9g,,,2/0,,,,,'40831308020609,9.0,,0,continue,manual,3.09,,true,false,,,,,,,,,,,,,,,,,,,,,,,,,,,,https://cdn.shopify.com/s/files/1/0454/5845/6736/products/jig-head-bananinha-preto_c94ca7dd-f662-448a-8027-eb66fb4b13c4.png?v=1701355773,kg,,,
chumbada-jig-head-offset-bananinha-preta,,,,,,,,,9g,,,3/0,,,,,'40831308020509,9.0,,0,continue,manual,3.30,,true,false,,,,,,,,,,,,,,,,,,,,,,,,,,,,https://cdn.shopify.com/s/files/1/0454/5845/6736/products/jig-head-bananinha-preto_c94ca7dd-f662-448a-8027-eb66fb4b13c4.png?v=1701355773,kg,,,
chumbada-jig-head-offset-bananinha-preta,,,,,,,,,9g,,,4/0,,,,,'40831308020409,9.0,,0,continue,manual,3.42,,true,false,,,,,,,,,,,,,,,,,,,,,,,,,,,,https://cdn.shopify.com/s/files/1/0454/5845/6736/products/jig-head-bananinha-preto_c94ca7dd-f662-448a-8027-eb66fb4b13c4.png?v=1701355773,kg,,,
chumbada-jig-head-offset-bananinha-preta,,,,,,,,,9g,,,5/0,,,,,'40831308020309,9.0,,-20,continue,manual,3.66,,true,false,,,,,,,,,,,,,,,,,,,,,,,,,,,,https://cdn.shopify.com/s/files/1/0454/5845/6736/products/jig-head-bananinha-preto_c94ca7dd-f662-448a-8027-eb66fb4b13c4.png?v=1701355773,kg,,,
chumbada-jig-head-offset-bananinha-preta,,,,,,,,,9g,,,6/0,,,,,'40831308020209,9.0,,0,continue,manual,3.84,,true,false,,,,,,,,,,,,,,,,,,,,,,,,,,,,https://cdn.shopify.com/s/files/1/0454/5845/6736/products/jig-head-bananinha-preto_c94ca7dd-f662-448a-8027-eb66fb4b13c4.png?v=1701355773,kg,,,
chumbada-jig-head-offset-bananinha-preta,,,,,,,,,9g,,,7/0,,,,,'40831308020109,9.0,shopify,0,deny,manual,4.01,,true,false,,,,,,,,,,,,,,,,,,,,,,,,,,,,https://cdn.shopify.com/s/files/1/0454/5845/6736/products/jig-head-bananinha-preto_c94ca7dd-f662-448a-8027-eb66fb4b13c4.png?v=1701355773,kg,,,
chumbada-jig-head-offset-bananinha-preta,,,,,,,,,12g,,,1/0,,,,,'40831308020712,12.0,,0,continue,manual,3.62,,true,false,,,,,,,,,,,,,,,,,,,,,,,,,,,,https://cdn.shopify.com/s/files/1/0454/5845/6736/products/jig-head-bananinha-preto_c94ca7dd-f662-448a-8027-eb66fb4b13c4.png?v=1701355773,kg,,,
chumbada-jig-head-offset-bananinha-preta,,,,,,,,,12g,,,2/0,,,,,'40831308020612,12.0,,0,continue,manual,3.95,,true,false,,,,,,,,,,,,,,,,,,,,,,,,,,,,https://cdn.shopify.com/s/files/1/0454/5845/6736/products/jig-head-bananinha-preto_c94ca7dd-f662-448a-8027-eb66fb4b13c4.png?v=1701355773,kg,,,
chumbada-jig-head-offset-bananinha-preta,,,,,,,,,12g,,,3/0,,,,,'40831308020512,12.0,,0,continue,manual,4.16,,true,false,,,,,,,,,,,,,,,,,,,,,,,,,,,,https://cdn.shopify.com/s/files/1/0454/5845/6736/products/jig-head-bananinha-preto_c94ca7dd-f662-448a-8027-eb66fb4b13c4.png?v=1701355773,kg,,,
chumbada-jig-head-offset-bananinha-preta,,,,,,,,,12g,,,4/0,,,,,'40831308020412,12.0,,0,continue,manual,4.28,,true,false,,,,,,,,,,,,,,,,,,,,,,,,,,,,https://cdn.shopify.com/s/files/1/0454/5845/6736/products/jig-head-bananinha-preto_c94ca7dd-f662-448a-8027-eb66fb4b13c4.png?v=1701355773,kg,,,
chumbada-jig-head-offset-bananinha-preta,,,,,,,,,12g,,,5/0,,,,,'40831308020312,12.0,,0,continue,manual,4.52,,true,false,,,,,,,,,,,,,,,,,,,,,,,,,,,,https://cdn.shopify.com/s/files/1/0454/5845/6736/products/jig-head-bananinha-preto_c94ca7dd-f662-448a-8027-eb66fb4b13c4.png?v=1701355773,kg,,,
chumbada-jig-head-offset-bananinha-preta,,,,,,,,,12g,,,6/0,,,,,'40831308020212,12.0,,0,continue,manual,4.70,,true,false,,,,,,,,,,,,,,,,,,,,,,,,,,,,https://cdn.shopify.com/s/files/1/0454/5845/6736/products/jig-head-bananinha-preto_c94ca7dd-f662-448a-8027-eb66fb4b13c4.png?v=1701355773,kg,,,
chumbada-jig-head-offset-bananinha-preta,,,,,,,,,12g,,,7/0,,,,,'40831308020112,12.0,shopify,0,deny,manual,4.87,,true,false,,,,,,,,,,,,,,,,,,,,,,,,,,,,https://cdn.shopify.com/s/files/1/0454/5845/6736/products/jig-head-bananinha-preto_c94ca7dd-f662-448a-8027-eb66fb4b13c4.png?v=1701355773,kg,,,
chumbada-jig-head-offset-bananinha-preta,,,,,,,,,14g,,,1/0,,,,,'40831308020714,14.0,,0,continue,manual,3.62,,true,false,,,,,,,,,,,,,,,,,,,,,,,,,,,,https://cdn.shopify.com/s/files/1/0454/5845/6736/products/jig-head-bananinha-preto_c94ca7dd-f662-448a-8027-eb66fb4b13c4.png?v=1701355773,kg,,,
chumbada-jig-head-offset-bananinha-preta,,,,,,,,,14g,,,2/0,,,,,'40831308020614,14.0,,0,continue,manual,3.95,,true,false,,,,,,,,,,,,,,,,,,,,,,,,,,,,https://cdn.shopify.com/s/files/1/0454/5845/6736/products/jig-head-bananinha-preto_c94ca7dd-f662-448a-8027-eb66fb4b13c4.png?v=1701355773,kg,,,
chumbada-jig-head-offset-bananinha-preta,,,,,,,,,14g,,,3/0,,,,,'40831308020514,14.0,,0,continue,manual,4.16,,true,false,,,,,,,,,,,,,,,,,,,,,,,,,,,,https://cdn.shopify.com/s/files/1/0454/5845/6736/products/jig-head-bananinha-preto_c94ca7dd-f662-448a-8027-eb66fb4b13c4.png?v=1701355773,kg,,,
chumbada-jig-head-offset-bananinha-preta,,,,,,,,,14g,,,4/0,,,,,'40831308020414,14.0,,0,continue,manual,4.28,,true,false,,,,,,,,,,,,,,,,,,,,,,,,,,,,https://cdn.shopify.com/s/files/1/0454/5845/6736/products/jig-head-bananinha-preto_c94ca7dd-f662-448a-8027-eb66fb4b13c4.png?v=1701355773,kg,,,
chumbada-jig-head-offset-bananinha-preta,,,,,,,,,14g,,,5/0,,,,,'40831308020314,14.0,,0,continue,manual,4.52,,true,false,,,,,,,,,,,,,,,,,,,,,,,,,,,,https://cdn.shopify.com/s/files/1/0454/5845/6736/products/jig-head-bananinha-preto_c94ca7dd-f662-448a-8027-eb66fb4b13c4.png?v=1701355773,kg,,,
chumbada-jig-head-offset-bananinha-preta,,,,,,,,,14g,,,6/0,,,,,'40831308020214,14.0,,0,continue,manual,4.70,,true,false,,,,,,,,,,,,,,,,,,,,,,,,,,,,https://cdn.shopify.com/s/files/1/0454/5845/6736/products/jig-head-bananinha-preto_c94ca7dd-f662-448a-8027-eb66fb4b13c4.png?v=1701355773,kg,,,
chumbada-jig-head-offset-bananinha-preta,,,,,,,,,14g,,,7/0,,,,,'40831308020114,14.0,shopify,0,deny,manual,4.87,,true,false,,,,,,,,,,,,,,,,,,,,,,,,,,,,https://cdn.shopify.com/s/files/1/0454/5845/6736/products/jig-head-bananinha-preto_c94ca7dd-f662-448a-8027-eb66fb4b13c4.png?v=1701355773,kg,,,
chumbada-jig-head-offset-bananinha-preta,,,,,,,,,16g,,,1/0,,,,,'40831308020716,16.0,,0,continue,manual,3.62,,true,false,,,,,,,,,,,,,,,,,,,,,,,,,,,,https://cdn.shopify.com/s/files/1/0454/5845/6736/products/jig-head-bananinha-preto_c94ca7dd-f662-448a-8027-eb66fb4b13c4.png?v=1701355773,kg,,,
chumbada-jig-head-offset-bananinha-preta,,,,,,,,,16g,,,2/0,,,,,'40831308020616,16.0,,0,continue,manual,3.95,,true,false,,,,,,,,,,,,,,,,,,,,,,,,,,,,https://cdn.shopify.com/s/files/1/0454/5845/6736/products/jig-head-bananinha-preto_c94ca7dd-f662-448a-8027-eb66fb4b13c4.png?v=1701355773,kg,,,
chumbada-jig-head-offset-bananinha-preta,,,,,,,,,16g,,,3/0,,,,,'40831308020516,16.0,,0,continue,manual,4.16,,true,false,,,,,,,,,,,,,,,,,,,,,,,,,,,,https://cdn.shopify.com/s/files/1/0454/5845/6736/products/jig-head-bananinha-preto_c94ca7dd-f662-448a-8027-eb66fb4b13c4.png?v=1701355773,kg,,,
chumbada-jig-head-offset-bananinha-preta,,,,,,,,,16g,,,4/0,,,,,'40831308020416,16.0,,0,continue,manual,4.28,,true,false,,,,,,,,,,,,,,,,,,,,,,,,,,,,https://cdn.shopify.com/s/files/1/0454/5845/6736/products/jig-head-bananinha-preto_c94ca7dd-f662-448a-8027-eb66fb4b13c4.png?v=1701355773,kg,,,
chumbada-jig-head-offset-bananinha-preta,,,,,,,,,16g,,,5/0,,,,,'40831308020316,16.0,,0,continue,manual,4.52,,true,false,,,,,,,,,,,,,,,,,,,,,,,,,,,,https://cdn.shopify.com/s/files/1/0454/5845/6736/products/jig-head-bananinha-preto_c94ca7dd-f662-448a-8027-eb66fb4b13c4.png?v=1701355773,kg,,,
chumbada-jig-head-offset-bananinha-preta,,,,,,,,,16g,,,6/0,,,,,'40831308020216,16.0,,0,continue,manual,4.70,,true,false,,,,,,,,,,,,,,,,,,,,,,,,,,,,https://cdn.shopify.com/s/files/1/0454/5845/6736/products/jig-head-bananinha-preto_c94ca7dd-f662-448a-8027-eb66fb4b13c4.png?v=1701355773,kg,,,
chumbada-jig-head-offset-bananinha-preta,,,,,,,,,16g,,,7/0,,,,,'40831308020116,16.0,shopify,0,deny,manual,4.87,,true,false,,,,,,,,,,,,,,,,,,,,,,,,,,,,https://cdn.shopify.com/s/files/1/0454/5845/6736/products/jig-head-bananinha-preto_c94ca7dd-f662-448a-8027-eb66fb4b13c4.png?v=1701355773,kg,,,
chumbada-jig-head-offset-bananinha-vermelha,Anzol Jig Head Offset Bananinha Vermelha,<p>Chumbada Jig Head Offset Bananinha Vermelha</p>,Chumbada Oficial,,"","Anzol, Bananinha, Jig Head, Jig Head Offset, Offset, Todos, Vermelha",true,Peso,5g,,Tamanho do Anzol,1/0,,,,,'40831308040705,5.0,,0,continue,manual,2.76,,true,false,,,,,,https://cdn.shopify.com/s/files/1/0454/5845/6736/products/jig-head-bananinha-vermelho_4bd2bc2d-e604-413b-ae90-bd22ec5a6fdf.png?v=1701355753,1,Chumbada Jig Head Offset Bananinha Vermelha,false,,,,,,,,,,,,,,,,,,,https://cdn.shopify.com/s/files/1/0454/5845/6736/products/jig-head-bananinha-vermelho_4bd2bc2d-e604-413b-ae90-bd22ec5a6fdf.png?v=1701355753,kg,,,active
chumbada-jig-head-offset-bananinha-vermelha,,,,,,,,,5g,,,2/0,,,,,'40831308040605,5.0,,0,continue,manual,3.09,,true,false,,,,,,,,,,,,,,,,,,,,,,,,,,,,https://cdn.shopify.com/s/files/1/0454/5845/6736/products/jig-head-bananinha-vermelho_4bd2bc2d-e604-413b-ae90-bd22ec5a6fdf.png?v=1701355753,kg,,,
chumbada-jig-head-offset-bananinha-vermelha,,,,,,,,,5g,,,3/0,,,,,'40831308040505,5.0,,-22,continue,manual,3.30,,true,false,,,,,,,,,,,,,,,,,,,,,,,,,,,,https://cdn.shopify.com/s/files/1/0454/5845/6736/products/jig-head-bananinha-vermelho_4bd2bc2d-e604-413b-ae90-bd22ec5a6fdf.png?v=1701355753,kg,,,
chumbada-jig-head-offset-bananinha-vermelha,,,,,,,,,5g,,,4/0,,,,,'40831308040405,5.0,,-1,continue,manual,3.42,,true,false,,,,,,,,,,,,,,,,,,,,,,,,,,,,https://cdn.shopify.com/s/files/1/0454/5845/6736/products/jig-head-bananinha-vermelho_4bd2bc2d-e604-413b-ae90-bd22ec5a6fdf.png?v=1701355753,kg,,,
chumbada-jig-head-offset-bananinha-vermelha,,,,,,,,,5g,,,5/0,,,,,'40831308040305,5.0,,0,continue,manual,3.66,,true,false,,,,,,,,,,,,,,,,,,,,,,,,,,,,https://cdn.shopify.com/s/files/1/0454/5845/6736/products/jig-head-bananinha-vermelho_4bd2bc2d-e604-413b-ae90-bd22ec5a6fdf.png?v=1701355753,kg,,,
chumbada-jig-head-offset-bananinha-vermelha,,,,,,,,,5g,,,6/0,,,,,'40831308040205,5.0,,0,continue,manual,3.84,,true,false,,,,,,,,,,,,,,,,,,,,,,,,,,,,https://cdn.shopify.com/s/files/1/0454/5845/6736/products/jig-head-bananinha-vermelho_4bd2bc2d-e604-413b-ae90-bd22ec5a6fdf.png?v=1701355753,kg,,,
chumbada-jig-head-offset-bananinha-vermelha,,,,,,,,,5g,,,7/0,,,,,'40831308040105,5.0,shopify,0,deny,manual,4.01,,true,false,,,,,,,,,,,,,,,,,,,,,,,,,,,,https://cdn.shopify.com/s/files/1/0454/5845/6736/products/jig-head-bananinha-vermelho_4bd2bc2d-e604-413b-ae90-bd22ec5a6fdf.png?v=1701355753,kg,,,
chumbada-jig-head-offset-bananinha-vermelha,,,,,,,,,7g,,,1/0,,,,,'40831308040707,7.0,,0,continue,manual,2.76,,true,false,,,,,,,,,,,,,,,,,,,,,,,,,,,,https://cdn.shopify.com/s/files/1/0454/5845/6736/products/jig-head-bananinha-vermelho_4bd2bc2d-e604-413b-ae90-bd22ec5a6fdf.png?v=1701355753,kg,,,
chumbada-jig-head-offset-bananinha-vermelha,,,,,,,,,7g,,,2/0,,,,,'40831308040607,7.0,,0,continue,manual,3.09,,true,false,,,,,,,,,,,,,,,,,,,,,,,,,,,,https://cdn.shopify.com/s/files/1/0454/5845/6736/products/jig-head-bananinha-vermelho_4bd2bc2d-e604-413b-ae90-bd22ec5a6fdf.png?v=1701355753,kg,,,
chumbada-jig-head-offset-bananinha-vermelha,,,,,,,,,7g,,,3/0,,,,,'40831308040507,7.0,,-37,continue,manual,3.30,,true,false,,,,,,,,,,,,,,,,,,,,,,,,,,,,https://cdn.shopify.com/s/files/1/0454/5845/6736/products/jig-head-bananinha-vermelho_4bd2bc2d-e604-413b-ae90-bd22ec5a6fdf.png?v=1701355753,kg,,,
chumbada-jig-head-offset-bananinha-vermelha,,,,,,,,,7g,,,4/0,,,,,'40831308040407,7.0,,-31,continue,manual,3.42,,true,false,,,,,,,,,,,,,,,,,,,,,,,,,,,,https://cdn.shopify.com/s/files/1/0454/5845/6736/products/jig-head-bananinha-vermelho_4bd2bc2d-e604-413b-ae90-bd22ec5a6fdf.png?v=1701355753,kg,,,
chumbada-jig-head-offset-bananinha-vermelha,,,,,,,,,7g,,,5/0,,,,,'40831308040307,7.0,,-10,continue,manual,3.66,,true,false,,,,,,,,,,,,,,,,,,,,,,,,,,,,https://cdn.shopify.com/s/files/1/0454/5845/6736/products/jig-head-bananinha-vermelho_4bd2bc2d-e604-413b-ae90-bd22ec5a6fdf.png?v=1701355753,kg,,,
chumbada-jig-head-offset-bananinha-vermelha,,,,,,,,,7g,,,6/0,,,,,'40831308040207,7.0,,0,continue,manual,3.84,,true,false,,,,,,,,,,,,,,,,,,,,,,,,,,,,https://cdn.shopify.com/s/files/1/0454/5845/6736/products/jig-head-bananinha-vermelho_4bd2bc2d-e604-413b-ae90-bd22ec5a6fdf.png?v=1701355753,kg,,,
chumbada-jig-head-offset-bananinha-vermelha,,,,,,,,,7g,,,7/0,,,,,'40831308040107,7.0,shopify,0,deny,manual,4.01,,true,false,,,,,,,,,,,,,,,,,,,,,,,,,,,,https://cdn.shopify.com/s/files/1/0454/5845/6736/products/jig-head-bananinha-vermelho_4bd2bc2d-e604-413b-ae90-bd22ec5a6fdf.png?v=1701355753,kg,,,
chumbada-jig-head-offset-bananinha-vermelha,,,,,,,,,9g,,,1/0,,,,,'40831308040709,9.0,,0,continue,manual,2.76,,true,false,,,,,,,,,,,,,,,,,,,,,,,,,,,,https://cdn.shopify.com/s/files/1/0454/5845/6736/products/jig-head-bananinha-vermelho_4bd2bc2d-e604-413b-ae90-bd22ec5a6fdf.png?v=1701355753,kg,,,
chumbada-jig-head-offset-bananinha-vermelha,,,,,,,,,9g,,,2/0,,,,,'40831308040609,9.0,,0,continue,manual,3.09,,true,false,,,,,,,,,,,,,,,,,,,,,,,,,,,,https://cdn.shopify.com/s/files/1/0454/5845/6736/products/jig-head-bananinha-vermelho_4bd2bc2d-e604-413b-ae90-bd22ec5a6fdf.png?v=1701355753,kg,,,
chumbada-jig-head-offset-bananinha-vermelha,,,,,,,,,9g,,,3/0,,,,,'40831308040509,9.0,,-2,continue,manual,3.30,,true,false,,,,,,,,,,,,,,,,,,,,,,,,,,,,https://cdn.shopify.com/s/files/1/0454/5845/6736/products/jig-head-bananinha-vermelho_4bd2bc2d-e604-413b-ae90-bd22ec5a6fdf.png?v=1701355753,kg,,,
chumbada-jig-head-offset-bananinha-vermelha,,,,,,,,,9g,,,4/0,,,,,'40831308040409,9.0,,0,continue,manual,3.42,,true,false,,,,,,,,,,,,,,,,,,,,,,,,,,,,https://cdn.shopify.com/s/files/1/0454/5845/6736/products/jig-head-bananinha-vermelho_4bd2bc2d-e604-413b-ae90-bd22ec5a6fdf.png?v=1701355753,kg,,,
chumbada-jig-head-offset-bananinha-vermelha,,,,,,,,,9g,,,5/0,,,,,'40831308040309,9.0,,-20,continue,manual,3.66,,true,false,,,,,,,,,,,,,,,,,,,,,,,,,,,,https://cdn.shopify.com/s/files/1/0454/5845/6736/products/jig-head-bananinha-vermelho_4bd2bc2d-e604-413b-ae90-bd22ec5a6fdf.png?v=1701355753,kg,,,
chumbada-jig-head-offset-bananinha-vermelha,,,,,,,,,9g,,,6/0,,,,,'40831308040209,9.0,,0,continue,manual,3.84,,true,false,,,,,,,,,,,,,,,,,,,,,,,,,,,,https://cdn.shopify.com/s/files/1/0454/5845/6736/products/jig-head-bananinha-vermelho_4bd2bc2d-e604-413b-ae90-bd22ec5a6fdf.png?v=1701355753,kg,,,
chumbada-jig-head-offset-bananinha-vermelha,,,,,,,,,9g,,,7/0,,,,,'40831308040109,9.0,shopify,0,deny,manual,4.01,,true,false,,,,,,,,,,,,,,,,,,,,,,,,,,,,https://cdn.shopify.com/s/files/1/0454/5845/6736/products/jig-head-bananinha-vermelho_4bd2bc2d-e604-413b-ae90-bd22ec5a6fdf.png?v=1701355753,kg,,,
chumbada-jig-head-offset-bananinha-vermelha,,,,,,,,,12g,,,1/0,,,,,'40831308040712,12.0,,0,continue,manual,3.62,,true,false,,,,,,,,,,,,,,,,,,,,,,,,,,,,https://cdn.shopify.com/s/files/1/0454/5845/6736/products/jig-head-bananinha-vermelho_4bd2bc2d-e604-413b-ae90-bd22ec5a6fdf.png?v=1701355753,kg,,,
chumbada-jig-head-offset-bananinha-vermelha,,,,,,,,,12g,,,2/0,,,,,'40831308040612,12.0,,0,continue,manual,3.95,,true,false,,,,,,,,,,,,,,,,,,,,,,,,,,,,https://cdn.shopify.com/s/files/1/0454/5845/6736/products/jig-head-bananinha-vermelho_4bd2bc2d-e604-413b-ae90-bd22ec5a6fdf.png?v=1701355753,kg,,,
chumbada-jig-head-offset-bananinha-vermelha,,,,,,,,,12g,,,3/0,,,,,'40831308040512,12.0,,0,continue,manual,4.16,,true,false,,,,,,,,,,,,,,,,,,,,,,,,,,,,https://cdn.shopify.com/s/files/1/0454/5845/6736/products/jig-head-bananinha-vermelho_4bd2bc2d-e604-413b-ae90-bd22ec5a6fdf.png?v=1701355753,kg,,,
chumbada-jig-head-offset-bananinha-vermelha,,,,,,,,,12g,,,4/0,,,,,'40831308040412,12.0,,-6,continue,manual,4.28,,true,false,,,,,,,,,,,,,,,,,,,,,,,,,,,,https://cdn.shopify.com/s/files/1/0454/5845/6736/products/jig-head-bananinha-vermelho_4bd2bc2d-e604-413b-ae90-bd22ec5a6fdf.png?v=1701355753,kg,,,
chumbada-jig-head-offset-bananinha-vermelha,,,,,,,,,12g,,,5/0,,,,,'40831308040312,12.0,,0,continue,manual,4.52,,true,false,,,,,,,,,,,,,,,,,,,,,,,,,,,,https://cdn.shopify.com/s/files/1/0454/5845/6736/products/jig-head-bananinha-vermelho_4bd2bc2d-e604-413b-ae90-bd22ec5a6fdf.png?v=1701355753,kg,,,
chumbada-jig-head-offset-bananinha-vermelha,,,,,,,,,12g,,,6/0,,,,,'40831308040212,12.0,,0,continue,manual,4.70,,true,false,,,,,,,,,,,,,,,,,,,,,,,,,,,,https://cdn.shopify.com/s/files/1/0454/5845/6736/products/jig-head-bananinha-vermelho_4bd2bc2d-e604-413b-ae90-bd22ec5a6fdf.png?v=1701355753,kg,,,
chumbada-jig-head-offset-bananinha-vermelha,,,,,,,,,12g,,,7/0,,,,,'40831308040112,12.0,shopify,0,deny,manual,4.87,,true,false,,,,,,,,,,,,,,,,,,,,,,,,,,,,https://cdn.shopify.com/s/files/1/0454/5845/6736/products/jig-head-bananinha-vermelho_4bd2bc2d-e604-413b-ae90-bd22ec5a6fdf.png?v=1701355753,kg,,,
chumbada-jig-head-offset-bananinha-vermelha,,,,,,,,,14g,,,1/0,,,,,'40831308040714,14.0,,0,continue,manual,3.62,,true,false,,,,,,,,,,,,,,,,,,,,,,,,,,,,https://cdn.shopify.com/s/files/1/0454/5845/6736/products/jig-head-bananinha-vermelho_4bd2bc2d-e604-413b-ae90-bd22ec5a6fdf.png?v=1701355753,kg,,,
chumbada-jig-head-offset-bananinha-vermelha,,,,,,,,,14g,,,2/0,,,,,'40831308040614,14.0,,0,continue,manual,3.95,,true,false,,,,,,,,,,,,,,,,,,,,,,,,,,,,https://cdn.shopify.com/s/files/1/0454/5845/6736/products/jig-head-bananinha-vermelho_4bd2bc2d-e604-413b-ae90-bd22ec5a6fdf.png?v=1701355753,kg,,,
chumbada-jig-head-offset-bananinha-vermelha,,,,,,,,,14g,,,3/0,,,,,'40831308040514,14.0,,0,continue,manual,4.16,,true,false,,,,,,,,,,,,,,,,,,,,,,,,,,,,https://cdn.shopify.com/s/files/1/0454/5845/6736/products/jig-head-bananinha-vermelho_4bd2bc2d-e604-413b-ae90-bd22ec5a6fdf.png?v=1701355753,kg,,,
chumbada-jig-head-offset-bananinha-vermelha,,,,,,,,,14g,,,4/0,,,,,'40831308040414,14.0,,0,continue,manual,4.28,,true,false,,,,,,,,,,,,,,,,,,,,,,,,,,,,https://cdn.shopify.com/s/files/1/0454/5845/6736/products/jig-head-bananinha-vermelho_4bd2bc2d-e604-413b-ae90-bd22ec5a6fdf.png?v=1701355753,kg,,,
chumbada-jig-head-offset-bananinha-vermelha,,,,,,,,,14g,,,5/0,,,,,'40831308040314,14.0,,0,continue,manual,4.52,,true,false,,,,,,,,,,,,,,,,,,,,,,,,,,,,https://cdn.shopify.com/s/files/1/0454/5845/6736/products/jig-head-bananinha-vermelho_4bd2bc2d-e604-413b-ae90-bd22ec5a6fdf.png?v=1701355753,kg,,,
chumbada-jig-head-offset-bananinha-vermelha,,,,,,,,,14g,,,6/0,,,,,'40831308040214,14.0,,0,continue,manual,4.70,,true,false,,,,,,,,,,,,,,,,,,,,,,,,,,,,https://cdn.shopify.com/s/files/1/0454/5845/6736/products/jig-head-bananinha-vermelho_4bd2bc2d-e604-413b-ae90-bd22ec5a6fdf.png?v=1701355753,kg,,,
chumbada-jig-head-offset-bananinha-vermelha,,,,,,,,,14g,,,7/0,,,,,'40831308040114,14.0,shopify,0,deny,manual,4.87,,true,false,,,,,,,,,,,,,,,,,,,,,,,,,,,,https://cdn.shopify.com/s/files/1/0454/5845/6736/products/jig-head-bananinha-vermelho_4bd2bc2d-e604-413b-ae90-bd22ec5a6fdf.png?v=1701355753,kg,,,
chumbada-jig-head-offset-bananinha-vermelha,,,,,,,,,16g,,,1/0,,,,,'40831308040716,16.0,,0,continue,manual,3.62,,true,false,,,,,,,,,,,,,,,,,,,,,,,,,,,,https://cdn.shopify.com/s/files/1/0454/5845/6736/products/jig-head-bananinha-vermelho_4bd2bc2d-e604-413b-ae90-bd22ec5a6fdf.png?v=1701355753,kg,,,
chumbada-jig-head-offset-bananinha-vermelha,,,,,,,,,16g,,,2/0,,,,,'40831308040616,16.0,,0,continue,manual,3.95,,true,false,,,,,,,,,,,,,,,,,,,,,,,,,,,,https://cdn.shopify.com/s/files/1/0454/5845/6736/products/jig-head-bananinha-vermelho_4bd2bc2d-e604-413b-ae90-bd22ec5a6fdf.png?v=1701355753,kg,,,
chumbada-jig-head-offset-bananinha-vermelha,,,,,,,,,16g,,,3/0,,,,,'40831308040516,16.0,,0,continue,manual,4.16,,true,false,,,,,,,,,,,,,,,,,,,,,,,,,,,,https://cdn.shopify.com/s/files/1/0454/5845/6736/products/jig-head-bananinha-vermelho_4bd2bc2d-e604-413b-ae90-bd22ec5a6fdf.png?v=1701355753,kg,,,
chumbada-jig-head-offset-bananinha-vermelha,,,,,,,,,16g,,,4/0,,,,,'40831308040416,16.0,,0,continue,manual,4.28,,true,false,,,,,,,,,,,,,,,,,,,,,,,,,,,,https://cdn.shopify.com/s/files/1/0454/5845/6736/products/jig-head-bananinha-vermelho_4bd2bc2d-e604-413b-ae90-bd22ec5a6fdf.png?v=1701355753,kg,,,
chumbada-jig-head-offset-bananinha-vermelha,,,,,,,,,16g,,,5/0,,,,,'40831308040316,16.0,,0,continue,manual,4.52,,true,false,,,,,,,,,,,,,,,,,,,,,,,,,,,,https://cdn.shopify.com/s/files/1/0454/5845/6736/products/jig-head-bananinha-vermelho_4bd2bc2d-e604-413b-ae90-bd22ec5a6fdf.png?v=1701355753,kg,,,
chumbada-jig-head-offset-bananinha-vermelha,,,,,,,,,16g,,,6/0,,,,,'40831308040216,16.0,,0,continue,manual,4.70,,true,false,,,,,,,,,,,,,,,,,,,,,,,,,,,,https://cdn.shopify.com/s/files/1/0454/5845/6736/products/jig-head-bananinha-vermelho_4bd2bc2d-e604-413b-ae90-bd22ec5a6fdf.png?v=1701355753,kg,,,
chumbada-jig-head-offset-bananinha-vermelha,,,,,,,,,16g,,,7/0,,,,,'40831308040116,16.0,shopify,0,deny,manual,4.87,,true,false,,,,,,,,,,,,,,,,,,,,,,,,,,,,https://cdn.shopify.com/s/files/1/0454/5845/6736/products/jig-head-bananinha-vermelho_4bd2bc2d-e604-413b-ae90-bd22ec5a6fdf.png?v=1701355753,kg,,,
chumbada-jig-head-offset-articulada-football-amarela,Anzol Jig Head Offset Articulada Football Amarela,"<div class="""" data-block=""true"" data-editor=""4ebvs"" data-offset-key=""6154s-0-0"">
<div data-offset-key=""6154s-0-0"" class=""_1mf _1mj""><span data-offset-key=""6154s-0-0""><span data-text=""true"">Jig Head EWG Football, um novo jig que está revolucionando a pesca esportiva. Este jig foi projetado para trabalhar mais tateando o fundo do local de pesca, dando movimentos únicos para as iscas artificiais.</span></span></div>
</div>
<div class="""" data-block=""true"" data-editor=""4ebvs"" data-offset-key=""bfhsc-0-0"">
<div data-offset-key=""bfhsc-0-0"" class=""_1mf _1mj""><span data-offset-key=""bfhsc-0-0""><br data-text=""true""></span></div>
</div>
<div class="""" data-block=""true"" data-editor=""4ebvs"" data-offset-key=""dhuaa-0-0"">
<div data-offset-key=""dhuaa-0-0"" class=""_1mf _1mj""><span data-offset-key=""dhuaa-0-0""><span data-text=""true"">O Jig Head EWG Football é construído com materiais de alta qualidade e possui uma ação impressionante no fundo do lago ou rio. Seus movimentos são capazes de atrair diferentes espécies de peixes, desde robalos até dourados.</span></span></div>
</div>
<div class="""" data-block=""true"" data-editor=""4ebvs"" data-offset-key=""dpcsd-0-0"">
<div data-offset-key=""dpcsd-0-0"" class=""_1mf _1mj""><span data-offset-key=""dpcsd-0-0""><br data-text=""true""></span></div>
</div>
<div class="""" data-block=""true"" data-editor=""4ebvs"" data-offset-key=""337es-0-0"">
<div data-offset-key=""337es-0-0"" class=""_1mf _1mj""><span data-offset-key=""337es-0-0""><span data-text=""true"">O design do Jig Head EWG Football foi testado exaustivamente para garantir a melhor experiência de pesca possível. Os pescadores que já testaram o jig afirmam que ele é extremamente eficaz e fácil de usar.</span></span></div>
</div>",Chumbada Oficial,Sem categoria,"","Amarela, Anzol, Articulado, Colorido, Football, Jig Head, Jig Head Offset, Offset, Todos",true,Peso,10g,,Tamanho do Anzol,1/0,,,,,'40841308060710,10.0,,0,continue,manual,4.07,,true,false,,,,,,https://cdn.shopify.com/s/files/1/0454/5845/6736/products/Jig-Head-Offset-Articulado-Football-EWG-amarelo.png?v=1679430802,1,Chumbada Jig Head Offset Articulada Football Amarela,false,,,,,,,,,,,,,,,,,,,https://cdn.shopify.com/s/files/1/0454/5845/6736/products/Jig-Head-Offset-Articulado-Football-EWG-amarelo.png?v=1679430802,kg,,,active
chumbada-jig-head-offset-articulada-football-amarela,,,,,,,,,10g,,,2/0,,,,,'40841308060610,10.0,,0,continue,manual,4.40,,true,false,,,,,,,,,,,,,,,,,,,,,,,,,,,,https://cdn.shopify.com/s/files/1/0454/5845/6736/products/Jig-Head-Offset-Articulado-Football-EWG-amarelo.png?v=1679430802,kg,,,
chumbada-jig-head-offset-articulada-football-amarela,,,,,,,,,10g,,,3/0,,,,,'40841308060510,10.0,,0,continue,manual,4.61,,true,false,,,,,,,,,,,,,,,,,,,,,,,,,,,,https://cdn.shopify.com/s/files/1/0454/5845/6736/products/Jig-Head-Offset-Articulado-Football-EWG-amarelo.png?v=1679430802,kg,,,
chumbada-jig-head-offset-articulada-football-amarela,,,,,,,,,10g,,,4/0,,,,,'40841308060410,10.0,,0,continue,manual,4.73,,true,false,,,,,,,,,,,,,,,,,,,,,,,,,,,,https://cdn.shopify.com/s/files/1/0454/5845/6736/products/Jig-Head-Offset-Articulado-Football-EWG-amarelo.png?v=1679430802,kg,,,
chumbada-jig-head-offset-articulada-football-amarela,,,,,,,,,10g,,,5/0,,,,,'40841308060310,10.0,,0,continue,manual,4.97,,true,false,,,,,,,,,,,,,,,,,,,,,,,,,,,,https://cdn.shopify.com/s/files/1/0454/5845/6736/products/Jig-Head-Offset-Articulado-Football-EWG-amarelo.png?v=1679430802,kg,,,
chumbada-jig-head-offset-articulada-football-amarela,,,,,,,,,10g,,,6/0,,,,,'40841308060210,10.0,,0,continue,manual,5.15,,true,false,,,,,,,,,,,,,,,,,,,,,,,,,,,,https://cdn.shopify.com/s/files/1/0454/5845/6736/products/Jig-Head-Offset-Articulado-Football-EWG-amarelo.png?v=1679430802,kg,,,
chumbada-jig-head-offset-articulada-football-amarela,,,,,,,,,10g,,,7/0,,,,,'40841308060110,10.0,shopify,0,deny,manual,5.32,,true,false,,,,,,,,,,,,,,,,,,,,,,,,,,,,https://cdn.shopify.com/s/files/1/0454/5845/6736/products/Jig-Head-Offset-Articulado-Football-EWG-amarelo.png?v=1679430802,kg,,,
chumbada-jig-head-offset-articulada-football-amarela,,,,,,,,,12g,,,1/0,,,,,'40841308060712,12.0,,0,continue,manual,4.07,,true,false,,,,,,,,,,,,,,,,,,,,,,,,,,,,https://cdn.shopify.com/s/files/1/0454/5845/6736/products/Jig-Head-Offset-Articulado-Football-EWG-amarelo.png?v=1679430802,kg,,,
chumbada-jig-head-offset-articulada-football-amarela,,,,,,,,,12g,,,2/0,,,,,'40841308060612,12.0,,0,continue,manual,4.40,,true,false,,,,,,,,,,,,,,,,,,,,,,,,,,,,https://cdn.shopify.com/s/files/1/0454/5845/6736/products/Jig-Head-Offset-Articulado-Football-EWG-amarelo.png?v=1679430802,kg,,,
chumbada-jig-head-offset-articulada-football-amarela,,,,,,,,,12g,,,3/0,,,,,'40841308060512,12.0,,0,continue,manual,4.61,,true,false,,,,,,,,,,,,,,,,,,,,,,,,,,,,https://cdn.shopify.com/s/files/1/0454/5845/6736/products/Jig-Head-Offset-Articulado-Football-EWG-amarelo.png?v=1679430802,kg,,,
chumbada-jig-head-offset-articulada-football-amarela,,,,,,,,,12g,,,4/0,,,,,'40841308060412,12.0,,0,continue,manual,4.73,,true,false,,,,,,,,,,,,,,,,,,,,,,,,,,,,https://cdn.shopify.com/s/files/1/0454/5845/6736/products/Jig-Head-Offset-Articulado-Football-EWG-amarelo.png?v=1679430802,kg,,,
chumbada-jig-head-offset-articulada-football-amarela,,,,,,,,,12g,,,5/0,,,,,'40841308060312,12.0,,0,continue,manual,4.97,,true,false,,,,,,,,,,,,,,,,,,,,,,,,,,,,https://cdn.shopify.com/s/files/1/0454/5845/6736/products/Jig-Head-Offset-Articulado-Football-EWG-amarelo.png?v=1679430802,kg,,,
chumbada-jig-head-offset-articulada-football-amarela,,,,,,,,,12g,,,6/0,,,,,'40841308060212,12.0,,0,continue,manual,5.15,,true,false,,,,,,,,,,,,,,,,,,,,,,,,,,,,https://cdn.shopify.com/s/files/1/0454/5845/6736/products/Jig-Head-Offset-Articulado-Football-EWG-amarelo.png?v=1679430802,kg,,,
chumbada-jig-head-offset-articulada-football-amarela,,,,,,,,,12g,,,7/0,,,,,'40841308060112,12.0,shopify,0,deny,manual,5.32,,true,false,,,,,,,,,,,,,,,,,,,,,,,,,,,,https://cdn.shopify.com/s/files/1/0454/5845/6736/products/Jig-Head-Offset-Articulado-Football-EWG-amarelo.png?v=1679430802,kg,,,
chumbada-jig-head-offset-articulada-football-amarela,,,,,,,,,14g,,,1/0,,,,,'40841308060714,14.0,,0,continue,manual,4.07,,true,false,,,,,,,,,,,,,,,,,,,,,,,,,,,,https://cdn.shopify.com/s/files/1/0454/5845/6736/products/Jig-Head-Offset-Articulado-Football-EWG-amarelo.png?v=1679430802,kg,,,
chumbada-jig-head-offset-articulada-football-amarela,,,,,,,,,14g,,,2/0,,,,,'40841308060614,14.0,,0,continue,manual,4.40,,true,false,,,,,,,,,,,,,,,,,,,,,,,,,,,,https://cdn.shopify.com/s/files/1/0454/5845/6736/products/Jig-Head-Offset-Articulado-Football-EWG-amarelo.png?v=1679430802,kg,,,
chumbada-jig-head-offset-articulada-football-amarela,,,,,,,,,14g,,,3/0,,,,,'40841308060514,14.0,,0,continue,manual,4.61,,true,false,,,,,,,,,,,,,,,,,,,,,,,,,,,,https://cdn.shopify.com/s/files/1/0454/5845/6736/products/Jig-Head-Offset-Articulado-Football-EWG-amarelo.png?v=1679430802,kg,,,
chumbada-jig-head-offset-articulada-football-amarela,,,,,,,,,14g,,,4/0,,,,,'40841308060414,14.0,,0,continue,manual,4.73,,true,false,,,,,,,,,,,,,,,,,,,,,,,,,,,,https://cdn.shopify.com/s/files/1/0454/5845/6736/products/Jig-Head-Offset-Articulado-Football-EWG-amarelo.png?v=1679430802,kg,,,
chumbada-jig-head-offset-articulada-football-amarela,,,,,,,,,14g,,,5/0,,,,,'40841308060314,14.0,,0,continue,manual,4.97,,true,false,,,,,,,,,,,,,,,,,,,,,,,,,,,,https://cdn.shopify.com/s/files/1/0454/5845/6736/products/Jig-Head-Offset-Articulado-Football-EWG-amarelo.png?v=1679430802,kg,,,
chumbada-jig-head-offset-articulada-football-amarela,,,,,,,,,14g,,,6/0,,,,,'40841308060214,14.0,,0,continue,manual,5.15,,true,false,,,,,,,,,,,,,,,,,,,,,,,,,,,,https://cdn.shopify.com/s/files/1/0454/5845/6736/products/Jig-Head-Offset-Articulado-Football-EWG-amarelo.png?v=1679430802,kg,,,
chumbada-jig-head-offset-articulada-football-amarela,,,,,,,,,14g,,,7/0,,,,,'40841308060114,14.0,shopify,0,deny,manual,5.32,,true,false,,,,,,,,,,,,,,,,,,,,,,,,,,,,https://cdn.shopify.com/s/files/1/0454/5845/6736/products/Jig-Head-Offset-Articulado-Football-EWG-amarelo.png?v=1679430802,kg,,,
chumbada-jig-head-offset-articulada-football-amarela,,,,,,,,,16g,,,1/0,,,,,'40841308060716,16.0,,0,continue,manual,4.07,,true,false,,,,,,,,,,,,,,,,,,,,,,,,,,,,https://cdn.shopify.com/s/files/1/0454/5845/6736/products/Jig-Head-Offset-Articulado-Football-EWG-amarelo.png?v=1679430802,kg,,,
chumbada-jig-head-offset-articulada-football-amarela,,,,,,,,,16g,,,2/0,,,,,'40841308060616,16.0,,0,continue,manual,4.40,,true,false,,,,,,,,,,,,,,,,,,,,,,,,,,,,https://cdn.shopify.com/s/files/1/0454/5845/6736/products/Jig-Head-Offset-Articulado-Football-EWG-amarelo.png?v=1679430802,kg,,,
chumbada-jig-head-offset-articulada-football-amarela,,,,,,,,,16g,,,3/0,,,,,'40841308060516,16.0,,0,continue,manual,4.61,,true,false,,,,,,,,,,,,,,,,,,,,,,,,,,,,https://cdn.shopify.com/s/files/1/0454/5845/6736/products/Jig-Head-Offset-Articulado-Football-EWG-amarelo.png?v=1679430802,kg,,,
chumbada-jig-head-offset-articulada-football-amarela,,,,,,,,,16g,,,4/0,,,,,'40841308060416,16.0,,0,continue,manual,4.73,,true,false,,,,,,,,,,,,,,,,,,,,,,,,,,,,https://cdn.shopify.com/s/files/1/0454/5845/6736/products/Jig-Head-Offset-Articulado-Football-EWG-amarelo.png?v=1679430802,kg,,,
chumbada-jig-head-offset-articulada-football-amarela,,,,,,,,,16g,,,5/0,,,,,'40841308060316,16.0,,0,continue,manual,4.97,,true,false,,,,,,,,,,,,,,,,,,,,,,,,,,,,https://cdn.shopify.com/s/files/1/0454/5845/6736/products/Jig-Head-Offset-Articulado-Football-EWG-amarelo.png?v=1679430802,kg,,,
chumbada-jig-head-offset-articulada-football-amarela,,,,,,,,,16g,,,6/0,,,,,'40841308060216,16.0,,0,continue,manual,5.15,,true,false,,,,,,,,,,,,,,,,,,,,,,,,,,,,https://cdn.shopify.com/s/files/1/0454/5845/6736/products/Jig-Head-Offset-Articulado-Football-EWG-amarelo.png?v=1679430802,kg,,,
chumbada-jig-head-offset-articulada-football-amarela,,,,,,,,,16g,,,7/0,,,,,'40841308060116,16.0,shopify,0,deny,manual,5.32,,true,false,,,,,,,,,,,,,,,,,,,,,,,,,,,,https://cdn.shopify.com/s/files/1/0454/5845/6736/products/Jig-Head-Offset-Articulado-Football-EWG-amarelo.png?v=1679430802,kg,,,
chumbada-jig-head-offset-articulada-football-amarela,,,,,,,,,18g,,,1/0,,,,,'40841308060718,18.0,,0,continue,manual,4.07,,true,false,,,,,,,,,,,,,,,,,,,,,,,,,,,,https://cdn.shopify.com/s/files/1/0454/5845/6736/products/Jig-Head-Offset-Articulado-Football-EWG-amarelo.png?v=1679430802,kg,,,
chumbada-jig-head-offset-articulada-football-amarela,,,,,,,,,18g,,,2/0,,,,,'40841308060618,18.0,,0,continue,manual,4.40,,true,false,,,,,,,,,,,,,,,,,,,,,,,,,,,,https://cdn.shopify.com/s/files/1/0454/5845/6736/products/Jig-Head-Offset-Articulado-Football-EWG-amarelo.png?v=1679430802,kg,,,
chumbada-jig-head-offset-articulada-football-amarela,,,,,,,,,18g,,,3/0,,,,,'40841308060518,18.0,,0,continue,manual,4.61,,true,false,,,,,,,,,,,,,,,,,,,,,,,,,,,,https://cdn.shopify.com/s/files/1/0454/5845/6736/products/Jig-Head-Offset-Articulado-Football-EWG-amarelo.png?v=1679430802,kg,,,
chumbada-jig-head-offset-articulada-football-amarela,,,,,,,,,18g,,,4/0,,,,,'40841308060418,18.0,,0,continue,manual,4.73,,true,false,,,,,,,,,,,,,,,,,,,,,,,,,,,,https://cdn.shopify.com/s/files/1/0454/5845/6736/products/Jig-Head-Offset-Articulado-Football-EWG-amarelo.png?v=1679430802,kg,,,
chumbada-jig-head-offset-articulada-football-amarela,,,,,,,,,18g,,,5/0,,,,,'40841308060318,18.0,,0,continue,manual,4.97,,true,false,,,,,,,,,,,,,,,,,,,,,,,,,,,,https://cdn.shopify.com/s/files/1/0454/5845/6736/products/Jig-Head-Offset-Articulado-Football-EWG-amarelo.png?v=1679430802,kg,,,
chumbada-jig-head-offset-articulada-football-amarela,,,,,,,,,18g,,,6/0,,,,,'40841308060218,18.0,,0,continue,manual,5.15,,true,false,,,,,,,,,,,,,,,,,,,,,,,,,,,,https://cdn.shopify.com/s/files/1/0454/5845/6736/products/Jig-Head-Offset-Articulado-Football-EWG-amarelo.png?v=1679430802,kg,,,
chumbada-jig-head-offset-articulada-football-amarela,,,,,,,,,18g,,,7/0,,,,,'40841308060118,18.0,shopify,0,deny,manual,5.32,,true,false,,,,,,,,,,,,,,,,,,,,,,,,,,,,https://cdn.shopify.com/s/files/1/0454/5845/6736/products/Jig-Head-Offset-Articulado-Football-EWG-amarelo.png?v=1679430802,kg,,,
chumbada-jig-head-offset-articulada-football-amarela,,,,,,,,,20g,,,1/0,,,,,'40841308060720,20.0,,0,continue,manual,4.59,,true,false,,,,,,,,,,,,,,,,,,,,,,,,,,,,https://cdn.shopify.com/s/files/1/0454/5845/6736/products/Jig-Head-Offset-Articulado-Football-EWG-amarelo.png?v=1679430802,kg,,,
chumbada-jig-head-offset-articulada-football-amarela,,,,,,,,,20g,,,2/0,,,,,'40841308060620,20.0,,0,continue,manual,4.91,,true,false,,,,,,,,,,,,,,,,,,,,,,,,,,,,https://cdn.shopify.com/s/files/1/0454/5845/6736/products/Jig-Head-Offset-Articulado-Football-EWG-amarelo.png?v=1679430802,kg,,,
chumbada-jig-head-offset-articulada-football-amarela,,,,,,,,,20g,,,3/0,,,,,'40841308060520,20.0,,-6,continue,manual,5.12,,true,false,,,,,,,,,,,,,,,,,,,,,,,,,,,,https://cdn.shopify.com/s/files/1/0454/5845/6736/products/Jig-Head-Offset-Articulado-Football-EWG-amarelo.png?v=1679430802,kg,,,
chumbada-jig-head-offset-articulada-football-amarela,,,,,,,,,20g,,,4/0,,,,,'40841308060420,20.0,,-5,continue,manual,5.24,,true,false,,,,,,,,,,,,,,,,,,,,,,,,,,,,https://cdn.shopify.com/s/files/1/0454/5845/6736/products/Jig-Head-Offset-Articulado-Football-EWG-amarelo.png?v=1679430802,kg,,,
chumbada-jig-head-offset-articulada-football-amarela,,,,,,,,,20g,,,5/0,,,,,'40841308060320,20.0,,0,continue,manual,5.48,,true,false,,,,,,,,,,,,,,,,,,,,,,,,,,,,https://cdn.shopify.com/s/files/1/0454/5845/6736/products/Jig-Head-Offset-Articulado-Football-EWG-amarelo.png?v=1679430802,kg,,,
chumbada-jig-head-offset-articulada-football-amarela,,,,,,,,,20g,,,6/0,,,,,'40841308060220,20.0,,0,continue,manual,5.66,,true,false,,,,,,,,,,,,,,,,,,,,,,,,,,,,https://cdn.shopify.com/s/files/1/0454/5845/6736/products/Jig-Head-Offset-Articulado-Football-EWG-amarelo.png?v=1679430802,kg,,,
chumbada-jig-head-offset-articulada-football-amarela,,,,,,,,,20g,,,7/0,,,,,'40841308060120,20.0,shopify,0,deny,manual,5.84,,true,false,,,,,,,,,,,,,,,,,,,,,,,,,,,,https://cdn.shopify.com/s/files/1/0454/5845/6736/products/Jig-Head-Offset-Articulado-Football-EWG-amarelo.png?v=1679430802,kg,,,
chumbada-jig-head-offset-articulada-football-laranja,Anzol Jig Head Offset Articulada Football Laranja,"<div class="""" data-block=""true"" data-editor=""4ebvs"" data-offset-key=""6154s-0-0"">
<div data-offset-key=""6154s-0-0"" class=""_1mf _1mj""><span data-offset-key=""6154s-0-0""><span data-text=""true"">Jig Head EWG Football, um novo jig que está revolucionando a pesca esportiva. Este jig foi projetado para trabalhar mais tateando o fundo do local de pesca, dando movimentos únicos para as iscas artificiais.</span></span></div>
</div>
<div class="""" data-block=""true"" data-editor=""4ebvs"" data-offset-key=""bfhsc-0-0"">
<div data-offset-key=""bfhsc-0-0"" class=""_1mf _1mj""><span data-offset-key=""bfhsc-0-0""><br data-text=""true""></span></div>
</div>
<div class="""" data-block=""true"" data-editor=""4ebvs"" data-offset-key=""dhuaa-0-0"">
<div data-offset-key=""dhuaa-0-0"" class=""_1mf _1mj""><span data-offset-key=""dhuaa-0-0""><span data-text=""true"">O Jig Head EWG Football é construído com materiais de alta qualidade e possui uma ação impressionante no fundo do lago ou rio. Seus movimentos são capazes de atrair diferentes espécies de peixes, desde robalos até dourados.</span></span></div>
</div>
<div class="""" data-block=""true"" data-editor=""4ebvs"" data-offset-key=""dpcsd-0-0"">
<div data-offset-key=""dpcsd-0-0"" class=""_1mf _1mj""><span data-offset-key=""dpcsd-0-0""><br data-text=""true""></span></div>
</div>
<div class="""" data-block=""true"" data-editor=""4ebvs"" data-offset-key=""337es-0-0"">
<div data-offset-key=""337es-0-0"" class=""_1mf _1mj""><span data-offset-key=""337es-0-0""><span data-text=""true"">O design do Jig Head EWG Football foi testado exaustivamente para garantir a melhor experiência de pesca possível. Os pescadores que já testaram o jig afirmam que ele é extremamente eficaz e fácil de usar.</span></span></div>
</div>",Chumbada Oficial,Sem categoria,"","Anzol, Articulado, Colorido, Football, Jig Head, Jig Head Offset, Laranja, Offset, Todos",true,Peso,10g,,Tamanho do Anzol,1/0,,,,,'40841308050710,10.0,,-20,continue,manual,4.07,,true,false,,,,,,https://cdn.shopify.com/s/files/1/0454/5845/6736/products/Jig-Head-Offset-Articulado-Football-EWG-laranja.png?v=1679430818,1,Chumbada Jig Head Offset Articulada Football Laranja,false,,,,,,,,,,,,,,,,,,,https://cdn.shopify.com/s/files/1/0454/5845/6736/products/Jig-Head-Offset-Articulado-Football-EWG-laranja.png?v=1679430818,kg,,,active
chumbada-jig-head-offset-articulada-football-laranja,,,,,,,,,10g,,,2/0,,,,,'40841308050610,10.0,,0,continue,manual,4.40,,true,false,,,,,,,,,,,,,,,,,,,,,,,,,,,,https://cdn.shopify.com/s/files/1/0454/5845/6736/products/Jig-Head-Offset-Articulado-Football-EWG-laranja.png?v=1679430818,kg,,,
chumbada-jig-head-offset-articulada-football-laranja,,,,,,,,,10g,,,3/0,,,,,'40841308050510,10.0,,0,continue,manual,4.61,,true,false,,,,,,,,,,,,,,,,,,,,,,,,,,,,https://cdn.shopify.com/s/files/1/0454/5845/6736/products/Jig-Head-Offset-Articulado-Football-EWG-laranja.png?v=1679430818,kg,,,
chumbada-jig-head-offset-articulada-football-laranja,,,,,,,,,10g,,,4/0,,,,,'40841308050410,10.0,,0,continue,manual,4.73,,true,false,,,,,,,,,,,,,,,,,,,,,,,,,,,,https://cdn.shopify.com/s/files/1/0454/5845/6736/products/Jig-Head-Offset-Articulado-Football-EWG-laranja.png?v=1679430818,kg,,,
chumbada-jig-head-offset-articulada-football-laranja,,,,,,,,,10g,,,5/0,,,,,'40841308050310,10.0,,0,continue,manual,4.97,,true,false,,,,,,,,,,,,,,,,,,,,,,,,,,,,https://cdn.shopify.com/s/files/1/0454/5845/6736/products/Jig-Head-Offset-Articulado-Football-EWG-laranja.png?v=1679430818,kg,,,
chumbada-jig-head-offset-articulada-football-laranja,,,,,,,,,10g,,,6/0,,,,,'40841308050210,10.0,,0,continue,manual,5.15,,true,false,,,,,,,,,,,,,,,,,,,,,,,,,,,,https://cdn.shopify.com/s/files/1/0454/5845/6736/products/Jig-Head-Offset-Articulado-Football-EWG-laranja.png?v=1679430818,kg,,,
chumbada-jig-head-offset-articulada-football-laranja,,,,,,,,,10g,,,7/0,,,,,'40841308050110,10.0,shopify,0,deny,manual,5.32,,true,false,,,,,,,,,,,,,,,,,,,,,,,,,,,,https://cdn.shopify.com/s/files/1/0454/5845/6736/products/Jig-Head-Offset-Articulado-Football-EWG-laranja.png?v=1679430818,kg,,,
chumbada-jig-head-offset-articulada-football-laranja,,,,,,,,,12g,,,1/0,,,,,'40841308050712,12.0,,0,continue,manual,4.07,,true,false,,,,,,,,,,,,,,,,,,,,,,,,,,,,https://cdn.shopify.com/s/files/1/0454/5845/6736/products/Jig-Head-Offset-Articulado-Football-EWG-laranja.png?v=1679430818,kg,,,
chumbada-jig-head-offset-articulada-football-laranja,,,,,,,,,12g,,,2/0,,,,,'40841308050612,12.0,,0,continue,manual,4.40,,true,false,,,,,,,,,,,,,,,,,,,,,,,,,,,,https://cdn.shopify.com/s/files/1/0454/5845/6736/products/Jig-Head-Offset-Articulado-Football-EWG-laranja.png?v=1679430818,kg,,,
chumbada-jig-head-offset-articulada-football-laranja,,,,,,,,,12g,,,3/0,,,,,'40841308050512,12.0,,0,continue,manual,4.61,,true,false,,,,,,,,,,,,,,,,,,,,,,,,,,,,https://cdn.shopify.com/s/files/1/0454/5845/6736/products/Jig-Head-Offset-Articulado-Football-EWG-laranja.png?v=1679430818,kg,,,
chumbada-jig-head-offset-articulada-football-laranja,,,,,,,,,12g,,,4/0,,,,,'40841308050412,12.0,,0,continue,manual,4.73,,true,false,,,,,,,,,,,,,,,,,,,,,,,,,,,,https://cdn.shopify.com/s/files/1/0454/5845/6736/products/Jig-Head-Offset-Articulado-Football-EWG-laranja.png?v=1679430818,kg,,,
chumbada-jig-head-offset-articulada-football-laranja,,,,,,,,,12g,,,5/0,,,,,'40841308050312,12.0,,0,continue,manual,4.97,,true,false,,,,,,,,,,,,,,,,,,,,,,,,,,,,https://cdn.shopify.com/s/files/1/0454/5845/6736/products/Jig-Head-Offset-Articulado-Football-EWG-laranja.png?v=1679430818,kg,,,
chumbada-jig-head-offset-articulada-football-laranja,,,,,,,,,12g,,,6/0,,,,,'40841308050212,12.0,,0,continue,manual,5.15,,true,false,,,,,,,,,,,,,,,,,,,,,,,,,,,,https://cdn.shopify.com/s/files/1/0454/5845/6736/products/Jig-Head-Offset-Articulado-Football-EWG-laranja.png?v=1679430818,kg,,,
chumbada-jig-head-offset-articulada-football-laranja,,,,,,,,,12g,,,7/0,,,,,'40841308050112,12.0,shopify,0,deny,manual,5.32,,true,false,,,,,,,,,,,,,,,,,,,,,,,,,,,,https://cdn.shopify.com/s/files/1/0454/5845/6736/products/Jig-Head-Offset-Articulado-Football-EWG-laranja.png?v=1679430818,kg,,,
chumbada-jig-head-offset-articulada-football-laranja,,,,,,,,,14g,,,1/0,,,,,'40841308050714,14.0,,0,continue,manual,4.07,,true,false,,,,,,,,,,,,,,,,,,,,,,,,,,,,https://cdn.shopify.com/s/files/1/0454/5845/6736/products/Jig-Head-Offset-Articulado-Football-EWG-laranja.png?v=1679430818,kg,,,
chumbada-jig-head-offset-articulada-football-laranja,,,,,,,,,14g,,,2/0,,,,,'40841308050614,14.0,,0,continue,manual,4.40,,true,false,,,,,,,,,,,,,,,,,,,,,,,,,,,,https://cdn.shopify.com/s/files/1/0454/5845/6736/products/Jig-Head-Offset-Articulado-Football-EWG-laranja.png?v=1679430818,kg,,,
chumbada-jig-head-offset-articulada-football-laranja,,,,,,,,,14g,,,3/0,,,,,'40841308050514,14.0,,0,continue,manual,4.61,,true,false,,,,,,,,,,,,,,,,,,,,,,,,,,,,https://cdn.shopify.com/s/files/1/0454/5845/6736/products/Jig-Head-Offset-Articulado-Football-EWG-laranja.png?v=1679430818,kg,,,
chumbada-jig-head-offset-articulada-football-laranja,,,,,,,,,14g,,,4/0,,,,,'40841308050414,14.0,,0,continue,manual,4.73,,true,false,,,,,,,,,,,,,,,,,,,,,,,,,,,,https://cdn.shopify.com/s/files/1/0454/5845/6736/products/Jig-Head-Offset-Articulado-Football-EWG-laranja.png?v=1679430818,kg,,,
chumbada-jig-head-offset-articulada-football-laranja,,,,,,,,,14g,,,5/0,,,,,'40841308050314,14.0,,0,continue,manual,4.97,,true,false,,,,,,,,,,,,,,,,,,,,,,,,,,,,https://cdn.shopify.com/s/files/1/0454/5845/6736/products/Jig-Head-Offset-Articulado-Football-EWG-laranja.png?v=1679430818,kg,,,
chumbada-jig-head-offset-articulada-football-laranja,,,,,,,,,14g,,,6/0,,,,,'40841308050214,14.0,,0,continue,manual,5.15,,true,false,,,,,,,,,,,,,,,,,,,,,,,,,,,,https://cdn.shopify.com/s/files/1/0454/5845/6736/products/Jig-Head-Offset-Articulado-Football-EWG-laranja.png?v=1679430818,kg,,,
chumbada-jig-head-offset-articulada-football-laranja,,,,,,,,,14g,,,7/0,,,,,'40841308050114,14.0,shopify,0,deny,manual,5.32,,true,false,,,,,,,,,,,,,,,,,,,,,,,,,,,,https://cdn.shopify.com/s/files/1/0454/5845/6736/products/Jig-Head-Offset-Articulado-Football-EWG-laranja.png?v=1679430818,kg,,,
chumbada-jig-head-offset-articulada-football-laranja,,,,,,,,,16g,,,1/0,,,,,'40841308050716,16.0,,0,continue,manual,4.07,,true,false,,,,,,,,,,,,,,,,,,,,,,,,,,,,https://cdn.shopify.com/s/files/1/0454/5845/6736/products/Jig-Head-Offset-Articulado-Football-EWG-laranja.png?v=1679430818,kg,,,
chumbada-jig-head-offset-articulada-football-laranja,,,,,,,,,16g,,,2/0,,,,,'40841308050616,16.0,,0,continue,manual,4.40,,true,false,,,,,,,,,,,,,,,,,,,,,,,,,,,,https://cdn.shopify.com/s/files/1/0454/5845/6736/products/Jig-Head-Offset-Articulado-Football-EWG-laranja.png?v=1679430818,kg,,,
chumbada-jig-head-offset-articulada-football-laranja,,,,,,,,,16g,,,3/0,,,,,'40841308050516,16.0,,0,continue,manual,4.61,,true,false,,,,,,,,,,,,,,,,,,,,,,,,,,,,https://cdn.shopify.com/s/files/1/0454/5845/6736/products/Jig-Head-Offset-Articulado-Football-EWG-laranja.png?v=1679430818,kg,,,
chumbada-jig-head-offset-articulada-football-laranja,,,,,,,,,16g,,,4/0,,,,,'40841308050416,16.0,,0,continue,manual,4.73,,true,false,,,,,,,,,,,,,,,,,,,,,,,,,,,,https://cdn.shopify.com/s/files/1/0454/5845/6736/products/Jig-Head-Offset-Articulado-Football-EWG-laranja.png?v=1679430818,kg,,,
chumbada-jig-head-offset-articulada-football-laranja,,,,,,,,,16g,,,5/0,,,,,'40841308050316,16.0,,0,continue,manual,4.97,,true,false,,,,,,,,,,,,,,,,,,,,,,,,,,,,https://cdn.shopify.com/s/files/1/0454/5845/6736/products/Jig-Head-Offset-Articulado-Football-EWG-laranja.png?v=1679430818,kg,,,
chumbada-jig-head-offset-articulada-football-laranja,,,,,,,,,16g,,,6/0,,,,,'40841308050216,16.0,,0,continue,manual,5.15,,true,false,,,,,,,,,,,,,,,,,,,,,,,,,,,,https://cdn.shopify.com/s/files/1/0454/5845/6736/products/Jig-Head-Offset-Articulado-Football-EWG-laranja.png?v=1679430818,kg,,,
chumbada-jig-head-offset-articulada-football-laranja,,,,,,,,,16g,,,7/0,,,,,'40841308050116,16.0,shopify,0,deny,manual,5.32,,true,false,,,,,,,,,,,,,,,,,,,,,,,,,,,,https://cdn.shopify.com/s/files/1/0454/5845/6736/products/Jig-Head-Offset-Articulado-Football-EWG-laranja.png?v=1679430818,kg,,,
chumbada-jig-head-offset-articulada-football-laranja,,,,,,,,,18g,,,1/0,,,,,'40841308050718,18.0,,0,continue,manual,4.07,,true,false,,,,,,,,,,,,,,,,,,,,,,,,,,,,https://cdn.shopify.com/s/files/1/0454/5845/6736/products/Jig-Head-Offset-Articulado-Football-EWG-laranja.png?v=1679430818,kg,,,
chumbada-jig-head-offset-articulada-football-laranja,,,,,,,,,18g,,,2/0,,,,,'40841308050618,18.0,,0,continue,manual,4.40,,true,false,,,,,,,,,,,,,,,,,,,,,,,,,,,,https://cdn.shopify.com/s/files/1/0454/5845/6736/products/Jig-Head-Offset-Articulado-Football-EWG-laranja.png?v=1679430818,kg,,,
chumbada-jig-head-offset-articulada-football-laranja,,,,,,,,,18g,,,3/0,,,,,'40841308050518,18.0,,0,continue,manual,4.61,,true,false,,,,,,,,,,,,,,,,,,,,,,,,,,,,https://cdn.shopify.com/s/files/1/0454/5845/6736/products/Jig-Head-Offset-Articulado-Football-EWG-laranja.png?v=1679430818,kg,,,
chumbada-jig-head-offset-articulada-football-laranja,,,,,,,,,18g,,,4/0,,,,,'40841308050418,18.0,,0,continue,manual,4.73,,true,false,,,,,,,,,,,,,,,,,,,,,,,,,,,,https://cdn.shopify.com/s/files/1/0454/5845/6736/products/Jig-Head-Offset-Articulado-Football-EWG-laranja.png?v=1679430818,kg,,,
chumbada-jig-head-offset-articulada-football-laranja,,,,,,,,,18g,,,5/0,,,,,'40841308050318,18.0,,0,continue,manual,4.97,,true,false,,,,,,,,,,,,,,,,,,,,,,,,,,,,https://cdn.shopify.com/s/files/1/0454/5845/6736/products/Jig-Head-Offset-Articulado-Football-EWG-laranja.png?v=1679430818,kg,,,
chumbada-jig-head-offset-articulada-football-laranja,,,,,,,,,18g,,,6/0,,,,,'40841308050218,18.0,,0,continue,manual,5.15,,true,false,,,,,,,,,,,,,,,,,,,,,,,,,,,,https://cdn.shopify.com/s/files/1/0454/5845/6736/products/Jig-Head-Offset-Articulado-Football-EWG-laranja.png?v=1679430818,kg,,,
chumbada-jig-head-offset-articulada-football-laranja,,,,,,,,,18g,,,7/0,,,,,'40841308050118,18.0,shopify,0,deny,manual,5.32,,true,false,,,,,,,,,,,,,,,,,,,,,,,,,,,,https://cdn.shopify.com/s/files/1/0454/5845/6736/products/Jig-Head-Offset-Articulado-Football-EWG-laranja.png?v=1679430818,kg,,,
chumbada-jig-head-offset-articulada-football-laranja,,,,,,,,,20g,,,1/0,,,,,'40841308050720,20.0,,0,continue,manual,4.59,,true,false,,,,,,,,,,,,,,,,,,,,,,,,,,,,https://cdn.shopify.com/s/files/1/0454/5845/6736/products/Jig-Head-Offset-Articulado-Football-EWG-laranja.png?v=1679430818,kg,,,
chumbada-jig-head-offset-articulada-football-laranja,,,,,,,,,20g,,,2/0,,,,,'40841308050620,20.0,,0,continue,manual,4.91,,true,false,,,,,,,,,,,,,,,,,,,,,,,,,,,,https://cdn.shopify.com/s/files/1/0454/5845/6736/products/Jig-Head-Offset-Articulado-Football-EWG-laranja.png?v=1679430818,kg,,,
chumbada-jig-head-offset-articulada-football-laranja,,,,,,,,,20g,,,3/0,,,,,'40841308050520,20.0,,-9,continue,manual,5.12,,true,false,,,,,,,,,,,,,,,,,,,,,,,,,,,,https://cdn.shopify.com/s/files/1/0454/5845/6736/products/Jig-Head-Offset-Articulado-Football-EWG-laranja.png?v=1679430818,kg,,,
chumbada-jig-head-offset-articulada-football-laranja,,,,,,,,,20g,,,4/0,,,,,'40841308050420,20.0,,0,continue,manual,5.24,,true,false,,,,,,,,,,,,,,,,,,,,,,,,,,,,https://cdn.shopify.com/s/files/1/0454/5845/6736/products/Jig-Head-Offset-Articulado-Football-EWG-laranja.png?v=1679430818,kg,,,
chumbada-jig-head-offset-articulada-football-laranja,,,,,,,,,20g,,,5/0,,,,,'40841308050320,20.0,,0,continue,manual,5.48,,true,false,,,,,,,,,,,,,,,,,,,,,,,,,,,,https://cdn.shopify.com/s/files/1/0454/5845/6736/products/Jig-Head-Offset-Articulado-Football-EWG-laranja.png?v=1679430818,kg,,,
chumbada-jig-head-offset-articulada-football-laranja,,,,,,,,,20g,,,6/0,,,,,'40841308050220,20.0,,0,continue,manual,5.66,,true,false,,,,,,,,,,,,,,,,,,,,,,,,,,,,https://cdn.shopify.com/s/files/1/0454/5845/6736/products/Jig-Head-Offset-Articulado-Football-EWG-laranja.png?v=1679430818,kg,,,
chumbada-jig-head-offset-articulada-football-laranja,,,,,,,,,20g,,,7/0,,,,,'40841308050120,20.0,shopify,0,deny,manual,5.84,,true,false,,,,,,,,,,,,,,,,,,,,,,,,,,,,https://cdn.shopify.com/s/files/1/0454/5845/6736/products/Jig-Head-Offset-Articulado-Football-EWG-laranja.png?v=1679430818,kg,,,
chumbada-jig-head-offset-articulada-football-natural,Anzol Jig Head Offset Articulada Football Natural,"<div class="""" data-block=""true"" data-editor=""4ebvs"" data-offset-key=""6154s-0-0"">
<div data-offset-key=""6154s-0-0"" class=""_1mf _1mj""><span data-offset-key=""6154s-0-0""><span data-text=""true"">Jig Head EWG Football, um novo jig que está revolucionando a pesca esportiva. Este jig foi projetado para trabalhar mais tateando o fundo do local de pesca, dando movimentos únicos para as iscas artificiais.</span></span></div>
</div>
<div class="""" data-block=""true"" data-editor=""4ebvs"" data-offset-key=""bfhsc-0-0"">
<div data-offset-key=""bfhsc-0-0"" class=""_1mf _1mj""><span data-offset-key=""bfhsc-0-0""><br data-text=""true""></span></div>
</div>
<div class="""" data-block=""true"" data-editor=""4ebvs"" data-offset-key=""dhuaa-0-0"">
<div data-offset-key=""dhuaa-0-0"" class=""_1mf _1mj""><span data-offset-key=""dhuaa-0-0""><span data-text=""true"">O Jig Head EWG Football é construído com materiais de alta qualidade e possui uma ação impressionante no fundo do lago ou rio. Seus movimentos são capazes de atrair diferentes espécies de peixes, desde robalos até dourados.</span></span></div>
</div>
<div class="""" data-block=""true"" data-editor=""4ebvs"" data-offset-key=""dpcsd-0-0"">
<div data-offset-key=""dpcsd-0-0"" class=""_1mf _1mj""><span data-offset-key=""dpcsd-0-0""><br data-text=""true""></span></div>
</div>
<div class="""" data-block=""true"" data-editor=""4ebvs"" data-offset-key=""337es-0-0"">
<div data-offset-key=""337es-0-0"" class=""_1mf _1mj""><span data-offset-key=""337es-0-0""><span data-text=""true"">O design do Jig Head EWG Football foi testado exaustivamente para garantir a melhor experiência de pesca possível. Os pescadores que já testaram o jig afirmam que ele é extremamente eficaz e fácil de usar.</span></span></div>
</div>",Chumbada Oficial,Sem categoria,"","Anzol, Articulado, Football, Jig Head, Jig Head Offset, Natural, Offset, Todos",true,Peso,10g,,Tamanho do Anzol,1/0,,,,,'40841307010710,10.0,,0,continue,manual,2.87,,true,false,,,,,,https://cdn.shopify.com/s/files/1/0454/5845/6736/products/Jig-Head-Offset-Articulado-Football-EWG-natural.png?v=1679430822,1,Chumbada Jig Head Offset Articulada Football Natural,false,,,,,,,,,,,,,,,,,,,https://cdn.shopify.com/s/files/1/0454/5845/6736/products/Jig-Head-Offset-Articulado-Football-EWG-natural.png?v=1679430822,kg,,,active
chumbada-jig-head-offset-articulada-football-natural,,,,,,,,,10g,,,2/0,,,,,'40841307010610,10.0,,-6,continue,manual,3.20,,true,false,,,,,,,,,,,,,,,,,,,,,,,,,,,,https://cdn.shopify.com/s/files/1/0454/5845/6736/products/Jig-Head-Offset-Articulado-Football-EWG-natural.png?v=1679430822,kg,,,
chumbada-jig-head-offset-articulada-football-natural,,,,,,,,,10g,,,3/0,,,,,'40841307010510,10.0,,-1,continue,manual,3.41,,true,false,,,,,,,,,,,,,,,,,,,,,,,,,,,,https://cdn.shopify.com/s/files/1/0454/5845/6736/products/Jig-Head-Offset-Articulado-Football-EWG-natural.png?v=1679430822,kg,,,
chumbada-jig-head-offset-articulada-football-natural,,,,,,,,,10g,,,4/0,,,,,'40841307010410,10.0,,0,continue,manual,3.53,,true,false,,,,,,,,,,,,,,,,,,,,,,,,,,,,https://cdn.shopify.com/s/files/1/0454/5845/6736/products/Jig-Head-Offset-Articulado-Football-EWG-natural.png?v=1679430822,kg,,,
chumbada-jig-head-offset-articulada-football-natural,,,,,,,,,10g,,,5/0,,,,,'40841307010310,10.0,,0,continue,manual,3.77,,true,false,,,,,,,,,,,,,,,,,,,,,,,,,,,,https://cdn.shopify.com/s/files/1/0454/5845/6736/products/Jig-Head-Offset-Articulado-Football-EWG-natural.png?v=1679430822,kg,,,
chumbada-jig-head-offset-articulada-football-natural,,,,,,,,,10g,,,6/0,,,,,'40841307010210,10.0,,0,continue,manual,3.95,,true,false,,,,,,,,,,,,,,,,,,,,,,,,,,,,https://cdn.shopify.com/s/files/1/0454/5845/6736/products/Jig-Head-Offset-Articulado-Football-EWG-natural.png?v=1679430822,kg,,,
chumbada-jig-head-offset-articulada-football-natural,,,,,,,,,10g,,,7/0,,,,,'40841307010110,10.0,shopify,0,deny,manual,4.12,,true,false,,,,,,,,,,,,,,,,,,,,,,,,,,,,https://cdn.shopify.com/s/files/1/0454/5845/6736/products/Jig-Head-Offset-Articulado-Football-EWG-natural.png?v=1679430822,kg,,,
chumbada-jig-head-offset-articulada-football-natural,,,,,,,,,12g,,,1/0,,,,,'40841307010712,12.0,,0,continue,manual,2.87,,true,false,,,,,,,,,,,,,,,,,,,,,,,,,,,,https://cdn.shopify.com/s/files/1/0454/5845/6736/products/Jig-Head-Offset-Articulado-Football-EWG-natural.png?v=1679430822,kg,,,
chumbada-jig-head-offset-articulada-football-natural,,,,,,,,,12g,,,2/0,,,,,'40841307010612,12.0,,0,continue,manual,3.20,,true,false,,,,,,,,,,,,,,,,,,,,,,,,,,,,https://cdn.shopify.com/s/files/1/0454/5845/6736/products/Jig-Head-Offset-Articulado-Football-EWG-natural.png?v=1679430822,kg,,,
chumbada-jig-head-offset-articulada-football-natural,,,,,,,,,12g,,,3/0,,,,,'40841307010512,12.0,,0,continue,manual,3.41,,true,false,,,,,,,,,,,,,,,,,,,,,,,,,,,,https://cdn.shopify.com/s/files/1/0454/5845/6736/products/Jig-Head-Offset-Articulado-Football-EWG-natural.png?v=1679430822,kg,,,
chumbada-jig-head-offset-articulada-football-natural,,,,,,,,,12g,,,4/0,,,,,'40841307010412,12.0,,0,continue,manual,3.53,,true,false,,,,,,,,,,,,,,,,,,,,,,,,,,,,https://cdn.shopify.com/s/files/1/0454/5845/6736/products/Jig-Head-Offset-Articulado-Football-EWG-natural.png?v=1679430822,kg,,,
chumbada-jig-head-offset-articulada-football-natural,,,,,,,,,12g,,,5/0,,,,,'40841307010312,12.0,,0,continue,manual,3.77,,true,false,,,,,,,,,,,,,,,,,,,,,,,,,,,,https://cdn.shopify.com/s/files/1/0454/5845/6736/products/Jig-Head-Offset-Articulado-Football-EWG-natural.png?v=1679430822,kg,,,
chumbada-jig-head-offset-articulada-football-natural,,,,,,,,,12g,,,6/0,,,,,'40841307010212,12.0,,0,continue,manual,3.95,,true,false,,,,,,,,,,,,,,,,,,,,,,,,,,,,https://cdn.shopify.com/s/files/1/0454/5845/6736/products/Jig-Head-Offset-Articulado-Football-EWG-natural.png?v=1679430822,kg,,,
chumbada-jig-head-offset-articulada-football-natural,,,,,,,,,12g,,,7/0,,,,,'40841307010112,12.0,shopify,0,deny,manual,4.12,,true,false,,,,,,,,,,,,,,,,,,,,,,,,,,,,https://cdn.shopify.com/s/files/1/0454/5845/6736/products/Jig-Head-Offset-Articulado-Football-EWG-natural.png?v=1679430822,kg,,,
chumbada-jig-head-offset-articulada-football-natural,,,,,,,,,14g,,,1/0,,,,,'40841307010714,14.0,,0,continue,manual,2.87,,true,false,,,,,,,,,,,,,,,,,,,,,,,,,,,,https://cdn.shopify.com/s/files/1/0454/5845/6736/products/Jig-Head-Offset-Articulado-Football-EWG-natural.png?v=1679430822,kg,,,
chumbada-jig-head-offset-articulada-football-natural,,,,,,,,,14g,,,2/0,,,,,'40841307010614,14.0,,0,continue,manual,3.20,,true,false,,,,,,,,,,,,,,,,,,,,,,,,,,,,https://cdn.shopify.com/s/files/1/0454/5845/6736/products/Jig-Head-Offset-Articulado-Football-EWG-natural.png?v=1679430822,kg,,,
chumbada-jig-head-offset-articulada-football-natural,,,,,,,,,14g,,,3/0,,,,,'40841307010514,14.0,,-10,continue,manual,3.41,,true,false,,,,,,,,,,,,,,,,,,,,,,,,,,,,https://cdn.shopify.com/s/files/1/0454/5845/6736/products/Jig-Head-Offset-Articulado-Football-EWG-natural.png?v=1679430822,kg,,,
chumbada-jig-head-offset-articulada-football-natural,,,,,,,,,14g,,,4/0,,,,,'40841307010414,14.0,,0,continue,manual,3.53,,true,false,,,,,,,,,,,,,,,,,,,,,,,,,,,,https://cdn.shopify.com/s/files/1/0454/5845/6736/products/Jig-Head-Offset-Articulado-Football-EWG-natural.png?v=1679430822,kg,,,
chumbada-jig-head-offset-articulada-football-natural,,,,,,,,,14g,,,5/0,,,,,'40841307010314,14.0,,0,continue,manual,3.77,,true,false,,,,,,,,,,,,,,,,,,,,,,,,,,,,https://cdn.shopify.com/s/files/1/0454/5845/6736/products/Jig-Head-Offset-Articulado-Football-EWG-natural.png?v=1679430822,kg,,,
chumbada-jig-head-offset-articulada-football-natural,,,,,,,,,14g,,,6/0,,,,,'40841307010214,14.0,,0,continue,manual,3.95,,true,false,,,,,,,,,,,,,,,,,,,,,,,,,,,,https://cdn.shopify.com/s/files/1/0454/5845/6736/products/Jig-Head-Offset-Articulado-Football-EWG-natural.png?v=1679430822,kg,,,
chumbada-jig-head-offset-articulada-football-natural,,,,,,,,,14g,,,7/0,,,,,'40841307010114,14.0,shopify,0,deny,manual,4.12,,true,false,,,,,,,,,,,,,,,,,,,,,,,,,,,,https://cdn.shopify.com/s/files/1/0454/5845/6736/products/Jig-Head-Offset-Articulado-Football-EWG-natural.png?v=1679430822,kg,,,
chumbada-jig-head-offset-articulada-football-natural,,,,,,,,,16g,,,1/0,,,,,'40841307010716,16.0,,0,continue,manual,2.87,,true,false,,,,,,,,,,,,,,,,,,,,,,,,,,,,https://cdn.shopify.com/s/files/1/0454/5845/6736/products/Jig-Head-Offset-Articulado-Football-EWG-natural.png?v=1679430822,kg,,,
chumbada-jig-head-offset-articulada-football-natural,,,,,,,,,16g,,,2/0,,,,,'40841307010616,16.0,,-20,continue,manual,3.20,,true,false,,,,,,,,,,,,,,,,,,,,,,,,,,,,https://cdn.shopify.com/s/files/1/0454/5845/6736/products/Jig-Head-Offset-Articulado-Football-EWG-natural.png?v=1679430822,kg,,,
chumbada-jig-head-offset-articulada-football-natural,,,,,,,,,16g,,,3/0,,,,,'40841307010516,16.0,,0,continue,manual,3.41,,true,false,,,,,,,,,,,,,,,,,,,,,,,,,,,,https://cdn.shopify.com/s/files/1/0454/5845/6736/products/Jig-Head-Offset-Articulado-Football-EWG-natural.png?v=1679430822,kg,,,
chumbada-jig-head-offset-articulada-football-natural,,,,,,,,,16g,,,4/0,,,,,'40841307010416,16.0,,0,continue,manual,3.53,,true,false,,,,,,,,,,,,,,,,,,,,,,,,,,,,https://cdn.shopify.com/s/files/1/0454/5845/6736/products/Jig-Head-Offset-Articulado-Football-EWG-natural.png?v=1679430822,kg,,,
chumbada-jig-head-offset-articulada-football-natural,,,,,,,,,16g,,,5/0,,,,,'40841307010316,16.0,,0,continue,manual,3.77,,true,false,,,,,,,,,,,,,,,,,,,,,,,,,,,,https://cdn.shopify.com/s/files/1/0454/5845/6736/products/Jig-Head-Offset-Articulado-Football-EWG-natural.png?v=1679430822,kg,,,
chumbada-jig-head-offset-articulada-football-natural,,,,,,,,,16g,,,6/0,,,,,'40841307010216,16.0,,0,continue,manual,3.95,,true,false,,,,,,,,,,,,,,,,,,,,,,,,,,,,https://cdn.shopify.com/s/files/1/0454/5845/6736/products/Jig-Head-Offset-Articulado-Football-EWG-natural.png?v=1679430822,kg,,,
chumbada-jig-head-offset-articulada-football-natural,,,,,,,,,16g,,,7/0,,,,,'40841307010116,16.0,shopify,0,deny,manual,4.12,,true,false,,,,,,,,,,,,,,,,,,,,,,,,,,,,https://cdn.shopify.com/s/files/1/0454/5845/6736/products/Jig-Head-Offset-Articulado-Football-EWG-natural.png?v=1679430822,kg,,,
chumbada-jig-head-offset-articulada-football-natural,,,,,,,,,18g,,,1/0,,,,,'40841307010718,18.0,,0,continue,manual,2.87,,true,false,,,,,,,,,,,,,,,,,,,,,,,,,,,,https://cdn.shopify.com/s/files/1/0454/5845/6736/products/Jig-Head-Offset-Articulado-Football-EWG-natural.png?v=1679430822,kg,,,
chumbada-jig-head-offset-articulada-football-natural,,,,,,,,,18g,,,2/0,,,,,'40841307010618,18.0,,-5,continue,manual,3.20,,true,false,,,,,,,,,,,,,,,,,,,,,,,,,,,,https://cdn.shopify.com/s/files/1/0454/5845/6736/products/Jig-Head-Offset-Articulado-Football-EWG-natural.png?v=1679430822,kg,,,
chumbada-jig-head-offset-articulada-football-natural,,,,,,,,,18g,,,3/0,,,,,'40841307010518,18.0,,0,continue,manual,3.41,,true,false,,,,,,,,,,,,,,,,,,,,,,,,,,,,https://cdn.shopify.com/s/files/1/0454/5845/6736/products/Jig-Head-Offset-Articulado-Football-EWG-natural.png?v=1679430822,kg,,,
chumbada-jig-head-offset-articulada-football-natural,,,,,,,,,18g,,,4/0,,,,,'40841307010418,18.0,,-20,continue,manual,3.53,,true,false,,,,,,,,,,,,,,,,,,,,,,,,,,,,https://cdn.shopify.com/s/files/1/0454/5845/6736/products/Jig-Head-Offset-Articulado-Football-EWG-natural.png?v=1679430822,kg,,,
chumbada-jig-head-offset-articulada-football-natural,,,,,,,,,18g,,,5/0,,,,,'40841307010318,18.0,,0,continue,manual,3.77,,true,false,,,,,,,,,,,,,,,,,,,,,,,,,,,,https://cdn.shopify.com/s/files/1/0454/5845/6736/products/Jig-Head-Offset-Articulado-Football-EWG-natural.png?v=1679430822,kg,,,
chumbada-jig-head-offset-articulada-football-natural,,,,,,,,,18g,,,6/0,,,,,'40841307010218,18.0,,-1,continue,manual,3.95,,true,false,,,,,,,,,,,,,,,,,,,,,,,,,,,,https://cdn.shopify.com/s/files/1/0454/5845/6736/products/Jig-Head-Offset-Articulado-Football-EWG-natural.png?v=1679430822,kg,,,
chumbada-jig-head-offset-articulada-football-natural,,,,,,,,,18g,,,7/0,,,,,'40841307010118,18.0,shopify,0,deny,manual,4.12,,true,false,,,,,,,,,,,,,,,,,,,,,,,,,,,,https://cdn.shopify.com/s/files/1/0454/5845/6736/products/Jig-Head-Offset-Articulado-Football-EWG-natural.png?v=1679430822,kg,,,
chumbada-jig-head-offset-articulada-football-natural,,,,,,,,,20g,,,1/0,,,,,'40841307010720,20.0,,0,continue,manual,3.39,,true,false,,,,,,,,,,,,,,,,,,,,,,,,,,,,https://cdn.shopify.com/s/files/1/0454/5845/6736/products/Jig-Head-Offset-Articulado-Football-EWG-natural.png?v=1679430822,kg,,,
chumbada-jig-head-offset-articulada-football-natural,,,,,,,,,20g,,,2/0,,,,,'40841307010620,20.0,,0,continue,manual,3.71,,true,false,,,,,,,,,,,,,,,,,,,,,,,,,,,,https://cdn.shopify.com/s/files/1/0454/5845/6736/products/Jig-Head-Offset-Articulado-Football-EWG-natural.png?v=1679430822,kg,,,
chumbada-jig-head-offset-articulada-football-natural,,,,,,,,,20g,,,3/0,,,,,'40841307010520,20.0,,0,continue,manual,3.92,,true,false,,,,,,,,,,,,,,,,,,,,,,,,,,,,https://cdn.shopify.com/s/files/1/0454/5845/6736/products/Jig-Head-Offset-Articulado-Football-EWG-natural.png?v=1679430822,kg,,,
chumbada-jig-head-offset-articulada-football-natural,,,,,,,,,20g,,,4/0,,,,,'40841307010420,20.0,,-20,continue,manual,4.04,,true,false,,,,,,,,,,,,,,,,,,,,,,,,,,,,https://cdn.shopify.com/s/files/1/0454/5845/6736/products/Jig-Head-Offset-Articulado-Football-EWG-natural.png?v=1679430822,kg,,,
chumbada-jig-head-offset-articulada-football-natural,,,,,,,,,20g,,,5/0,,,,,'40841307010320,20.0,,-20,continue,manual,4.28,,true,false,,,,,,,,,,,,,,,,,,,,,,,,,,,,https://cdn.shopify.com/s/files/1/0454/5845/6736/products/Jig-Head-Offset-Articulado-Football-EWG-natural.png?v=1679430822,kg,,,
chumbada-jig-head-offset-articulada-football-natural,,,,,,,,,20g,,,6/0,,,,,'40841307010220,20.0,,-1,continue,manual,4.46,,true,false,,,,,,,,,,,,,,,,,,,,,,,,,,,,https://cdn.shopify.com/s/files/1/0454/5845/6736/products/Jig-Head-Offset-Articulado-Football-EWG-natural.png?v=1679430822,kg,,,
chumbada-jig-head-offset-articulada-football-natural,,,,,,,,,20g,,,7/0,,,,,'40841307010120,20.0,shopify,0,deny,manual,4.64,,true,false,,,,,,,,,,,,,,,,,,,,,,,,,,,,https://cdn.shopify.com/s/files/1/0454/5845/6736/products/Jig-Head-Offset-Articulado-Football-EWG-natural.png?v=1679430822,kg,,,
chumbada-jig-head-offset-articulada-football-preta,Anzol Jig Head Offset Articulada Football Preta,"<div class="""" data-block=""true"" data-editor=""4ebvs"" data-offset-key=""6154s-0-0"">
<div data-offset-key=""6154s-0-0"" class=""_1mf _1mj""><span data-offset-key=""6154s-0-0""><span data-text=""true"">Jig Head EWG Football, um novo jig que está revolucionando a pesca esportiva. Este jig foi projetado para trabalhar mais tateando o fundo do local de pesca, dando movimentos únicos para as iscas artificiais.</span></span></div>
</div>
<div class="""" data-block=""true"" data-editor=""4ebvs"" data-offset-key=""bfhsc-0-0"">
<div data-offset-key=""bfhsc-0-0"" class=""_1mf _1mj""><span data-offset-key=""bfhsc-0-0""><br data-text=""true""></span></div>
</div>
<div class="""" data-block=""true"" data-editor=""4ebvs"" data-offset-key=""dhuaa-0-0"">
<div data-offset-key=""dhuaa-0-0"" class=""_1mf _1mj""><span data-offset-key=""dhuaa-0-0""><span data-text=""true"">O Jig Head EWG Football é construído com materiais de alta qualidade e possui uma ação impressionante no fundo do lago ou rio. Seus movimentos são capazes de atrair diferentes espécies de peixes, desde robalos até dourados.</span></span></div>
</div>
<div class="""" data-block=""true"" data-editor=""4ebvs"" data-offset-key=""dpcsd-0-0"">
<div data-offset-key=""dpcsd-0-0"" class=""_1mf _1mj""><span data-offset-key=""dpcsd-0-0""><br data-text=""true""></span></div>
</div>
<div class="""" data-block=""true"" data-editor=""4ebvs"" data-offset-key=""337es-0-0"">
<div data-offset-key=""337es-0-0"" class=""_1mf _1mj""><span data-offset-key=""337es-0-0""><span data-text=""true"">O design do Jig Head EWG Football foi testado exaustivamente para garantir a melhor experiência de pesca possível. Os pescadores que já testaram o jig afirmam que ele é extremamente eficaz e fácil de usar.</span></span></div>
</div>",Chumbada Oficial,Sem categoria,"","Anzol, Articulado, Colorido, Football, Jig Head, Jig Head Offset, Offset, Preta, Todos",true,Peso,10g,,Tamanho do Anzol,1/0,,,,,'40841308020710,10.0,,-1,continue,manual,4.07,,true,false,,,,,,https://cdn.shopify.com/s/files/1/0454/5845/6736/products/Jig-Head-Offset-Articulado-Football-EWG-preto_3438e474-21a6-4467-919a-bdfa8a57bd27.png?v=1701355713,1,Chumbada Jig Head Offset Articulada Football Preta,false,,,,,,,,,,,,,,,,,,,https://cdn.shopify.com/s/files/1/0454/5845/6736/products/Jig-Head-Offset-Articulado-Football-EWG-preto_3438e474-21a6-4467-919a-bdfa8a57bd27.png?v=1701355713,kg,,,active
chumbada-jig-head-offset-articulada-football-preta,,,,,,,,,10g,,,2/0,,,,,'40841308020610,10.0,,-11,continue,manual,4.40,,true,false,,,,,,,,,,,,,,,,,,,,,,,,,,,,https://cdn.shopify.com/s/files/1/0454/5845/6736/products/Jig-Head-Offset-Articulado-Football-EWG-preto_3438e474-21a6-4467-919a-bdfa8a57bd27.png?v=1701355713,kg,,,
chumbada-jig-head-offset-articulada-football-preta,,,,,,,,,10g,,,3/0,,,,,'40841308020510,10.0,,-1,continue,manual,4.61,,true,false,,,,,,,,,,,,,,,,,,,,,,,,,,,,https://cdn.shopify.com/s/files/1/0454/5845/6736/products/Jig-Head-Offset-Articulado-Football-EWG-preto_3438e474-21a6-4467-919a-bdfa8a57bd27.png?v=1701355713,kg,,,
chumbada-jig-head-offset-articulada-football-preta,,,,,,,,,10g,,,4/0,,,,,'40841308020410,10.0,,0,continue,manual,4.73,,true,false,,,,,,,,,,,,,,,,,,,,,,,,,,,,https://cdn.shopify.com/s/files/1/0454/5845/6736/products/Jig-Head-Offset-Articulado-Football-EWG-preto_3438e474-21a6-4467-919a-bdfa8a57bd27.png?v=1701355713,kg,,,
chumbada-jig-head-offset-articulada-football-preta,,,,,,,,,10g,,,5/0,,,,,'40841308020310,10.0,,0,continue,manual,4.97,,true,false,,,,,,,,,,,,,,,,,,,,,,,,,,,,https://cdn.shopify.com/s/files/1/0454/5845/6736/products/Jig-Head-Offset-Articulado-Football-EWG-preto_3438e474-21a6-4467-919a-bdfa8a57bd27.png?v=1701355713,kg,,,
chumbada-jig-head-offset-articulada-football-preta,,,,,,,,,10g,,,6/0,,,,,'40841308020210,10.0,,0,continue,manual,5.15,,true,false,,,,,,,,,,,,,,,,,,,,,,,,,,,,https://cdn.shopify.com/s/files/1/0454/5845/6736/products/Jig-Head-Offset-Articulado-Football-EWG-preto_3438e474-21a6-4467-919a-bdfa8a57bd27.png?v=1701355713,kg,,,
chumbada-jig-head-offset-articulada-football-preta,,,,,,,,,10g,,,7/0,,,,,'40841308020110,10.0,shopify,0,deny,manual,5.32,,true,false,,,,,,,,,,,,,,,,,,,,,,,,,,,,https://cdn.shopify.com/s/files/1/0454/5845/6736/products/Jig-Head-Offset-Articulado-Football-EWG-preto_3438e474-21a6-4467-919a-bdfa8a57bd27.png?v=1701355713,kg,,,
chumbada-jig-head-offset-articulada-football-preta,,,,,,,,,12g,,,1/0,,,,,'40841308020712,12.0,,0,continue,manual,4.07,,true,false,,,,,,,,,,,,,,,,,,,,,,,,,,,,https://cdn.shopify.com/s/files/1/0454/5845/6736/products/Jig-Head-Offset-Articulado-Football-EWG-preto_3438e474-21a6-4467-919a-bdfa8a57bd27.png?v=1701355713,kg,,,
chumbada-jig-head-offset-articulada-football-preta,,,,,,,,,12g,,,2/0,,,,,'40841308020612,12.0,,0,continue,manual,4.40,,true,false,,,,,,,,,,,,,,,,,,,,,,,,,,,,https://cdn.shopify.com/s/files/1/0454/5845/6736/products/Jig-Head-Offset-Articulado-Football-EWG-preto_3438e474-21a6-4467-919a-bdfa8a57bd27.png?v=1701355713,kg,,,
chumbada-jig-head-offset-articulada-football-preta,,,,,,,,,12g,,,3/0,,,,,'40841308020512,12.0,,0,continue,manual,4.61,,true,false,,,,,,,,,,,,,,,,,,,,,,,,,,,,https://cdn.shopify.com/s/files/1/0454/5845/6736/products/Jig-Head-Offset-Articulado-Football-EWG-preto_3438e474-21a6-4467-919a-bdfa8a57bd27.png?v=1701355713,kg,,,
chumbada-jig-head-offset-articulada-football-preta,,,,,,,,,12g,,,4/0,,,,,'40841308020412,12.0,,0,continue,manual,4.73,,true,false,,,,,,,,,,,,,,,,,,,,,,,,,,,,https://cdn.shopify.com/s/files/1/0454/5845/6736/products/Jig-Head-Offset-Articulado-Football-EWG-preto_3438e474-21a6-4467-919a-bdfa8a57bd27.png?v=1701355713,kg,,,
chumbada-jig-head-offset-articulada-football-preta,,,,,,,,,12g,,,5/0,,,,,'40841308020312,12.0,,0,continue,manual,4.97,,true,false,,,,,,,,,,,,,,,,,,,,,,,,,,,,https://cdn.shopify.com/s/files/1/0454/5845/6736/products/Jig-Head-Offset-Articulado-Football-EWG-preto_3438e474-21a6-4467-919a-bdfa8a57bd27.png?v=1701355713,kg,,,
chumbada-jig-head-offset-articulada-football-preta,,,,,,,,,12g,,,6/0,,,,,'40841308020212,12.0,,0,continue,manual,5.15,,true,false,,,,,,,,,,,,,,,,,,,,,,,,,,,,https://cdn.shopify.com/s/files/1/0454/5845/6736/products/Jig-Head-Offset-Articulado-Football-EWG-preto_3438e474-21a6-4467-919a-bdfa8a57bd27.png?v=1701355713,kg,,,
chumbada-jig-head-offset-articulada-football-preta,,,,,,,,,12g,,,7/0,,,,,'40841308020112,12.0,shopify,0,deny,manual,5.32,,true,false,,,,,,,,,,,,,,,,,,,,,,,,,,,,https://cdn.shopify.com/s/files/1/0454/5845/6736/products/Jig-Head-Offset-Articulado-Football-EWG-preto_3438e474-21a6-4467-919a-bdfa8a57bd27.png?v=1701355713,kg,,,
chumbada-jig-head-offset-articulada-football-preta,,,,,,,,,14g,,,1/0,,,,,'40841308020714,14.0,,0,continue,manual,4.07,,true,false,,,,,,,,,,,,,,,,,,,,,,,,,,,,https://cdn.shopify.com/s/files/1/0454/5845/6736/products/Jig-Head-Offset-Articulado-Football-EWG-preto_3438e474-21a6-4467-919a-bdfa8a57bd27.png?v=1701355713,kg,,,
chumbada-jig-head-offset-articulada-football-preta,,,,,,,,,14g,,,2/0,,,,,'40841308020614,14.0,,0,continue,manual,4.40,,true,false,,,,,,,,,,,,,,,,,,,,,,,,,,,,https://cdn.shopify.com/s/files/1/0454/5845/6736/products/Jig-Head-Offset-Articulado-Football-EWG-preto_3438e474-21a6-4467-919a-bdfa8a57bd27.png?v=1701355713,kg,,,
chumbada-jig-head-offset-articulada-football-preta,,,,,,,,,14g,,,3/0,,,,,'40841308020514,14.0,,0,continue,manual,4.61,,true,false,,,,,,,,,,,,,,,,,,,,,,,,,,,,https://cdn.shopify.com/s/files/1/0454/5845/6736/products/Jig-Head-Offset-Articulado-Football-EWG-preto_3438e474-21a6-4467-919a-bdfa8a57bd27.png?v=1701355713,kg,,,
chumbada-jig-head-offset-articulada-football-preta,,,,,,,,,14g,,,4/0,,,,,'40841308020414,14.0,,0,continue,manual,4.73,,true,false,,,,,,,,,,,,,,,,,,,,,,,,,,,,https://cdn.shopify.com/s/files/1/0454/5845/6736/products/Jig-Head-Offset-Articulado-Football-EWG-preto_3438e474-21a6-4467-919a-bdfa8a57bd27.png?v=1701355713,kg,,,
chumbada-jig-head-offset-articulada-football-preta,,,,,,,,,14g,,,5/0,,,,,'40841308020314,14.0,,0,continue,manual,4.97,,true,false,,,,,,,,,,,,,,,,,,,,,,,,,,,,https://cdn.shopify.com/s/files/1/0454/5845/6736/products/Jig-Head-Offset-Articulado-Football-EWG-preto_3438e474-21a6-4467-919a-bdfa8a57bd27.png?v=1701355713,kg,,,
chumbada-jig-head-offset-articulada-football-preta,,,,,,,,,14g,,,6/0,,,,,'40841308020214,14.0,,0,continue,manual,5.15,,true,false,,,,,,,,,,,,,,,,,,,,,,,,,,,,https://cdn.shopify.com/s/files/1/0454/5845/6736/products/Jig-Head-Offset-Articulado-Football-EWG-preto_3438e474-21a6-4467-919a-bdfa8a57bd27.png?v=1701355713,kg,,,
chumbada-jig-head-offset-articulada-football-preta,,,,,,,,,14g,,,7/0,,,,,'40841308020114,14.0,shopify,0,deny,manual,5.32,,true,false,,,,,,,,,,,,,,,,,,,,,,,,,,,,https://cdn.shopify.com/s/files/1/0454/5845/6736/products/Jig-Head-Offset-Articulado-Football-EWG-preto_3438e474-21a6-4467-919a-bdfa8a57bd27.png?v=1701355713,kg,,,
chumbada-jig-head-offset-articulada-football-preta,,,,,,,,,16g,,,1/0,,,,,'40841308020716,16.0,,0,continue,manual,4.07,,true,false,,,,,,,,,,,,,,,,,,,,,,,,,,,,https://cdn.shopify.com/s/files/1/0454/5845/6736/products/Jig-Head-Offset-Articulado-Football-EWG-preto_3438e474-21a6-4467-919a-bdfa8a57bd27.png?v=1701355713,kg,,,
chumbada-jig-head-offset-articulada-football-preta,,,,,,,,,16g,,,2/0,,,,,'40841308020616,16.0,,0,continue,manual,4.40,,true,false,,,,,,,,,,,,,,,,,,,,,,,,,,,,https://cdn.shopify.com/s/files/1/0454/5845/6736/products/Jig-Head-Offset-Articulado-Football-EWG-preto_3438e474-21a6-4467-919a-bdfa8a57bd27.png?v=1701355713,kg,,,
chumbada-jig-head-offset-articulada-football-preta,,,,,,,,,16g,,,3/0,,,,,'40841308020516,16.0,,0,continue,manual,4.61,,true,false,,,,,,,,,,,,,,,,,,,,,,,,,,,,https://cdn.shopify.com/s/files/1/0454/5845/6736/products/Jig-Head-Offset-Articulado-Football-EWG-preto_3438e474-21a6-4467-919a-bdfa8a57bd27.png?v=1701355713,kg,,,
chumbada-jig-head-offset-articulada-football-preta,,,,,,,,,16g,,,4/0,,,,,'40841308020416,16.0,,0,continue,manual,4.73,,true,false,,,,,,,,,,,,,,,,,,,,,,,,,,,,https://cdn.shopify.com/s/files/1/0454/5845/6736/products/Jig-Head-Offset-Articulado-Football-EWG-preto_3438e474-21a6-4467-919a-bdfa8a57bd27.png?v=1701355713,kg,,,
chumbada-jig-head-offset-articulada-football-preta,,,,,,,,,16g,,,5/0,,,,,'40841308020316,16.0,,0,continue,manual,4.97,,true,false,,,,,,,,,,,,,,,,,,,,,,,,,,,,https://cdn.shopify.com/s/files/1/0454/5845/6736/products/Jig-Head-Offset-Articulado-Football-EWG-preto_3438e474-21a6-4467-919a-bdfa8a57bd27.png?v=1701355713,kg,,,
chumbada-jig-head-offset-articulada-football-preta,,,,,,,,,16g,,,6/0,,,,,'40841308020216,16.0,,0,continue,manual,5.15,,true,false,,,,,,,,,,,,,,,,,,,,,,,,,,,,https://cdn.shopify.com/s/files/1/0454/5845/6736/products/Jig-Head-Offset-Articulado-Football-EWG-preto_3438e474-21a6-4467-919a-bdfa8a57bd27.png?v=1701355713,kg,,,
chumbada-jig-head-offset-articulada-football-preta,,,,,,,,,16g,,,7/0,,,,,'40841308020116,16.0,shopify,0,deny,manual,5.32,,true,false,,,,,,,,,,,,,,,,,,,,,,,,,,,,https://cdn.shopify.com/s/files/1/0454/5845/6736/products/Jig-Head-Offset-Articulado-Football-EWG-preto_3438e474-21a6-4467-919a-bdfa8a57bd27.png?v=1701355713,kg,,,
chumbada-jig-head-offset-articulada-football-preta,,,,,,,,,18g,,,1/0,,,,,'40841308020718,18.0,,0,continue,manual,4.07,,true,false,,,,,,,,,,,,,,,,,,,,,,,,,,,,https://cdn.shopify.com/s/files/1/0454/5845/6736/products/Jig-Head-Offset-Articulado-Football-EWG-preto_3438e474-21a6-4467-919a-bdfa8a57bd27.png?v=1701355713,kg,,,
chumbada-jig-head-offset-articulada-football-preta,,,,,,,,,18g,,,2/0,,,,,'40841308020618,18.0,,0,continue,manual,4.40,,true,false,,,,,,,,,,,,,,,,,,,,,,,,,,,,https://cdn.shopify.com/s/files/1/0454/5845/6736/products/Jig-Head-Offset-Articulado-Football-EWG-preto_3438e474-21a6-4467-919a-bdfa8a57bd27.png?v=1701355713,kg,,,
chumbada-jig-head-offset-articulada-football-preta,,,,,,,,,18g,,,3/0,,,,,'40841308020518,18.0,,0,continue,manual,4.61,,true,false,,,,,,,,,,,,,,,,,,,,,,,,,,,,https://cdn.shopify.com/s/files/1/0454/5845/6736/products/Jig-Head-Offset-Articulado-Football-EWG-preto_3438e474-21a6-4467-919a-bdfa8a57bd27.png?v=1701355713,kg,,,
chumbada-jig-head-offset-articulada-football-preta,,,,,,,,,18g,,,4/0,,,,,'40841308020418,18.0,,0,continue,manual,4.73,,true,false,,,,,,,,,,,,,,,,,,,,,,,,,,,,https://cdn.shopify.com/s/files/1/0454/5845/6736/products/Jig-Head-Offset-Articulado-Football-EWG-preto_3438e474-21a6-4467-919a-bdfa8a57bd27.png?v=1701355713,kg,,,
chumbada-jig-head-offset-articulada-football-preta,,,,,,,,,18g,,,5/0,,,,,'40841308020318,18.0,,0,continue,manual,4.97,,true,false,,,,,,,,,,,,,,,,,,,,,,,,,,,,https://cdn.shopify.com/s/files/1/0454/5845/6736/products/Jig-Head-Offset-Articulado-Football-EWG-preto_3438e474-21a6-4467-919a-bdfa8a57bd27.png?v=1701355713,kg,,,
chumbada-jig-head-offset-articulada-football-preta,,,,,,,,,18g,,,6/0,,,,,'40841308020218,18.0,,0,continue,manual,5.15,,true,false,,,,,,,,,,,,,,,,,,,,,,,,,,,,https://cdn.shopify.com/s/files/1/0454/5845/6736/products/Jig-Head-Offset-Articulado-Football-EWG-preto_3438e474-21a6-4467-919a-bdfa8a57bd27.png?v=1701355713,kg,,,
chumbada-jig-head-offset-articulada-football-preta,,,,,,,,,18g,,,7/0,,,,,'40841308020118,18.0,shopify,0,deny,manual,5.32,,true,false,,,,,,,,,,,,,,,,,,,,,,,,,,,,https://cdn.shopify.com/s/files/1/0454/5845/6736/products/Jig-Head-Offset-Articulado-Football-EWG-preto_3438e474-21a6-4467-919a-bdfa8a57bd27.png?v=1701355713,kg,,,
chumbada-jig-head-offset-articulada-football-preta,,,,,,,,,20g,,,1/0,,,,,'40841308020720,20.0,,0,continue,manual,4.59,,true,false,,,,,,,,,,,,,,,,,,,,,,,,,,,,https://cdn.shopify.com/s/files/1/0454/5845/6736/products/Jig-Head-Offset-Articulado-Football-EWG-preto_3438e474-21a6-4467-919a-bdfa8a57bd27.png?v=1701355713,kg,,,
chumbada-jig-head-offset-articulada-football-preta,,,,,,,,,20g,,,2/0,,,,,'40841308020620,20.0,,0,continue,manual,4.91,,true,false,,,,,,,,,,,,,,,,,,,,,,,,,,,,https://cdn.shopify.com/s/files/1/0454/5845/6736/products/Jig-Head-Offset-Articulado-Football-EWG-preto_3438e474-21a6-4467-919a-bdfa8a57bd27.png?v=1701355713,kg,,,
chumbada-jig-head-offset-articulada-football-preta,,,,,,,,,20g,,,3/0,,,,,'40841308020520,20.0,,-5,continue,manual,5.12,,true,false,,,,,,,,,,,,,,,,,,,,,,,,,,,,https://cdn.shopify.com/s/files/1/0454/5845/6736/products/Jig-Head-Offset-Articulado-Football-EWG-preto_3438e474-21a6-4467-919a-bdfa8a57bd27.png?v=1701355713,kg,,,
chumbada-jig-head-offset-articulada-football-preta,,,,,,,,,20g,,,4/0,,,,,'40841308020420,20.0,,0,continue,manual,5.24,,true,false,,,,,,,,,,,,,,,,,,,,,,,,,,,,https://cdn.shopify.com/s/files/1/0454/5845/6736/products/Jig-Head-Offset-Articulado-Football-EWG-preto_3438e474-21a6-4467-919a-bdfa8a57bd27.png?v=1701355713,kg,,,
chumbada-jig-head-offset-articulada-football-preta,,,,,,,,,20g,,,5/0,,,,,'40841308020320,20.0,,0,continue,manual,5.48,,true,false,,,,,,,,,,,,,,,,,,,,,,,,,,,,https://cdn.shopify.com/s/files/1/0454/5845/6736/products/Jig-Head-Offset-Articulado-Football-EWG-preto_3438e474-21a6-4467-919a-bdfa8a57bd27.png?v=1701355713,kg,,,
chumbada-jig-head-offset-articulada-football-preta,,,,,,,,,20g,,,6/0,,,,,'40841308020220,20.0,,0,continue,manual,5.66,,true,false,,,,,,,,,,,,,,,,,,,,,,,,,,,,https://cdn.shopify.com/s/files/1/0454/5845/6736/products/Jig-Head-Offset-Articulado-Football-EWG-preto_3438e474-21a6-4467-919a-bdfa8a57bd27.png?v=1701355713,kg,,,
chumbada-jig-head-offset-articulada-football-preta,,,,,,,,,20g,,,7/0,,,,,'40841308020120,20.0,shopify,0,deny,manual,5.84,,true,false,,,,,,,,,,,,,,,,,,,,,,,,,,,,https://cdn.shopify.com/s/files/1/0454/5845/6736/products/Jig-Head-Offset-Articulado-Football-EWG-preto_3438e474-21a6-4467-919a-bdfa8a57bd27.png?v=1701355713,kg,,,
chumbada-jig-head-offset-articulada-football-vermelha,Anzol Jig Head Offset Articulada Football Vermelha,"<div class="""" data-block=""true"" data-editor=""4ebvs"" data-offset-key=""6154s-0-0"">
<div data-offset-key=""6154s-0-0"" class=""_1mf _1mj""><span data-offset-key=""6154s-0-0""><span data-text=""true"">Jig Head EWG Football, um novo jig que está revolucionando a pesca esportiva. Este jig foi projetado para trabalhar mais tateando o fundo do local de pesca, dando movimentos únicos para as iscas artificiais.</span></span></div>
</div>
<div class="""" data-block=""true"" data-editor=""4ebvs"" data-offset-key=""bfhsc-0-0"">
<div data-offset-key=""bfhsc-0-0"" class=""_1mf _1mj""><span data-offset-key=""bfhsc-0-0""><br data-text=""true""></span></div>
</div>
<div class="""" data-block=""true"" data-editor=""4ebvs"" data-offset-key=""dhuaa-0-0"">
<div data-offset-key=""dhuaa-0-0"" class=""_1mf _1mj""><span data-offset-key=""dhuaa-0-0""><span data-text=""true"">O Jig Head EWG Football é construído com materiais de alta qualidade e possui uma ação impressionante no fundo do lago ou rio. Seus movimentos são capazes de atrair diferentes espécies de peixes, desde robalos até dourados.</span></span></div>
</div>
<div class="""" data-block=""true"" data-editor=""4ebvs"" data-offset-key=""dpcsd-0-0"">
<div data-offset-key=""dpcsd-0-0"" class=""_1mf _1mj""><span data-offset-key=""dpcsd-0-0""><br data-text=""true""></span></div>
</div>
<div class="""" data-block=""true"" data-editor=""4ebvs"" data-offset-key=""337es-0-0"">
<div data-offset-key=""337es-0-0"" class=""_1mf _1mj""><span data-offset-key=""337es-0-0""><span data-text=""true"">O design do Jig Head EWG Football foi testado exaustivamente para garantir a melhor experiência de pesca possível. Os pescadores que já testaram o jig afirmam que ele é extremamente eficaz e fácil de usar.</span></span></div>
</div>",Chumbada Oficial,Sem categoria,"","Anzol, Articulado, Colorido, Football, Jig Head, Jig Head Offset, Offset, Todos, Vermelha",true,Peso,10g,,Tamanho do Anzol,1/0,,,,,'40841308040710,10.0,,0,continue,manual,4.07,,true,false,,,,,,https://cdn.shopify.com/s/files/1/0454/5845/6736/products/Jig-Head-Offset-Articulado-Football-EWG-vermelho.png?v=1679430838,1,Chumbada Jig Head Offset Articulada Football Vermelha,false,,,,,,,,,,,,,,,,,,,https://cdn.shopify.com/s/files/1/0454/5845/6736/products/Jig-Head-Offset-Articulado-Football-EWG-vermelho.png?v=1679430838,kg,,,active
chumbada-jig-head-offset-articulada-football-vermelha,,,,,,,,,10g,,,2/0,,,,,'40841308040610,10.0,,0,continue,manual,4.40,,true,false,,,,,,,,,,,,,,,,,,,,,,,,,,,,https://cdn.shopify.com/s/files/1/0454/5845/6736/products/Jig-Head-Offset-Articulado-Football-EWG-vermelho.png?v=1679430838,kg,,,
chumbada-jig-head-offset-articulada-football-vermelha,,,,,,,,,10g,,,3/0,,,,,'40841308040510,10.0,,0,continue,manual,4.61,,true,false,,,,,,,,,,,,,,,,,,,,,,,,,,,,https://cdn.shopify.com/s/files/1/0454/5845/6736/products/Jig-Head-Offset-Articulado-Football-EWG-vermelho.png?v=1679430838,kg,,,
chumbada-jig-head-offset-articulada-football-vermelha,,,,,,,,,10g,,,4/0,,,,,'40841308040410,10.0,,-5,continue,manual,4.73,,true,false,,,,,,,,,,,,,,,,,,,,,,,,,,,,https://cdn.shopify.com/s/files/1/0454/5845/6736/products/Jig-Head-Offset-Articulado-Football-EWG-vermelho.png?v=1679430838,kg,,,
chumbada-jig-head-offset-articulada-football-vermelha,,,,,,,,,10g,,,5/0,,,,,'40841308040310,10.0,,0,continue,manual,4.97,,true,false,,,,,,,,,,,,,,,,,,,,,,,,,,,,https://cdn.shopify.com/s/files/1/0454/5845/6736/products/Jig-Head-Offset-Articulado-Football-EWG-vermelho.png?v=1679430838,kg,,,
chumbada-jig-head-offset-articulada-football-vermelha,,,,,,,,,10g,,,6/0,,,,,'40841308040210,10.0,,0,continue,manual,5.15,,true,false,,,,,,,,,,,,,,,,,,,,,,,,,,,,https://cdn.shopify.com/s/files/1/0454/5845/6736/products/Jig-Head-Offset-Articulado-Football-EWG-vermelho.png?v=1679430838,kg,,,
chumbada-jig-head-offset-articulada-football-vermelha,,,,,,,,,10g,,,7/0,,,,,'40841308040110,10.0,shopify,0,deny,manual,5.32,,true,false,,,,,,,,,,,,,,,,,,,,,,,,,,,,https://cdn.shopify.com/s/files/1/0454/5845/6736/products/Jig-Head-Offset-Articulado-Football-EWG-vermelho.png?v=1679430838,kg,,,
chumbada-jig-head-offset-articulada-football-vermelha,,,,,,,,,12g,,,1/0,,,,,'40841308040712,12.0,,0,continue,manual,4.07,,true,false,,,,,,,,,,,,,,,,,,,,,,,,,,,,https://cdn.shopify.com/s/files/1/0454/5845/6736/products/Jig-Head-Offset-Articulado-Football-EWG-vermelho.png?v=1679430838,kg,,,
chumbada-jig-head-offset-articulada-football-vermelha,,,,,,,,,12g,,,2/0,,,,,'40841308040612,12.0,,0,continue,manual,4.40,,true,false,,,,,,,,,,,,,,,,,,,,,,,,,,,,https://cdn.shopify.com/s/files/1/0454/5845/6736/products/Jig-Head-Offset-Articulado-Football-EWG-vermelho.png?v=1679430838,kg,,,
chumbada-jig-head-offset-articulada-football-vermelha,,,,,,,,,12g,,,3/0,,,,,'40841308040512,12.0,,0,continue,manual,4.61,,true,false,,,,,,,,,,,,,,,,,,,,,,,,,,,,https://cdn.shopify.com/s/files/1/0454/5845/6736/products/Jig-Head-Offset-Articulado-Football-EWG-vermelho.png?v=1679430838,kg,,,
chumbada-jig-head-offset-articulada-football-vermelha,,,,,,,,,12g,,,4/0,,,,,'40841308040412,12.0,,0,continue,manual,4.73,,true,false,,,,,,,,,,,,,,,,,,,,,,,,,,,,https://cdn.shopify.com/s/files/1/0454/5845/6736/products/Jig-Head-Offset-Articulado-Football-EWG-vermelho.png?v=1679430838,kg,,,
chumbada-jig-head-offset-articulada-football-vermelha,,,,,,,,,12g,,,5/0,,,,,'40841308040312,12.0,,0,continue,manual,4.97,,true,false,,,,,,,,,,,,,,,,,,,,,,,,,,,,https://cdn.shopify.com/s/files/1/0454/5845/6736/products/Jig-Head-Offset-Articulado-Football-EWG-vermelho.png?v=1679430838,kg,,,
chumbada-jig-head-offset-articulada-football-vermelha,,,,,,,,,12g,,,6/0,,,,,'40841308040212,12.0,,0,continue,manual,5.15,,true,false,,,,,,,,,,,,,,,,,,,,,,,,,,,,https://cdn.shopify.com/s/files/1/0454/5845/6736/products/Jig-Head-Offset-Articulado-Football-EWG-vermelho.png?v=1679430838,kg,,,
chumbada-jig-head-offset-articulada-football-vermelha,,,,,,,,,12g,,,7/0,,,,,'40841308040112,12.0,shopify,0,deny,manual,5.32,,true,false,,,,,,,,,,,,,,,,,,,,,,,,,,,,https://cdn.shopify.com/s/files/1/0454/5845/6736/products/Jig-Head-Offset-Articulado-Football-EWG-vermelho.png?v=1679430838,kg,,,
chumbada-jig-head-offset-articulada-football-vermelha,,,,,,,,,14g,,,1/0,,,,,'40841308040714,14.0,,0,continue,manual,4.07,,true,false,,,,,,,,,,,,,,,,,,,,,,,,,,,,https://cdn.shopify.com/s/files/1/0454/5845/6736/products/Jig-Head-Offset-Articulado-Football-EWG-vermelho.png?v=1679430838,kg,,,
chumbada-jig-head-offset-articulada-football-vermelha,,,,,,,,,14g,,,2/0,,,,,'40841308040614,14.0,,0,continue,manual,4.40,,true,false,,,,,,,,,,,,,,,,,,,,,,,,,,,,https://cdn.shopify.com/s/files/1/0454/5845/6736/products/Jig-Head-Offset-Articulado-Football-EWG-vermelho.png?v=1679430838,kg,,,
chumbada-jig-head-offset-articulada-football-vermelha,,,,,,,,,14g,,,3/0,,,,,'40841308040514,14.0,,0,continue,manual,4.61,,true,false,,,,,,,,,,,,,,,,,,,,,,,,,,,,https://cdn.shopify.com/s/files/1/0454/5845/6736/products/Jig-Head-Offset-Articulado-Football-EWG-vermelho.png?v=1679430838,kg,,,
chumbada-jig-head-offset-articulada-football-vermelha,,,,,,,,,14g,,,4/0,,,,,'40841308040414,14.0,,0,continue,manual,4.73,,true,false,,,,,,,,,,,,,,,,,,,,,,,,,,,,https://cdn.shopify.com/s/files/1/0454/5845/6736/products/Jig-Head-Offset-Articulado-Football-EWG-vermelho.png?v=1679430838,kg,,,
chumbada-jig-head-offset-articulada-football-vermelha,,,,,,,,,14g,,,5/0,,,,,'40841308040314,14.0,,0,continue,manual,4.97,,true,false,,,,,,,,,,,,,,,,,,,,,,,,,,,,https://cdn.shopify.com/s/files/1/0454/5845/6736/products/Jig-Head-Offset-Articulado-Football-EWG-vermelho.png?v=1679430838,kg,,,
chumbada-jig-head-offset-articulada-football-vermelha,,,,,,,,,14g,,,6/0,,,,,'40841308040214,14.0,,0,continue,manual,5.15,,true,false,,,,,,,,,,,,,,,,,,,,,,,,,,,,https://cdn.shopify.com/s/files/1/0454/5845/6736/products/Jig-Head-Offset-Articulado-Football-EWG-vermelho.png?v=1679430838,kg,,,
chumbada-jig-head-offset-articulada-football-vermelha,,,,,,,,,14g,,,7/0,,,,,'40841308040114,14.0,shopify,0,deny,manual,5.32,,true,false,,,,,,,,,,,,,,,,,,,,,,,,,,,,https://cdn.shopify.com/s/files/1/0454/5845/6736/products/Jig-Head-Offset-Articulado-Football-EWG-vermelho.png?v=1679430838,kg,,,
chumbada-jig-head-offset-articulada-football-vermelha,,,,,,,,,16g,,,1/0,,,,,'40841308040716,16.0,,0,continue,manual,4.07,,true,false,,,,,,,,,,,,,,,,,,,,,,,,,,,,https://cdn.shopify.com/s/files/1/0454/5845/6736/products/Jig-Head-Offset-Articulado-Football-EWG-vermelho.png?v=1679430838,kg,,,
chumbada-jig-head-offset-articulada-football-vermelha,,,,,,,,,16g,,,2/0,,,,,'40841308040616,16.0,,0,continue,manual,4.40,,true,false,,,,,,,,,,,,,,,,,,,,,,,,,,,,https://cdn.shopify.com/s/files/1/0454/5845/6736/products/Jig-Head-Offset-Articulado-Football-EWG-vermelho.png?v=1679430838,kg,,,
chumbada-jig-head-offset-articulada-football-vermelha,,,,,,,,,16g,,,3/0,,,,,'40841308040516,16.0,,0,continue,manual,4.61,,true,false,,,,,,,,,,,,,,,,,,,,,,,,,,,,https://cdn.shopify.com/s/files/1/0454/5845/6736/products/Jig-Head-Offset-Articulado-Football-EWG-vermelho.png?v=1679430838,kg,,,
chumbada-jig-head-offset-articulada-football-vermelha,,,,,,,,,16g,,,4/0,,,,,'40841308040416,16.0,,0,continue,manual,4.73,,true,false,,,,,,,,,,,,,,,,,,,,,,,,,,,,https://cdn.shopify.com/s/files/1/0454/5845/6736/products/Jig-Head-Offset-Articulado-Football-EWG-vermelho.png?v=1679430838,kg,,,
chumbada-jig-head-offset-articulada-football-vermelha,,,,,,,,,16g,,,5/0,,,,,'40841308040316,16.0,,0,continue,manual,4.97,,true,false,,,,,,,,,,,,,,,,,,,,,,,,,,,,https://cdn.shopify.com/s/files/1/0454/5845/6736/products/Jig-Head-Offset-Articulado-Football-EWG-vermelho.png?v=1679430838,kg,,,
chumbada-jig-head-offset-articulada-football-vermelha,,,,,,,,,16g,,,6/0,,,,,'40841308040216,16.0,,0,continue,manual,5.15,,true,false,,,,,,,,,,,,,,,,,,,,,,,,,,,,https://cdn.shopify.com/s/files/1/0454/5845/6736/products/Jig-Head-Offset-Articulado-Football-EWG-vermelho.png?v=1679430838,kg,,,
chumbada-jig-head-offset-articulada-football-vermelha,,,,,,,,,16g,,,7/0,,,,,'40841308040116,16.0,shopify,0,deny,manual,5.32,,true,false,,,,,,,,,,,,,,,,,,,,,,,,,,,,https://cdn.shopify.com/s/files/1/0454/5845/6736/products/Jig-Head-Offset-Articulado-Football-EWG-vermelho.png?v=1679430838,kg,,,
chumbada-jig-head-offset-articulada-football-vermelha,,,,,,,,,18g,,,1/0,,,,,'40841308040718,18.0,,0,continue,manual,4.07,,true,false,,,,,,,,,,,,,,,,,,,,,,,,,,,,https://cdn.shopify.com/s/files/1/0454/5845/6736/products/Jig-Head-Offset-Articulado-Football-EWG-vermelho.png?v=1679430838,kg,,,
chumbada-jig-head-offset-articulada-football-vermelha,,,,,,,,,18g,,,2/0,,,,,'40841308040618,18.0,,0,continue,manual,4.40,,true,false,,,,,,,,,,,,,,,,,,,,,,,,,,,,https://cdn.shopify.com/s/files/1/0454/5845/6736/products/Jig-Head-Offset-Articulado-Football-EWG-vermelho.png?v=1679430838,kg,,,
chumbada-jig-head-offset-articulada-football-vermelha,,,,,,,,,18g,,,3/0,,,,,'40841308040518,18.0,,0,continue,manual,4.61,,true,false,,,,,,,,,,,,,,,,,,,,,,,,,,,,https://cdn.shopify.com/s/files/1/0454/5845/6736/products/Jig-Head-Offset-Articulado-Football-EWG-vermelho.png?v=1679430838,kg,,,
chumbada-jig-head-offset-articulada-football-vermelha,,,,,,,,,18g,,,4/0,,,,,'40841308040418,18.0,,0,continue,manual,4.73,,true,false,,,,,,,,,,,,,,,,,,,,,,,,,,,,https://cdn.shopify.com/s/files/1/0454/5845/6736/products/Jig-Head-Offset-Articulado-Football-EWG-vermelho.png?v=1679430838,kg,,,
chumbada-jig-head-offset-articulada-football-vermelha,,,,,,,,,18g,,,5/0,,,,,'40841308040318,18.0,,0,continue,manual,4.97,,true,false,,,,,,,,,,,,,,,,,,,,,,,,,,,,https://cdn.shopify.com/s/files/1/0454/5845/6736/products/Jig-Head-Offset-Articulado-Football-EWG-vermelho.png?v=1679430838,kg,,,
chumbada-jig-head-offset-articulada-football-vermelha,,,,,,,,,18g,,,6/0,,,,,'40841308040218,18.0,,0,continue,manual,5.15,,true,false,,,,,,,,,,,,,,,,,,,,,,,,,,,,https://cdn.shopify.com/s/files/1/0454/5845/6736/products/Jig-Head-Offset-Articulado-Football-EWG-vermelho.png?v=1679430838,kg,,,
chumbada-jig-head-offset-articulada-football-vermelha,,,,,,,,,18g,,,7/0,,,,,'40841308040118,18.0,shopify,0,deny,manual,5.32,,true,false,,,,,,,,,,,,,,,,,,,,,,,,,,,,https://cdn.shopify.com/s/files/1/0454/5845/6736/products/Jig-Head-Offset-Articulado-Football-EWG-vermelho.png?v=1679430838,kg,,,
chumbada-jig-head-offset-articulada-football-vermelha,,,,,,,,,20g,,,1/0,,,,,'40841308040720,20.0,,0,continue,manual,4.59,,true,false,,,,,,,,,,,,,,,,,,,,,,,,,,,,https://cdn.shopify.com/s/files/1/0454/5845/6736/products/Jig-Head-Offset-Articulado-Football-EWG-vermelho.png?v=1679430838,kg,,,
chumbada-jig-head-offset-articulada-football-vermelha,,,,,,,,,20g,,,2/0,,,,,'40841308040620,20.0,,0,continue,manual,4.91,,true,false,,,,,,,,,,,,,,,,,,,,,,,,,,,,https://cdn.shopify.com/s/files/1/0454/5845/6736/products/Jig-Head-Offset-Articulado-Football-EWG-vermelho.png?v=1679430838,kg,,,
chumbada-jig-head-offset-articulada-football-vermelha,,,,,,,,,20g,,,3/0,,,,,'40841308040520,20.0,,-10,continue,manual,5.12,,true,false,,,,,,,,,,,,,,,,,,,,,,,,,,,,https://cdn.shopify.com/s/files/1/0454/5845/6736/products/Jig-Head-Offset-Articulado-Football-EWG-vermelho.png?v=1679430838,kg,,,
chumbada-jig-head-offset-articulada-football-vermelha,,,,,,,,,20g,,,4/0,,,,,'40841308040420,20.0,,-10,continue,manual,5.24,,true,false,,,,,,,,,,,,,,,,,,,,,,,,,,,,https://cdn.shopify.com/s/files/1/0454/5845/6736/products/Jig-Head-Offset-Articulado-Football-EWG-vermelho.png?v=1679430838,kg,,,
chumbada-jig-head-offset-articulada-football-vermelha,,,,,,,,,20g,,,5/0,,,,,'40841308040320,20.0,,0,continue,manual,5.48,,true,false,,,,,,,,,,,,,,,,,,,,,,,,,,,,https://cdn.shopify.com/s/files/1/0454/5845/6736/products/Jig-Head-Offset-Articulado-Football-EWG-vermelho.png?v=1679430838,kg,,,
chumbada-jig-head-offset-articulada-football-vermelha,,,,,,,,,20g,,,6/0,,,,,'40841308040220,20.0,,0,continue,manual,5.66,,true,false,,,,,,,,,,,,,,,,,,,,,,,,,,,,https://cdn.shopify.com/s/files/1/0454/5845/6736/products/Jig-Head-Offset-Articulado-Football-EWG-vermelho.png?v=1679430838,kg,,,
chumbada-jig-head-offset-articulada-football-vermelha,,,,,,,,,20g,,,7/0,,,,,'40841308040120,20.0,shopify,0,deny,manual,5.84,,true,false,,,,,,,,,,,,,,,,,,,,,,,,,,,,https://cdn.shopify.com/s/files/1/0454/5845/6736/products/Jig-Head-Offset-Articulado-Football-EWG-vermelho.png?v=1679430838,kg,,,
chumbada-jig-head-offset-articulado-esferico-ewg-amarela,Anzol Jig Head Offset Articulado Esférico EWG Amarela,<p>Chumbada Jig Head Offset Articulado Esférico EWG Amarela</p>,Chumbada Oficial,,"","Amarela, Anzol, Articulado, Colorido, Esférico, EWG, Jig Head, Jig Head Offset, Offset, Todos",true,Peso,5g,,Tamanho do Anzol,2#,,,,,'40851308060905,5.0,,-20,continue,manual,3.21,,true,false,,,,,,https://cdn.shopify.com/s/files/1/0454/5845/6736/products/Jig-Head-Articulado-Esferico-amarelo_d84b34e7-5cb5-4555-863e-7721a3fecbc8.png?v=1679599304,1,Chumbada Jig Head Offset Articulado Esférico EWG Amarela,false,,,,,,,,,,,,,,,,,,,https://cdn.shopify.com/s/files/1/0454/5845/6736/products/Jig-Head-Articulado-Esferico-amarelo_d84b34e7-5cb5-4555-863e-7721a3fecbc8.png?v=1679599304,kg,,,active
chumbada-jig-head-offset-articulado-esferico-ewg-amarela,,,,,,,,,5g,,,1#,,,,,'40851308060805,5.0,shopify,0,deny,manual,3.21,,true,false,,,,,,,,,,,,,,,,,,,,,,,,,,,,https://cdn.shopify.com/s/files/1/0454/5845/6736/products/Jig-Head-Articulado-Esferico-amarelo_d84b34e7-5cb5-4555-863e-7721a3fecbc8.png?v=1679599304,kg,,,
chumbada-jig-head-offset-articulado-esferico-ewg-amarela,,,,,,,,,5g,,,1/0,,,,,'40851308060705,5.0,,0,continue,manual,3.21,,true,false,,,,,,,,,,,,,,,,,,,,,,,,,,,,https://cdn.shopify.com/s/files/1/0454/5845/6736/products/Jig-Head-Articulado-Esferico-amarelo_d84b34e7-5cb5-4555-863e-7721a3fecbc8.png?v=1679599304,kg,,,
chumbada-jig-head-offset-articulado-esferico-ewg-amarela,,,,,,,,,5g,,,2/0,,,,,'40851308060605,5.0,,-10,continue,manual,3.54,,true,false,,,,,,,,,,,,,,,,,,,,,,,,,,,,https://cdn.shopify.com/s/files/1/0454/5845/6736/products/Jig-Head-Articulado-Esferico-amarelo_d84b34e7-5cb5-4555-863e-7721a3fecbc8.png?v=1679599304,kg,,,
chumbada-jig-head-offset-articulado-esferico-ewg-amarela,,,,,,,,,5g,,,3/0,,,,,'40851308060505,5.0,,-52,continue,manual,3.75,,true,false,,,,,,,,,,,,,,,,,,,,,,,,,,,,https://cdn.shopify.com/s/files/1/0454/5845/6736/products/Jig-Head-Articulado-Esferico-amarelo_d84b34e7-5cb5-4555-863e-7721a3fecbc8.png?v=1679599304,kg,,,
chumbada-jig-head-offset-articulado-esferico-ewg-amarela,,,,,,,,,5g,,,4/0,,,,,'40851308060405,5.0,,0,continue,manual,3.87,,true,false,,,,,,,,,,,,,,,,,,,,,,,,,,,,https://cdn.shopify.com/s/files/1/0454/5845/6736/products/Jig-Head-Articulado-Esferico-amarelo_d84b34e7-5cb5-4555-863e-7721a3fecbc8.png?v=1679599304,kg,,,
chumbada-jig-head-offset-articulado-esferico-ewg-amarela,,,,,,,,,5g,,,5/0,,,,,'40851308060305,5.0,,0,continue,manual,4.11,,true,false,,,,,,,,,,,,,,,,,,,,,,,,,,,,https://cdn.shopify.com/s/files/1/0454/5845/6736/products/Jig-Head-Articulado-Esferico-amarelo_d84b34e7-5cb5-4555-863e-7721a3fecbc8.png?v=1679599304,kg,,,
chumbada-jig-head-offset-articulado-esferico-ewg-amarela,,,,,,,,,5g,,,6/0,,,,,'40851308060205,5.0,,0,continue,manual,4.29,,true,false,,,,,,,,,,,,,,,,,,,,,,,,,,,,https://cdn.shopify.com/s/files/1/0454/5845/6736/products/Jig-Head-Articulado-Esferico-amarelo_d84b34e7-5cb5-4555-863e-7721a3fecbc8.png?v=1679599304,kg,,,
chumbada-jig-head-offset-articulado-esferico-ewg-amarela,,,,,,,,,5g,,,7/0,,,,,'40851308060105,5.0,shopify,0,deny,manual,4.46,,true,false,,,,,,,,,,,,,,,,,,,,,,,,,,,,https://cdn.shopify.com/s/files/1/0454/5845/6736/products/Jig-Head-Articulado-Esferico-amarelo_d84b34e7-5cb5-4555-863e-7721a3fecbc8.png?v=1679599304,kg,,,
chumbada-jig-head-offset-articulado-esferico-ewg-amarela,,,,,,,,,7g,,,2#,,,,,'40851308060907,7.0,,-20,continue,manual,3.21,,true,false,,,,,,,,,,,,,,,,,,,,,,,,,,,,https://cdn.shopify.com/s/files/1/0454/5845/6736/products/Jig-Head-Articulado-Esferico-amarelo_d84b34e7-5cb5-4555-863e-7721a3fecbc8.png?v=1679599304,kg,,,
chumbada-jig-head-offset-articulado-esferico-ewg-amarela,,,,,,,,,7g,,,1#,,,,,'40851308060807,7.0,shopify,0,deny,manual,3.21,,true,false,,,,,,,,,,,,,,,,,,,,,,,,,,,,https://cdn.shopify.com/s/files/1/0454/5845/6736/products/Jig-Head-Articulado-Esferico-amarelo_d84b34e7-5cb5-4555-863e-7721a3fecbc8.png?v=1679599304,kg,,,
chumbada-jig-head-offset-articulado-esferico-ewg-amarela,,,,,,,,,7g,,,1/0,,,,,'40851308060707,7.0,,0,continue,manual,3.21,,true,false,,,,,,,,,,,,,,,,,,,,,,,,,,,,https://cdn.shopify.com/s/files/1/0454/5845/6736/products/Jig-Head-Articulado-Esferico-amarelo_d84b34e7-5cb5-4555-863e-7721a3fecbc8.png?v=1679599304,kg,,,
chumbada-jig-head-offset-articulado-esferico-ewg-amarela,,,,,,,,,7g,,,2/0,,,,,'40851308060607,7.0,,-10,continue,manual,3.54,,true,false,,,,,,,,,,,,,,,,,,,,,,,,,,,,https://cdn.shopify.com/s/files/1/0454/5845/6736/products/Jig-Head-Articulado-Esferico-amarelo_d84b34e7-5cb5-4555-863e-7721a3fecbc8.png?v=1679599304,kg,,,
chumbada-jig-head-offset-articulado-esferico-ewg-amarela,,,,,,,,,7g,,,3/0,,,,,'40851308060507,7.0,,-10,continue,manual,3.75,,true,false,,,,,,,,,,,,,,,,,,,,,,,,,,,,https://cdn.shopify.com/s/files/1/0454/5845/6736/products/Jig-Head-Articulado-Esferico-amarelo_d84b34e7-5cb5-4555-863e-7721a3fecbc8.png?v=1679599304,kg,,,
chumbada-jig-head-offset-articulado-esferico-ewg-amarela,,,,,,,,,7g,,,4/0,,,,,'40851308060407,7.0,,0,continue,manual,3.87,,true,false,,,,,,,,,,,,,,,,,,,,,,,,,,,,https://cdn.shopify.com/s/files/1/0454/5845/6736/products/Jig-Head-Articulado-Esferico-amarelo_d84b34e7-5cb5-4555-863e-7721a3fecbc8.png?v=1679599304,kg,,,
chumbada-jig-head-offset-articulado-esferico-ewg-amarela,,,,,,,,,7g,,,5/0,,,,,'40851308060307,7.0,,0,continue,manual,4.11,,true,false,,,,,,,,,,,,,,,,,,,,,,,,,,,,https://cdn.shopify.com/s/files/1/0454/5845/6736/products/Jig-Head-Articulado-Esferico-amarelo_d84b34e7-5cb5-4555-863e-7721a3fecbc8.png?v=1679599304,kg,,,
chumbada-jig-head-offset-articulado-esferico-ewg-amarela,,,,,,,,,7g,,,6/0,,,,,'40851308060207,7.0,,0,continue,manual,4.29,,true,false,,,,,,,,,,,,,,,,,,,,,,,,,,,,https://cdn.shopify.com/s/files/1/0454/5845/6736/products/Jig-Head-Articulado-Esferico-amarelo_d84b34e7-5cb5-4555-863e-7721a3fecbc8.png?v=1679599304,kg,,,
chumbada-jig-head-offset-articulado-esferico-ewg-amarela,,,,,,,,,7g,,,7/0,,,,,'40851308060107,7.0,shopify,0,deny,manual,4.46,,true,false,,,,,,,,,,,,,,,,,,,,,,,,,,,,https://cdn.shopify.com/s/files/1/0454/5845/6736/products/Jig-Head-Articulado-Esferico-amarelo_d84b34e7-5cb5-4555-863e-7721a3fecbc8.png?v=1679599304,kg,,,
chumbada-jig-head-offset-articulado-esferico-ewg-amarela,,,,,,,,,9g,,,2#,,,,,'40851308060909,9.0,,0,continue,manual,3.21,,true,false,,,,,,,,,,,,,,,,,,,,,,,,,,,,https://cdn.shopify.com/s/files/1/0454/5845/6736/products/Jig-Head-Articulado-Esferico-amarelo_d84b34e7-5cb5-4555-863e-7721a3fecbc8.png?v=1679599304,kg,,,
chumbada-jig-head-offset-articulado-esferico-ewg-amarela,,,,,,,,,9g,,,1#,,,,,'40851308060809,9.0,shopify,0,deny,manual,3.21,,true,false,,,,,,,,,,,,,,,,,,,,,,,,,,,,https://cdn.shopify.com/s/files/1/0454/5845/6736/products/Jig-Head-Articulado-Esferico-amarelo_d84b34e7-5cb5-4555-863e-7721a3fecbc8.png?v=1679599304,kg,,,
chumbada-jig-head-offset-articulado-esferico-ewg-amarela,,,,,,,,,9g,,,1/0,,,,,'40851308060709,9.0,,0,continue,manual,3.21,,true,false,,,,,,,,,,,,,,,,,,,,,,,,,,,,https://cdn.shopify.com/s/files/1/0454/5845/6736/products/Jig-Head-Articulado-Esferico-amarelo_d84b34e7-5cb5-4555-863e-7721a3fecbc8.png?v=1679599304,kg,,,
chumbada-jig-head-offset-articulado-esferico-ewg-amarela,,,,,,,,,9g,,,2/0,,,,,'40851308060609,9.0,,-10,continue,manual,3.54,,true,false,,,,,,,,,,,,,,,,,,,,,,,,,,,,https://cdn.shopify.com/s/files/1/0454/5845/6736/products/Jig-Head-Articulado-Esferico-amarelo_d84b34e7-5cb5-4555-863e-7721a3fecbc8.png?v=1679599304,kg,,,
chumbada-jig-head-offset-articulado-esferico-ewg-amarela,,,,,,,,,9g,,,3/0,,,,,'40851308060509,9.0,,-50,continue,manual,3.75,,true,false,,,,,,,,,,,,,,,,,,,,,,,,,,,,https://cdn.shopify.com/s/files/1/0454/5845/6736/products/Jig-Head-Articulado-Esferico-amarelo_d84b34e7-5cb5-4555-863e-7721a3fecbc8.png?v=1679599304,kg,,,
chumbada-jig-head-offset-articulado-esferico-ewg-amarela,,,,,,,,,9g,,,4/0,,,,,'40851308060409,9.0,,0,continue,manual,3.87,,true,false,,,,,,,,,,,,,,,,,,,,,,,,,,,,https://cdn.shopify.com/s/files/1/0454/5845/6736/products/Jig-Head-Articulado-Esferico-amarelo_d84b34e7-5cb5-4555-863e-7721a3fecbc8.png?v=1679599304,kg,,,
chumbada-jig-head-offset-articulado-esferico-ewg-amarela,,,,,,,,,9g,,,5/0,,,,,'40851308060309,9.0,,0,continue,manual,4.11,,true,false,,,,,,,,,,,,,,,,,,,,,,,,,,,,https://cdn.shopify.com/s/files/1/0454/5845/6736/products/Jig-Head-Articulado-Esferico-amarelo_d84b34e7-5cb5-4555-863e-7721a3fecbc8.png?v=1679599304,kg,,,
chumbada-jig-head-offset-articulado-esferico-ewg-amarela,,,,,,,,,9g,,,6/0,,,,,'40851308060209,9.0,,0,continue,manual,4.29,,true,false,,,,,,,,,,,,,,,,,,,,,,,,,,,,https://cdn.shopify.com/s/files/1/0454/5845/6736/products/Jig-Head-Articulado-Esferico-amarelo_d84b34e7-5cb5-4555-863e-7721a3fecbc8.png?v=1679599304,kg,,,
chumbada-jig-head-offset-articulado-esferico-ewg-amarela,,,,,,,,,9g,,,7/0,,,,,'40851308060109,9.0,shopify,0,deny,manual,4.46,,true,false,,,,,,,,,,,,,,,,,,,,,,,,,,,,https://cdn.shopify.com/s/files/1/0454/5845/6736/products/Jig-Head-Articulado-Esferico-amarelo_d84b34e7-5cb5-4555-863e-7721a3fecbc8.png?v=1679599304,kg,,,
chumbada-jig-head-offset-articulado-esferico-ewg-amarela,,,,,,,,,12g,,,2#,,,,,'40851308060912,12.0,,0,continue,manual,4.07,,true,false,,,,,,,,,,,,,,,,,,,,,,,,,,,,https://cdn.shopify.com/s/files/1/0454/5845/6736/products/Jig-Head-Articulado-Esferico-amarelo_d84b34e7-5cb5-4555-863e-7721a3fecbc8.png?v=1679599304,kg,,,
chumbada-jig-head-offset-articulado-esferico-ewg-amarela,,,,,,,,,12g,,,1#,,,,,'40851308060812,12.0,shopify,0,deny,manual,4.07,,true,false,,,,,,,,,,,,,,,,,,,,,,,,,,,,https://cdn.shopify.com/s/files/1/0454/5845/6736/products/Jig-Head-Articulado-Esferico-amarelo_d84b34e7-5cb5-4555-863e-7721a3fecbc8.png?v=1679599304,kg,,,
chumbada-jig-head-offset-articulado-esferico-ewg-amarela,,,,,,,,,12g,,,1/0,,,,,'40851308060712,12.0,,0,continue,manual,4.07,,true,false,,,,,,,,,,,,,,,,,,,,,,,,,,,,https://cdn.shopify.com/s/files/1/0454/5845/6736/products/Jig-Head-Articulado-Esferico-amarelo_d84b34e7-5cb5-4555-863e-7721a3fecbc8.png?v=1679599304,kg,,,
chumbada-jig-head-offset-articulado-esferico-ewg-amarela,,,,,,,,,12g,,,2/0,,,,,'40851308060612,12.0,,-30,continue,manual,4.40,,true,false,,,,,,,,,,,,,,,,,,,,,,,,,,,,https://cdn.shopify.com/s/files/1/0454/5845/6736/products/Jig-Head-Articulado-Esferico-amarelo_d84b34e7-5cb5-4555-863e-7721a3fecbc8.png?v=1679599304,kg,,,
chumbada-jig-head-offset-articulado-esferico-ewg-amarela,,,,,,,,,12g,,,3/0,,,,,'40851308060512,12.0,,-76,continue,manual,4.61,,true,false,,,,,,,,,,,,,,,,,,,,,,,,,,,,https://cdn.shopify.com/s/files/1/0454/5845/6736/products/Jig-Head-Articulado-Esferico-amarelo_d84b34e7-5cb5-4555-863e-7721a3fecbc8.png?v=1679599304,kg,,,
chumbada-jig-head-offset-articulado-esferico-ewg-amarela,,,,,,,,,12g,,,4/0,,,,,'40851308060412,12.0,,-10,continue,manual,4.73,,true,false,,,,,,,,,,,,,,,,,,,,,,,,,,,,https://cdn.shopify.com/s/files/1/0454/5845/6736/products/Jig-Head-Articulado-Esferico-amarelo_d84b34e7-5cb5-4555-863e-7721a3fecbc8.png?v=1679599304,kg,,,
chumbada-jig-head-offset-articulado-esferico-ewg-amarela,,,,,,,,,12g,,,5/0,,,,,'40851308060312,12.0,,-10,continue,manual,4.97,,true,false,,,,,,,,,,,,,,,,,,,,,,,,,,,,https://cdn.shopify.com/s/files/1/0454/5845/6736/products/Jig-Head-Articulado-Esferico-amarelo_d84b34e7-5cb5-4555-863e-7721a3fecbc8.png?v=1679599304,kg,,,
chumbada-jig-head-offset-articulado-esferico-ewg-amarela,,,,,,,,,12g,,,6/0,,,,,'40851308060212,12.0,,0,continue,manual,5.15,,true,false,,,,,,,,,,,,,,,,,,,,,,,,,,,,https://cdn.shopify.com/s/files/1/0454/5845/6736/products/Jig-Head-Articulado-Esferico-amarelo_d84b34e7-5cb5-4555-863e-7721a3fecbc8.png?v=1679599304,kg,,,
chumbada-jig-head-offset-articulado-esferico-ewg-amarela,,,,,,,,,12g,,,7/0,,,,,'40851308060112,12.0,shopify,0,deny,manual,5.32,,true,false,,,,,,,,,,,,,,,,,,,,,,,,,,,,https://cdn.shopify.com/s/files/1/0454/5845/6736/products/Jig-Head-Articulado-Esferico-amarelo_d84b34e7-5cb5-4555-863e-7721a3fecbc8.png?v=1679599304,kg,,,
chumbada-jig-head-offset-articulado-esferico-ewg-amarela,,,,,,,,,14g,,,2#,,,,,'40851308060914,14.0,,0,continue,manual,4.07,,true,false,,,,,,,,,,,,,,,,,,,,,,,,,,,,https://cdn.shopify.com/s/files/1/0454/5845/6736/products/Jig-Head-Articulado-Esferico-amarelo_d84b34e7-5cb5-4555-863e-7721a3fecbc8.png?v=1679599304,kg,,,
chumbada-jig-head-offset-articulado-esferico-ewg-amarela,,,,,,,,,14g,,,1#,,,,,'40851308060814,14.0,shopify,0,deny,manual,4.07,,true,false,,,,,,,,,,,,,,,,,,,,,,,,,,,,https://cdn.shopify.com/s/files/1/0454/5845/6736/products/Jig-Head-Articulado-Esferico-amarelo_d84b34e7-5cb5-4555-863e-7721a3fecbc8.png?v=1679599304,kg,,,
chumbada-jig-head-offset-articulado-esferico-ewg-amarela,,,,,,,,,14g,,,1/0,,,,,'40851308060714,14.0,,0,continue,manual,4.07,,true,false,,,,,,,,,,,,,,,,,,,,,,,,,,,,https://cdn.shopify.com/s/files/1/0454/5845/6736/products/Jig-Head-Articulado-Esferico-amarelo_d84b34e7-5cb5-4555-863e-7721a3fecbc8.png?v=1679599304,kg,,,
chumbada-jig-head-offset-articulado-esferico-ewg-amarela,,,,,,,,,14g,,,2/0,,,,,'40851308060614,14.0,,-5,continue,manual,4.40,,true,false,,,,,,,,,,,,,,,,,,,,,,,,,,,,https://cdn.shopify.com/s/files/1/0454/5845/6736/products/Jig-Head-Articulado-Esferico-amarelo_d84b34e7-5cb5-4555-863e-7721a3fecbc8.png?v=1679599304,kg,,,
chumbada-jig-head-offset-articulado-esferico-ewg-amarela,,,,,,,,,14g,,,3/0,,,,,'40851308060514,14.0,,-10,continue,manual,4.61,,true,false,,,,,,,,,,,,,,,,,,,,,,,,,,,,https://cdn.shopify.com/s/files/1/0454/5845/6736/products/Jig-Head-Articulado-Esferico-amarelo_d84b34e7-5cb5-4555-863e-7721a3fecbc8.png?v=1679599304,kg,,,
chumbada-jig-head-offset-articulado-esferico-ewg-amarela,,,,,,,,,14g,,,4/0,,,,,'40851308060414,14.0,,-10,continue,manual,4.73,,true,false,,,,,,,,,,,,,,,,,,,,,,,,,,,,https://cdn.shopify.com/s/files/1/0454/5845/6736/products/Jig-Head-Articulado-Esferico-amarelo_d84b34e7-5cb5-4555-863e-7721a3fecbc8.png?v=1679599304,kg,,,
chumbada-jig-head-offset-articulado-esferico-ewg-amarela,,,,,,,,,14g,,,5/0,,,,,'40851308060314,14.0,,-10,continue,manual,4.97,,true,false,,,,,,,,,,,,,,,,,,,,,,,,,,,,https://cdn.shopify.com/s/files/1/0454/5845/6736/products/Jig-Head-Articulado-Esferico-amarelo_d84b34e7-5cb5-4555-863e-7721a3fecbc8.png?v=1679599304,kg,,,
chumbada-jig-head-offset-articulado-esferico-ewg-amarela,,,,,,,,,14g,,,6/0,,,,,'40851308060214,14.0,,0,continue,manual,5.15,,true,false,,,,,,,,,,,,,,,,,,,,,,,,,,,,https://cdn.shopify.com/s/files/1/0454/5845/6736/products/Jig-Head-Articulado-Esferico-amarelo_d84b34e7-5cb5-4555-863e-7721a3fecbc8.png?v=1679599304,kg,,,
chumbada-jig-head-offset-articulado-esferico-ewg-amarela,,,,,,,,,14g,,,7/0,,,,,'40851308060114,14.0,shopify,0,deny,manual,5.32,,true,false,,,,,,,,,,,,,,,,,,,,,,,,,,,,https://cdn.shopify.com/s/files/1/0454/5845/6736/products/Jig-Head-Articulado-Esferico-amarelo_d84b34e7-5cb5-4555-863e-7721a3fecbc8.png?v=1679599304,kg,,,
chumbada-jig-head-offset-articulado-esferico-ewg-amarela,,,,,,,,,16g,,,2#,,,,,'40851308060916,16.0,,0,continue,manual,4.07,,true,false,,,,,,,,,,,,,,,,,,,,,,,,,,,,https://cdn.shopify.com/s/files/1/0454/5845/6736/products/Jig-Head-Articulado-Esferico-amarelo_d84b34e7-5cb5-4555-863e-7721a3fecbc8.png?v=1679599304,kg,,,
chumbada-jig-head-offset-articulado-esferico-ewg-amarela,,,,,,,,,16g,,,1#,,,,,'40851308060816,16.0,shopify,0,deny,manual,4.07,,true,false,,,,,,,,,,,,,,,,,,,,,,,,,,,,https://cdn.shopify.com/s/files/1/0454/5845/6736/products/Jig-Head-Articulado-Esferico-amarelo_d84b34e7-5cb5-4555-863e-7721a3fecbc8.png?v=1679599304,kg,,,
chumbada-jig-head-offset-articulado-esferico-ewg-amarela,,,,,,,,,16g,,,1/0,,,,,'40851308060716,16.0,,0,continue,manual,4.07,,true,false,,,,,,,,,,,,,,,,,,,,,,,,,,,,https://cdn.shopify.com/s/files/1/0454/5845/6736/products/Jig-Head-Articulado-Esferico-amarelo_d84b34e7-5cb5-4555-863e-7721a3fecbc8.png?v=1679599304,kg,,,
chumbada-jig-head-offset-articulado-esferico-ewg-amarela,,,,,,,,,16g,,,2/0,,,,,'40851308060616,16.0,,-10,continue,manual,4.40,,true,false,,,,,,,,,,,,,,,,,,,,,,,,,,,,https://cdn.shopify.com/s/files/1/0454/5845/6736/products/Jig-Head-Articulado-Esferico-amarelo_d84b34e7-5cb5-4555-863e-7721a3fecbc8.png?v=1679599304,kg,,,
chumbada-jig-head-offset-articulado-esferico-ewg-amarela,,,,,,,,,16g,,,3/0,,,,,'40851308060516,16.0,,-20,continue,manual,4.61,,true,false,,,,,,,,,,,,,,,,,,,,,,,,,,,,https://cdn.shopify.com/s/files/1/0454/5845/6736/products/Jig-Head-Articulado-Esferico-amarelo_d84b34e7-5cb5-4555-863e-7721a3fecbc8.png?v=1679599304,kg,,,
chumbada-jig-head-offset-articulado-esferico-ewg-amarela,,,,,,,,,16g,,,4/0,,,,,'40851308060416,16.0,,-10,continue,manual,4.73,,true,false,,,,,,,,,,,,,,,,,,,,,,,,,,,,https://cdn.shopify.com/s/files/1/0454/5845/6736/products/Jig-Head-Articulado-Esferico-amarelo_d84b34e7-5cb5-4555-863e-7721a3fecbc8.png?v=1679599304,kg,,,
chumbada-jig-head-offset-articulado-esferico-ewg-amarela,,,,,,,,,16g,,,5/0,,,,,'40851308060316,16.0,,-10,continue,manual,4.97,,true,false,,,,,,,,,,,,,,,,,,,,,,,,,,,,https://cdn.shopify.com/s/files/1/0454/5845/6736/products/Jig-Head-Articulado-Esferico-amarelo_d84b34e7-5cb5-4555-863e-7721a3fecbc8.png?v=1679599304,kg,,,
chumbada-jig-head-offset-articulado-esferico-ewg-amarela,,,,,,,,,16g,,,6/0,,,,,'40851308060216,16.0,,0,continue,manual,5.15,,true,false,,,,,,,,,,,,,,,,,,,,,,,,,,,,https://cdn.shopify.com/s/files/1/0454/5845/6736/products/Jig-Head-Articulado-Esferico-amarelo_d84b34e7-5cb5-4555-863e-7721a3fecbc8.png?v=1679599304,kg,,,
chumbada-jig-head-offset-articulado-esferico-ewg-amarela,,,,,,,,,16g,,,7/0,,,,,'40851308060116,16.0,shopify,0,deny,manual,5.32,,true,false,,,,,,,,,,,,,,,,,,,,,,,,,,,,https://cdn.shopify.com/s/files/1/0454/5845/6736/products/Jig-Head-Articulado-Esferico-amarelo_d84b34e7-5cb5-4555-863e-7721a3fecbc8.png?v=1679599304,kg,,,
chumbada-jig-head-offset-articulado-esferico-ewg-laranja,Anzol Jig Head Offset Articulado Esférico EWG Laranja,<p>Chumbada Jig Head Offset Articulado Esférico EWG Laranja</p>,Chumbada Oficial,,"","Anzol, Articulado, Colorido, Esférico, EWG, Jig Head, Jig Head Offset, Laranja, Offset, Todos",true,Peso,5g,,Tamanho do Anzol,2#,,,,,'40851308050905,5.0,,0,continue,manual,3.21,,true,false,,,,,,https://cdn.shopify.com/s/files/1/0454/5845/6736/products/Jig-Head-Articulado-Esferico-laranja_c9fd07d9-64bb-4310-a594-4a796ceaaad0.png?v=1679599317,1,Chumbada Jig Head Offset Articulado Esférico EWG Laranja,false,,,,,,,,,,,,,,,,,,,https://cdn.shopify.com/s/files/1/0454/5845/6736/products/Jig-Head-Articulado-Esferico-laranja_c9fd07d9-64bb-4310-a594-4a796ceaaad0.png?v=1679599317,kg,,,active
chumbada-jig-head-offset-articulado-esferico-ewg-laranja,,,,,,,,,5g,,,1#,,,,,'40851308050805,5.0,shopify,0,deny,manual,3.21,,true,false,,,,,,,,,,,,,,,,,,,,,,,,,,,,https://cdn.shopify.com/s/files/1/0454/5845/6736/products/Jig-Head-Articulado-Esferico-laranja_c9fd07d9-64bb-4310-a594-4a796ceaaad0.png?v=1679599317,kg,,,
chumbada-jig-head-offset-articulado-esferico-ewg-laranja,,,,,,,,,5g,,,1/0,,,,,'40851308050705,5.0,,-10,continue,manual,3.21,,true,false,,,,,,,,,,,,,,,,,,,,,,,,,,,,https://cdn.shopify.com/s/files/1/0454/5845/6736/products/Jig-Head-Articulado-Esferico-laranja_c9fd07d9-64bb-4310-a594-4a796ceaaad0.png?v=1679599317,kg,,,
chumbada-jig-head-offset-articulado-esferico-ewg-laranja,,,,,,,,,5g,,,2/0,,,,,'40851308050605,5.0,,-10,continue,manual,3.54,,true,false,,,,,,,,,,,,,,,,,,,,,,,,,,,,https://cdn.shopify.com/s/files/1/0454/5845/6736/products/Jig-Head-Articulado-Esferico-laranja_c9fd07d9-64bb-4310-a594-4a796ceaaad0.png?v=1679599317,kg,,,
chumbada-jig-head-offset-articulado-esferico-ewg-laranja,,,,,,,,,5g,,,3/0,,,,,'40851308050505,5.0,,0,continue,manual,3.75,,true,false,,,,,,,,,,,,,,,,,,,,,,,,,,,,https://cdn.shopify.com/s/files/1/0454/5845/6736/products/Jig-Head-Articulado-Esferico-laranja_c9fd07d9-64bb-4310-a594-4a796ceaaad0.png?v=1679599317,kg,,,
chumbada-jig-head-offset-articulado-esferico-ewg-laranja,,,,,,,,,5g,,,4/0,,,,,'40851308050405,5.0,,0,continue,manual,3.87,,true,false,,,,,,,,,,,,,,,,,,,,,,,,,,,,https://cdn.shopify.com/s/files/1/0454/5845/6736/products/Jig-Head-Articulado-Esferico-laranja_c9fd07d9-64bb-4310-a594-4a796ceaaad0.png?v=1679599317,kg,,,
chumbada-jig-head-offset-articulado-esferico-ewg-laranja,,,,,,,,,5g,,,5/0,,,,,'40851308050305,5.0,,0,continue,manual,4.11,,true,false,,,,,,,,,,,,,,,,,,,,,,,,,,,,https://cdn.shopify.com/s/files/1/0454/5845/6736/products/Jig-Head-Articulado-Esferico-laranja_c9fd07d9-64bb-4310-a594-4a796ceaaad0.png?v=1679599317,kg,,,
chumbada-jig-head-offset-articulado-esferico-ewg-laranja,,,,,,,,,5g,,,6/0,,,,,'40851308050205,5.0,,0,continue,manual,4.29,,true,false,,,,,,,,,,,,,,,,,,,,,,,,,,,,https://cdn.shopify.com/s/files/1/0454/5845/6736/products/Jig-Head-Articulado-Esferico-laranja_c9fd07d9-64bb-4310-a594-4a796ceaaad0.png?v=1679599317,kg,,,
chumbada-jig-head-offset-articulado-esferico-ewg-laranja,,,,,,,,,5g,,,7/0,,,,,'40851308050105,5.0,shopify,0,deny,manual,4.46,,true,false,,,,,,,,,,,,,,,,,,,,,,,,,,,,https://cdn.shopify.com/s/files/1/0454/5845/6736/products/Jig-Head-Articulado-Esferico-laranja_c9fd07d9-64bb-4310-a594-4a796ceaaad0.png?v=1679599317,kg,,,
chumbada-jig-head-offset-articulado-esferico-ewg-laranja,,,,,,,,,7g,,,2#,,,,,'40851308050907,7.0,,0,continue,manual,3.21,,true,false,,,,,,,,,,,,,,,,,,,,,,,,,,,,https://cdn.shopify.com/s/files/1/0454/5845/6736/products/Jig-Head-Articulado-Esferico-laranja_c9fd07d9-64bb-4310-a594-4a796ceaaad0.png?v=1679599317,kg,,,
chumbada-jig-head-offset-articulado-esferico-ewg-laranja,,,,,,,,,7g,,,1#,,,,,'40851308050807,7.0,shopify,0,deny,manual,3.21,,true,false,,,,,,,,,,,,,,,,,,,,,,,,,,,,https://cdn.shopify.com/s/files/1/0454/5845/6736/products/Jig-Head-Articulado-Esferico-laranja_c9fd07d9-64bb-4310-a594-4a796ceaaad0.png?v=1679599317,kg,,,
chumbada-jig-head-offset-articulado-esferico-ewg-laranja,,,,,,,,,7g,,,1/0,,,,,'40851308050707,7.0,,0,continue,manual,3.21,,true,false,,,,,,,,,,,,,,,,,,,,,,,,,,,,https://cdn.shopify.com/s/files/1/0454/5845/6736/products/Jig-Head-Articulado-Esferico-laranja_c9fd07d9-64bb-4310-a594-4a796ceaaad0.png?v=1679599317,kg,,,
chumbada-jig-head-offset-articulado-esferico-ewg-laranja,,,,,,,,,7g,,,2/0,,,,,'40851308050607,7.0,,-10,continue,manual,3.54,,true,false,,,,,,,,,,,,,,,,,,,,,,,,,,,,https://cdn.shopify.com/s/files/1/0454/5845/6736/products/Jig-Head-Articulado-Esferico-laranja_c9fd07d9-64bb-4310-a594-4a796ceaaad0.png?v=1679599317,kg,,,
chumbada-jig-head-offset-articulado-esferico-ewg-laranja,,,,,,,,,7g,,,3/0,,,,,'40851308050507,7.0,,0,continue,manual,3.75,,true,false,,,,,,,,,,,,,,,,,,,,,,,,,,,,https://cdn.shopify.com/s/files/1/0454/5845/6736/products/Jig-Head-Articulado-Esferico-laranja_c9fd07d9-64bb-4310-a594-4a796ceaaad0.png?v=1679599317,kg,,,
chumbada-jig-head-offset-articulado-esferico-ewg-laranja,,,,,,,,,7g,,,4/0,,,,,'40851308050407,7.0,,0,continue,manual,3.87,,true,false,,,,,,,,,,,,,,,,,,,,,,,,,,,,https://cdn.shopify.com/s/files/1/0454/5845/6736/products/Jig-Head-Articulado-Esferico-laranja_c9fd07d9-64bb-4310-a594-4a796ceaaad0.png?v=1679599317,kg,,,
chumbada-jig-head-offset-articulado-esferico-ewg-laranja,,,,,,,,,7g,,,5/0,,,,,'40851308050307,7.0,,0,continue,manual,4.11,,true,false,,,,,,,,,,,,,,,,,,,,,,,,,,,,https://cdn.shopify.com/s/files/1/0454/5845/6736/products/Jig-Head-Articulado-Esferico-laranja_c9fd07d9-64bb-4310-a594-4a796ceaaad0.png?v=1679599317,kg,,,
chumbada-jig-head-offset-articulado-esferico-ewg-laranja,,,,,,,,,7g,,,6/0,,,,,'40851308050207,7.0,,0,continue,manual,4.29,,true,false,,,,,,,,,,,,,,,,,,,,,,,,,,,,https://cdn.shopify.com/s/files/1/0454/5845/6736/products/Jig-Head-Articulado-Esferico-laranja_c9fd07d9-64bb-4310-a594-4a796ceaaad0.png?v=1679599317,kg,,,
chumbada-jig-head-offset-articulado-esferico-ewg-laranja,,,,,,,,,7g,,,7/0,,,,,'40851308050107,7.0,shopify,0,deny,manual,4.46,,true,false,,,,,,,,,,,,,,,,,,,,,,,,,,,,https://cdn.shopify.com/s/files/1/0454/5845/6736/products/Jig-Head-Articulado-Esferico-laranja_c9fd07d9-64bb-4310-a594-4a796ceaaad0.png?v=1679599317,kg,,,
chumbada-jig-head-offset-articulado-esferico-ewg-laranja,,,,,,,,,9g,,,2#,,,,,'40851308050909,9.0,,0,continue,manual,3.21,,true,false,,,,,,,,,,,,,,,,,,,,,,,,,,,,https://cdn.shopify.com/s/files/1/0454/5845/6736/products/Jig-Head-Articulado-Esferico-laranja_c9fd07d9-64bb-4310-a594-4a796ceaaad0.png?v=1679599317,kg,,,
chumbada-jig-head-offset-articulado-esferico-ewg-laranja,,,,,,,,,9g,,,1#,,,,,'40851308050809,9.0,shopify,0,deny,manual,3.21,,true,false,,,,,,,,,,,,,,,,,,,,,,,,,,,,https://cdn.shopify.com/s/files/1/0454/5845/6736/products/Jig-Head-Articulado-Esferico-laranja_c9fd07d9-64bb-4310-a594-4a796ceaaad0.png?v=1679599317,kg,,,
chumbada-jig-head-offset-articulado-esferico-ewg-laranja,,,,,,,,,9g,,,1/0,,,,,'40851308050709,9.0,,0,continue,manual,3.21,,true,false,,,,,,,,,,,,,,,,,,,,,,,,,,,,https://cdn.shopify.com/s/files/1/0454/5845/6736/products/Jig-Head-Articulado-Esferico-laranja_c9fd07d9-64bb-4310-a594-4a796ceaaad0.png?v=1679599317,kg,,,
chumbada-jig-head-offset-articulado-esferico-ewg-laranja,,,,,,,,,9g,,,2/0,,,,,'40851308050609,9.0,,0,continue,manual,3.54,,true,false,,,,,,,,,,,,,,,,,,,,,,,,,,,,https://cdn.shopify.com/s/files/1/0454/5845/6736/products/Jig-Head-Articulado-Esferico-laranja_c9fd07d9-64bb-4310-a594-4a796ceaaad0.png?v=1679599317,kg,,,
chumbada-jig-head-offset-articulado-esferico-ewg-laranja,,,,,,,,,9g,,,3/0,,,,,'40851308050509,9.0,,0,continue,manual,3.75,,true,false,,,,,,,,,,,,,,,,,,,,,,,,,,,,https://cdn.shopify.com/s/files/1/0454/5845/6736/products/Jig-Head-Articulado-Esferico-laranja_c9fd07d9-64bb-4310-a594-4a796ceaaad0.png?v=1679599317,kg,,,
chumbada-jig-head-offset-articulado-esferico-ewg-laranja,,,,,,,,,9g,,,4/0,,,,,'40851308050409,9.0,,0,continue,manual,3.87,,true,false,,,,,,,,,,,,,,,,,,,,,,,,,,,,https://cdn.shopify.com/s/files/1/0454/5845/6736/products/Jig-Head-Articulado-Esferico-laranja_c9fd07d9-64bb-4310-a594-4a796ceaaad0.png?v=1679599317,kg,,,
chumbada-jig-head-offset-articulado-esferico-ewg-laranja,,,,,,,,,9g,,,5/0,,,,,'40851308050309,9.0,,0,continue,manual,4.11,,true,false,,,,,,,,,,,,,,,,,,,,,,,,,,,,https://cdn.shopify.com/s/files/1/0454/5845/6736/products/Jig-Head-Articulado-Esferico-laranja_c9fd07d9-64bb-4310-a594-4a796ceaaad0.png?v=1679599317,kg,,,
chumbada-jig-head-offset-articulado-esferico-ewg-laranja,,,,,,,,,9g,,,6/0,,,,,'40851308050209,9.0,,0,continue,manual,4.29,,true,false,,,,,,,,,,,,,,,,,,,,,,,,,,,,https://cdn.shopify.com/s/files/1/0454/5845/6736/products/Jig-Head-Articulado-Esferico-laranja_c9fd07d9-64bb-4310-a594-4a796ceaaad0.png?v=1679599317,kg,,,
chumbada-jig-head-offset-articulado-esferico-ewg-laranja,,,,,,,,,9g,,,7/0,,,,,'40851308050109,9.0,shopify,0,deny,manual,4.46,,true,false,,,,,,,,,,,,,,,,,,,,,,,,,,,,https://cdn.shopify.com/s/files/1/0454/5845/6736/products/Jig-Head-Articulado-Esferico-laranja_c9fd07d9-64bb-4310-a594-4a796ceaaad0.png?v=1679599317,kg,,,
chumbada-jig-head-offset-articulado-esferico-ewg-laranja,,,,,,,,,12g,,,2#,,,,,'40851308050912,12.0,,0,continue,manual,4.07,,true,false,,,,,,,,,,,,,,,,,,,,,,,,,,,,https://cdn.shopify.com/s/files/1/0454/5845/6736/products/Jig-Head-Articulado-Esferico-laranja_c9fd07d9-64bb-4310-a594-4a796ceaaad0.png?v=1679599317,kg,,,
chumbada-jig-head-offset-articulado-esferico-ewg-laranja,,,,,,,,,12g,,,1#,,,,,'40851308050812,12.0,shopify,0,deny,manual,4.07,,true,false,,,,,,,,,,,,,,,,,,,,,,,,,,,,https://cdn.shopify.com/s/files/1/0454/5845/6736/products/Jig-Head-Articulado-Esferico-laranja_c9fd07d9-64bb-4310-a594-4a796ceaaad0.png?v=1679599317,kg,,,
chumbada-jig-head-offset-articulado-esferico-ewg-laranja,,,,,,,,,12g,,,1/0,,,,,'40851308050712,12.0,,0,continue,manual,4.07,,true,false,,,,,,,,,,,,,,,,,,,,,,,,,,,,https://cdn.shopify.com/s/files/1/0454/5845/6736/products/Jig-Head-Articulado-Esferico-laranja_c9fd07d9-64bb-4310-a594-4a796ceaaad0.png?v=1679599317,kg,,,
chumbada-jig-head-offset-articulado-esferico-ewg-laranja,,,,,,,,,12g,,,2/0,,,,,'40851308050612,12.0,,0,continue,manual,4.40,,true,false,,,,,,,,,,,,,,,,,,,,,,,,,,,,https://cdn.shopify.com/s/files/1/0454/5845/6736/products/Jig-Head-Articulado-Esferico-laranja_c9fd07d9-64bb-4310-a594-4a796ceaaad0.png?v=1679599317,kg,,,
chumbada-jig-head-offset-articulado-esferico-ewg-laranja,,,,,,,,,12g,,,3/0,,,,,'40851308050512,12.0,,-6,continue,manual,4.61,,true,false,,,,,,,,,,,,,,,,,,,,,,,,,,,,https://cdn.shopify.com/s/files/1/0454/5845/6736/products/Jig-Head-Articulado-Esferico-laranja_c9fd07d9-64bb-4310-a594-4a796ceaaad0.png?v=1679599317,kg,,,
chumbada-jig-head-offset-articulado-esferico-ewg-laranja,,,,,,,,,12g,,,4/0,,,,,'40851308050412,12.0,,-10,continue,manual,4.73,,true,false,,,,,,,,,,,,,,,,,,,,,,,,,,,,https://cdn.shopify.com/s/files/1/0454/5845/6736/products/Jig-Head-Articulado-Esferico-laranja_c9fd07d9-64bb-4310-a594-4a796ceaaad0.png?v=1679599317,kg,,,
chumbada-jig-head-offset-articulado-esferico-ewg-laranja,,,,,,,,,12g,,,5/0,,,,,'40851308050312,12.0,,0,continue,manual,4.97,,true,false,,,,,,,,,,,,,,,,,,,,,,,,,,,,https://cdn.shopify.com/s/files/1/0454/5845/6736/products/Jig-Head-Articulado-Esferico-laranja_c9fd07d9-64bb-4310-a594-4a796ceaaad0.png?v=1679599317,kg,,,
chumbada-jig-head-offset-articulado-esferico-ewg-laranja,,,,,,,,,12g,,,6/0,,,,,'40851308050212,12.0,,0,continue,manual,5.15,,true,false,,,,,,,,,,,,,,,,,,,,,,,,,,,,https://cdn.shopify.com/s/files/1/0454/5845/6736/products/Jig-Head-Articulado-Esferico-laranja_c9fd07d9-64bb-4310-a594-4a796ceaaad0.png?v=1679599317,kg,,,
chumbada-jig-head-offset-articulado-esferico-ewg-laranja,,,,,,,,,12g,,,7/0,,,,,'40851308050112,12.0,shopify,0,deny,manual,5.32,,true,false,,,,,,,,,,,,,,,,,,,,,,,,,,,,https://cdn.shopify.com/s/files/1/0454/5845/6736/products/Jig-Head-Articulado-Esferico-laranja_c9fd07d9-64bb-4310-a594-4a796ceaaad0.png?v=1679599317,kg,,,
chumbada-jig-head-offset-articulado-esferico-ewg-laranja,,,,,,,,,14g,,,2#,,,,,'40851308050914,14.0,,0,continue,manual,4.07,,true,false,,,,,,,,,,,,,,,,,,,,,,,,,,,,https://cdn.shopify.com/s/files/1/0454/5845/6736/products/Jig-Head-Articulado-Esferico-laranja_c9fd07d9-64bb-4310-a594-4a796ceaaad0.png?v=1679599317,kg,,,
chumbada-jig-head-offset-articulado-esferico-ewg-laranja,,,,,,,,,14g,,,1#,,,,,'40851308050814,14.0,shopify,0,deny,manual,4.07,,true,false,,,,,,,,,,,,,,,,,,,,,,,,,,,,https://cdn.shopify.com/s/files/1/0454/5845/6736/products/Jig-Head-Articulado-Esferico-laranja_c9fd07d9-64bb-4310-a594-4a796ceaaad0.png?v=1679599317,kg,,,
chumbada-jig-head-offset-articulado-esferico-ewg-laranja,,,,,,,,,14g,,,1/0,,,,,'40851308050714,14.0,,0,continue,manual,4.07,,true,false,,,,,,,,,,,,,,,,,,,,,,,,,,,,https://cdn.shopify.com/s/files/1/0454/5845/6736/products/Jig-Head-Articulado-Esferico-laranja_c9fd07d9-64bb-4310-a594-4a796ceaaad0.png?v=1679599317,kg,,,
chumbada-jig-head-offset-articulado-esferico-ewg-laranja,,,,,,,,,14g,,,2/0,,,,,'40851308050614,14.0,,0,continue,manual,4.40,,true,false,,,,,,,,,,,,,,,,,,,,,,,,,,,,https://cdn.shopify.com/s/files/1/0454/5845/6736/products/Jig-Head-Articulado-Esferico-laranja_c9fd07d9-64bb-4310-a594-4a796ceaaad0.png?v=1679599317,kg,,,
chumbada-jig-head-offset-articulado-esferico-ewg-laranja,,,,,,,,,14g,,,3/0,,,,,'40851308050514,14.0,,0,continue,manual,4.61,,true,false,,,,,,,,,,,,,,,,,,,,,,,,,,,,https://cdn.shopify.com/s/files/1/0454/5845/6736/products/Jig-Head-Articulado-Esferico-laranja_c9fd07d9-64bb-4310-a594-4a796ceaaad0.png?v=1679599317,kg,,,
chumbada-jig-head-offset-articulado-esferico-ewg-laranja,,,,,,,,,14g,,,4/0,,,,,'40851308050414,14.0,,0,continue,manual,4.73,,true,false,,,,,,,,,,,,,,,,,,,,,,,,,,,,https://cdn.shopify.com/s/files/1/0454/5845/6736/products/Jig-Head-Articulado-Esferico-laranja_c9fd07d9-64bb-4310-a594-4a796ceaaad0.png?v=1679599317,kg,,,
chumbada-jig-head-offset-articulado-esferico-ewg-laranja,,,,,,,,,14g,,,5/0,,,,,'40851308050314,14.0,,0,continue,manual,4.97,,true,false,,,,,,,,,,,,,,,,,,,,,,,,,,,,https://cdn.shopify.com/s/files/1/0454/5845/6736/products/Jig-Head-Articulado-Esferico-laranja_c9fd07d9-64bb-4310-a594-4a796ceaaad0.png?v=1679599317,kg,,,
chumbada-jig-head-offset-articulado-esferico-ewg-laranja,,,,,,,,,14g,,,6/0,,,,,'40851308050214,14.0,,0,continue,manual,5.15,,true,false,,,,,,,,,,,,,,,,,,,,,,,,,,,,https://cdn.shopify.com/s/files/1/0454/5845/6736/products/Jig-Head-Articulado-Esferico-laranja_c9fd07d9-64bb-4310-a594-4a796ceaaad0.png?v=1679599317,kg,,,
chumbada-jig-head-offset-articulado-esferico-ewg-laranja,,,,,,,,,14g,,,7/0,,,,,'40851308050114,14.0,shopify,0,deny,manual,5.32,,true,false,,,,,,,,,,,,,,,,,,,,,,,,,,,,https://cdn.shopify.com/s/files/1/0454/5845/6736/products/Jig-Head-Articulado-Esferico-laranja_c9fd07d9-64bb-4310-a594-4a796ceaaad0.png?v=1679599317,kg,,,
chumbada-jig-head-offset-articulado-esferico-ewg-laranja,,,,,,,,,16g,,,2#,,,,,'40851308050916,16.0,,0,continue,manual,4.07,,true,false,,,,,,,,,,,,,,,,,,,,,,,,,,,,https://cdn.shopify.com/s/files/1/0454/5845/6736/products/Jig-Head-Articulado-Esferico-laranja_c9fd07d9-64bb-4310-a594-4a796ceaaad0.png?v=1679599317,kg,,,
chumbada-jig-head-offset-articulado-esferico-ewg-laranja,,,,,,,,,16g,,,1#,,,,,'40851308050816,16.0,shopify,0,deny,manual,4.07,,true,false,,,,,,,,,,,,,,,,,,,,,,,,,,,,https://cdn.shopify.com/s/files/1/0454/5845/6736/products/Jig-Head-Articulado-Esferico-laranja_c9fd07d9-64bb-4310-a594-4a796ceaaad0.png?v=1679599317,kg,,,
chumbada-jig-head-offset-articulado-esferico-ewg-laranja,,,,,,,,,16g,,,1/0,,,,,'40851308050716,16.0,,0,continue,manual,4.07,,true,false,,,,,,,,,,,,,,,,,,,,,,,,,,,,https://cdn.shopify.com/s/files/1/0454/5845/6736/products/Jig-Head-Articulado-Esferico-laranja_c9fd07d9-64bb-4310-a594-4a796ceaaad0.png?v=1679599317,kg,,,
chumbada-jig-head-offset-articulado-esferico-ewg-laranja,,,,,,,,,16g,,,2/0,,,,,'40851308050616,16.0,,0,continue,manual,4.40,,true,false,,,,,,,,,,,,,,,,,,,,,,,,,,,,https://cdn.shopify.com/s/files/1/0454/5845/6736/products/Jig-Head-Articulado-Esferico-laranja_c9fd07d9-64bb-4310-a594-4a796ceaaad0.png?v=1679599317,kg,,,
chumbada-jig-head-offset-articulado-esferico-ewg-laranja,,,,,,,,,16g,,,3/0,,,,,'40851308050516,16.0,,0,continue,manual,4.61,,true,false,,,,,,,,,,,,,,,,,,,,,,,,,,,,https://cdn.shopify.com/s/files/1/0454/5845/6736/products/Jig-Head-Articulado-Esferico-laranja_c9fd07d9-64bb-4310-a594-4a796ceaaad0.png?v=1679599317,kg,,,
chumbada-jig-head-offset-articulado-esferico-ewg-laranja,,,,,,,,,16g,,,4/0,,,,,'40851308050416,16.0,,0,continue,manual,4.73,,true,false,,,,,,,,,,,,,,,,,,,,,,,,,,,,https://cdn.shopify.com/s/files/1/0454/5845/6736/products/Jig-Head-Articulado-Esferico-laranja_c9fd07d9-64bb-4310-a594-4a796ceaaad0.png?v=1679599317,kg,,,
chumbada-jig-head-offset-articulado-esferico-ewg-laranja,,,,,,,,,16g,,,5/0,,,,,'40851308050316,16.0,,0,continue,manual,4.97,,true,false,,,,,,,,,,,,,,,,,,,,,,,,,,,,https://cdn.shopify.com/s/files/1/0454/5845/6736/products/Jig-Head-Articulado-Esferico-laranja_c9fd07d9-64bb-4310-a594-4a796ceaaad0.png?v=1679599317,kg,,,
chumbada-jig-head-offset-articulado-esferico-ewg-laranja,,,,,,,,,16g,,,6/0,,,,,'40851308050216,16.0,,0,continue,manual,5.15,,true,false,,,,,,,,,,,,,,,,,,,,,,,,,,,,https://cdn.shopify.com/s/files/1/0454/5845/6736/products/Jig-Head-Articulado-Esferico-laranja_c9fd07d9-64bb-4310-a594-4a796ceaaad0.png?v=1679599317,kg,,,
chumbada-jig-head-offset-articulado-esferico-ewg-laranja,,,,,,,,,16g,,,7/0,,,,,'40851308050116,16.0,shopify,0,deny,manual,5.32,,true,false,,,,,,,,,,,,,,,,,,,,,,,,,,,,https://cdn.shopify.com/s/files/1/0454/5845/6736/products/Jig-Head-Articulado-Esferico-laranja_c9fd07d9-64bb-4310-a594-4a796ceaaad0.png?v=1679599317,kg,,,
chumbada-jig-head-offset-articulado-esferico-ewg-natural,Anzol Jig Head Offset Articulado Esférico EWG Natural,<p>Chumbada Jig Head Offset Articulado Esférico EWG Natural</p>,Chumbada Oficial,,"","Anzol, Articulado, Colorido, Esférico, EWG, Jig Head, Jig Head Offset, Natural, Offset, Todos",true,Peso,3g,,Tamanho do Anzol,2#,,,,,'40851307010903,3.0,,-53,continue,manual,2.15,,true,false,,,,,,https://cdn.shopify.com/s/files/1/0454/5845/6736/products/Jig-Head-Articulado-Esferico-natural_75bcf2a9-e883-41e4-a24b-bf28d6a25276.png?v=1679599320,1,Chumbada Jig Head Offset Articulado Esférico EWG Natural,false,,,,,,,,,,,,,,,,,,,https://cdn.shopify.com/s/files/1/0454/5845/6736/products/Jig-Head-Articulado-Esferico-natural_75bcf2a9-e883-41e4-a24b-bf28d6a25276.png?v=1679599320,kg,,,active
chumbada-jig-head-offset-articulado-esferico-ewg-natural,,,,,,,,,3g,,,1#,,,,,'40851307010803,3.0,shopify,-2,deny,manual,2.15,,true,false,,,,,,,,,,,,,,,,,,,,,,,,,,,,https://cdn.shopify.com/s/files/1/0454/5845/6736/products/Jig-Head-Articulado-Esferico-natural_75bcf2a9-e883-41e4-a24b-bf28d6a25276.png?v=1679599320,kg,,,
chumbada-jig-head-offset-articulado-esferico-ewg-natural,,,,,,,,,3g,,,1/0,,,,,'40851307010703,3.0,,-52,continue,manual,2.15,,true,false,,,,,,,,,,,,,,,,,,,,,,,,,,,,https://cdn.shopify.com/s/files/1/0454/5845/6736/products/Jig-Head-Articulado-Esferico-natural_75bcf2a9-e883-41e4-a24b-bf28d6a25276.png?v=1679599320,kg,,,
chumbada-jig-head-offset-articulado-esferico-ewg-natural,,,,,,,,,3g,,,2/0,,,,,'40851307010603,3.0,,-22,continue,manual,2.47,,true,false,,,,,,,,,,,,,,,,,,,,,,,,,,,,https://cdn.shopify.com/s/files/1/0454/5845/6736/products/Jig-Head-Articulado-Esferico-natural_75bcf2a9-e883-41e4-a24b-bf28d6a25276.png?v=1679599320,kg,,,
chumbada-jig-head-offset-articulado-esferico-ewg-natural,,,,,,,,,3g,,,3/0,,,,,'40851307010503,3.0,,-42,continue,manual,2.68,,true,false,,,,,,,,,,,,,,,,,,,,,,,,,,,,https://cdn.shopify.com/s/files/1/0454/5845/6736/products/Jig-Head-Articulado-Esferico-natural_75bcf2a9-e883-41e4-a24b-bf28d6a25276.png?v=1679599320,kg,,,
chumbada-jig-head-offset-articulado-esferico-ewg-natural,,,,,,,,,3g,,,4/0,,,,,'40851307010403,3.0,,0,continue,manual,2.80,,true,false,,,,,,,,,,,,,,,,,,,,,,,,,,,,https://cdn.shopify.com/s/files/1/0454/5845/6736/products/Jig-Head-Articulado-Esferico-natural_75bcf2a9-e883-41e4-a24b-bf28d6a25276.png?v=1679599320,kg,,,
chumbada-jig-head-offset-articulado-esferico-ewg-natural,,,,,,,,,3g,,,5/0,,,,,'40851307010303,3.0,,0,continue,manual,3.04,,true,false,,,,,,,,,,,,,,,,,,,,,,,,,,,,https://cdn.shopify.com/s/files/1/0454/5845/6736/products/Jig-Head-Articulado-Esferico-natural_75bcf2a9-e883-41e4-a24b-bf28d6a25276.png?v=1679599320,kg,,,
chumbada-jig-head-offset-articulado-esferico-ewg-natural,,,,,,,,,3g,,,6/0,,,,,'40851307010203,3.0,,0,continue,manual,3.22,,true,false,,,,,,,,,,,,,,,,,,,,,,,,,,,,https://cdn.shopify.com/s/files/1/0454/5845/6736/products/Jig-Head-Articulado-Esferico-natural_75bcf2a9-e883-41e4-a24b-bf28d6a25276.png?v=1679599320,kg,,,
chumbada-jig-head-offset-articulado-esferico-ewg-natural,,,,,,,,,3g,,,7/0,,,,,'40851307010103,3.0,shopify,0,deny,manual,3.40,,true,false,,,,,,,,,,,,,,,,,,,,,,,,,,,,https://cdn.shopify.com/s/files/1/0454/5845/6736/products/Jig-Head-Articulado-Esferico-natural_75bcf2a9-e883-41e4-a24b-bf28d6a25276.png?v=1679599320,kg,,,
chumbada-jig-head-offset-articulado-esferico-ewg-natural,,,,,,,,,5g,,,2#,,,,,'40851307010905,5.0,,-52,continue,manual,2.41,,true,false,,,,,,,,,,,,,,,,,,,,,,,,,,,,https://cdn.shopify.com/s/files/1/0454/5845/6736/products/Jig-Head-Articulado-Esferico-natural_75bcf2a9-e883-41e4-a24b-bf28d6a25276.png?v=1679599320,kg,,,
chumbada-jig-head-offset-articulado-esferico-ewg-natural,,,,,,,,,5g,,,1#,,,,,'40851307010805,5.0,shopify,-2,deny,manual,2.41,,true,false,,,,,,,,,,,,,,,,,,,,,,,,,,,,https://cdn.shopify.com/s/files/1/0454/5845/6736/products/Jig-Head-Articulado-Esferico-natural_75bcf2a9-e883-41e4-a24b-bf28d6a25276.png?v=1679599320,kg,,,
chumbada-jig-head-offset-articulado-esferico-ewg-natural,,,,,,,,,5g,,,1/0,,,,,'40851307010705,5.0,,-52,continue,manual,2.41,,true,false,,,,,,,,,,,,,,,,,,,,,,,,,,,,https://cdn.shopify.com/s/files/1/0454/5845/6736/products/Jig-Head-Articulado-Esferico-natural_75bcf2a9-e883-41e4-a24b-bf28d6a25276.png?v=1679599320,kg,,,
chumbada-jig-head-offset-articulado-esferico-ewg-natural,,,,,,,,,5g,,,2/0,,,,,'40851307010605,5.0,,-52,continue,manual,2.74,,true,false,,,,,,,,,,,,,,,,,,,,,,,,,,,,https://cdn.shopify.com/s/files/1/0454/5845/6736/products/Jig-Head-Articulado-Esferico-natural_75bcf2a9-e883-41e4-a24b-bf28d6a25276.png?v=1679599320,kg,,,
chumbada-jig-head-offset-articulado-esferico-ewg-natural,,,,,,,,,5g,,,3/0,,,,,'40851307010505,5.0,,-72,continue,manual,2.95,,true,false,,,,,,,,,,,,,,,,,,,,,,,,,,,,https://cdn.shopify.com/s/files/1/0454/5845/6736/products/Jig-Head-Articulado-Esferico-natural_75bcf2a9-e883-41e4-a24b-bf28d6a25276.png?v=1679599320,kg,,,
chumbada-jig-head-offset-articulado-esferico-ewg-natural,,,,,,,,,5g,,,4/0,,,,,'40851307010405,5.0,,-20,continue,manual,3.07,,true,false,,,,,,,,,,,,,,,,,,,,,,,,,,,,https://cdn.shopify.com/s/files/1/0454/5845/6736/products/Jig-Head-Articulado-Esferico-natural_75bcf2a9-e883-41e4-a24b-bf28d6a25276.png?v=1679599320,kg,,,
chumbada-jig-head-offset-articulado-esferico-ewg-natural,,,,,,,,,5g,,,5/0,,,,,'40851307010305,5.0,,-5,continue,manual,3.31,,true,false,,,,,,,,,,,,,,,,,,,,,,,,,,,,https://cdn.shopify.com/s/files/1/0454/5845/6736/products/Jig-Head-Articulado-Esferico-natural_75bcf2a9-e883-41e4-a24b-bf28d6a25276.png?v=1679599320,kg,,,
chumbada-jig-head-offset-articulado-esferico-ewg-natural,,,,,,,,,5g,,,6/0,,,,,'40851307010205,5.0,,-5,continue,manual,3.49,,true,false,,,,,,,,,,,,,,,,,,,,,,,,,,,,https://cdn.shopify.com/s/files/1/0454/5845/6736/products/Jig-Head-Articulado-Esferico-natural_75bcf2a9-e883-41e4-a24b-bf28d6a25276.png?v=1679599320,kg,,,
chumbada-jig-head-offset-articulado-esferico-ewg-natural,,,,,,,,,5g,,,7/0,,,,,'40851307010105,5.0,shopify,0,deny,manual,3.66,,true,false,,,,,,,,,,,,,,,,,,,,,,,,,,,,https://cdn.shopify.com/s/files/1/0454/5845/6736/products/Jig-Head-Articulado-Esferico-natural_75bcf2a9-e883-41e4-a24b-bf28d6a25276.png?v=1679599320,kg,,,
chumbada-jig-head-offset-articulado-esferico-ewg-natural,,,,,,,,,7g,,,2#,,,,,'40851307010907,7.0,,-2,continue,manual,2.41,,true,false,,,,,,,,,,,,,,,,,,,,,,,,,,,,https://cdn.shopify.com/s/files/1/0454/5845/6736/products/Jig-Head-Articulado-Esferico-natural_75bcf2a9-e883-41e4-a24b-bf28d6a25276.png?v=1679599320,kg,,,
chumbada-jig-head-offset-articulado-esferico-ewg-natural,,,,,,,,,7g,,,1#,,,,,'40851307010807,7.0,shopify,-2,deny,manual,2.41,,true,false,,,,,,,,,,,,,,,,,,,,,,,,,,,,https://cdn.shopify.com/s/files/1/0454/5845/6736/products/Jig-Head-Articulado-Esferico-natural_75bcf2a9-e883-41e4-a24b-bf28d6a25276.png?v=1679599320,kg,,,
chumbada-jig-head-offset-articulado-esferico-ewg-natural,,,,,,,,,7g,,,1/0,,,,,'40851307010707,7.0,,-36,continue,manual,2.41,,true,false,,,,,,,,,,,,,,,,,,,,,,,,,,,,https://cdn.shopify.com/s/files/1/0454/5845/6736/products/Jig-Head-Articulado-Esferico-natural_75bcf2a9-e883-41e4-a24b-bf28d6a25276.png?v=1679599320,kg,,,
chumbada-jig-head-offset-articulado-esferico-ewg-natural,,,,,,,,,7g,,,2/0,,,,,'40851307010607,7.0,,-67,continue,manual,2.74,,true,false,,,,,,,,,,,,,,,,,,,,,,,,,,,,https://cdn.shopify.com/s/files/1/0454/5845/6736/products/Jig-Head-Articulado-Esferico-natural_75bcf2a9-e883-41e4-a24b-bf28d6a25276.png?v=1679599320,kg,,,
chumbada-jig-head-offset-articulado-esferico-ewg-natural,,,,,,,,,7g,,,3/0,,,,,'40851307010507,7.0,,-67,continue,manual,2.95,,true,false,,,,,,,,,,,,,,,,,,,,,,,,,,,,https://cdn.shopify.com/s/files/1/0454/5845/6736/products/Jig-Head-Articulado-Esferico-natural_75bcf2a9-e883-41e4-a24b-bf28d6a25276.png?v=1679599320,kg,,,
chumbada-jig-head-offset-articulado-esferico-ewg-natural,,,,,,,,,7g,,,4/0,,,,,'40851307010407,7.0,,-32,continue,manual,3.07,,true,false,,,,,,,,,,,,,,,,,,,,,,,,,,,,https://cdn.shopify.com/s/files/1/0454/5845/6736/products/Jig-Head-Articulado-Esferico-natural_75bcf2a9-e883-41e4-a24b-bf28d6a25276.png?v=1679599320,kg,,,
chumbada-jig-head-offset-articulado-esferico-ewg-natural,,,,,,,,,7g,,,5/0,,,,,'40851307010307,7.0,,-37,continue,manual,3.31,,true,false,,,,,,,,,,,,,,,,,,,,,,,,,,,,https://cdn.shopify.com/s/files/1/0454/5845/6736/products/Jig-Head-Articulado-Esferico-natural_75bcf2a9-e883-41e4-a24b-bf28d6a25276.png?v=1679599320,kg,,,
chumbada-jig-head-offset-articulado-esferico-ewg-natural,,,,,,,,,7g,,,6/0,,,,,'40851307010207,7.0,,-4,continue,manual,3.49,,true,false,,,,,,,,,,,,,,,,,,,,,,,,,,,,https://cdn.shopify.com/s/files/1/0454/5845/6736/products/Jig-Head-Articulado-Esferico-natural_75bcf2a9-e883-41e4-a24b-bf28d6a25276.png?v=1679599320,kg,,,
chumbada-jig-head-offset-articulado-esferico-ewg-natural,,,,,,,,,7g,,,7/0,,,,,'40851307010107,7.0,shopify,0,deny,manual,3.66,,true,false,,,,,,,,,,,,,,,,,,,,,,,,,,,,https://cdn.shopify.com/s/files/1/0454/5845/6736/products/Jig-Head-Articulado-Esferico-natural_75bcf2a9-e883-41e4-a24b-bf28d6a25276.png?v=1679599320,kg,,,
chumbada-jig-head-offset-articulado-esferico-ewg-natural,,,,,,,,,9g,,,2#,,,,,'40851307010909,9.0,,-2,continue,manual,2.41,,true,false,,,,,,,,,,,,,,,,,,,,,,,,,,,,https://cdn.shopify.com/s/files/1/0454/5845/6736/products/Jig-Head-Articulado-Esferico-natural_75bcf2a9-e883-41e4-a24b-bf28d6a25276.png?v=1679599320,kg,,,
chumbada-jig-head-offset-articulado-esferico-ewg-natural,,,,,,,,,9g,,,1#,,,,,'40851307010809,9.0,shopify,-2,deny,manual,2.41,,true,false,,,,,,,,,,,,,,,,,,,,,,,,,,,,https://cdn.shopify.com/s/files/1/0454/5845/6736/products/Jig-Head-Articulado-Esferico-natural_75bcf2a9-e883-41e4-a24b-bf28d6a25276.png?v=1679599320,kg,,,
chumbada-jig-head-offset-articulado-esferico-ewg-natural,,,,,,,,,9g,,,1/0,,,,,'40851307010709,9.0,,-7,continue,manual,2.41,,true,false,,,,,,,,,,,,,,,,,,,,,,,,,,,,https://cdn.shopify.com/s/files/1/0454/5845/6736/products/Jig-Head-Articulado-Esferico-natural_75bcf2a9-e883-41e4-a24b-bf28d6a25276.png?v=1679599320,kg,,,
chumbada-jig-head-offset-articulado-esferico-ewg-natural,,,,,,,,,9g,,,2/0,,,,,'40851307010609,9.0,,-2,continue,manual,2.74,,true,false,,,,,,,,,,,,,,,,,,,,,,,,,,,,https://cdn.shopify.com/s/files/1/0454/5845/6736/products/Jig-Head-Articulado-Esferico-natural_75bcf2a9-e883-41e4-a24b-bf28d6a25276.png?v=1679599320,kg,,,
chumbada-jig-head-offset-articulado-esferico-ewg-natural,,,,,,,,,9g,,,3/0,,,,,'40851307010509,9.0,,-67,continue,manual,2.95,,true,false,,,,,,,,,,,,,,,,,,,,,,,,,,,,https://cdn.shopify.com/s/files/1/0454/5845/6736/products/Jig-Head-Articulado-Esferico-natural_75bcf2a9-e883-41e4-a24b-bf28d6a25276.png?v=1679599320,kg,,,
chumbada-jig-head-offset-articulado-esferico-ewg-natural,,,,,,,,,9g,,,4/0,,,,,'40851307010409,9.0,,-32,continue,manual,3.07,,true,false,,,,,,,,,,,,,,,,,,,,,,,,,,,,https://cdn.shopify.com/s/files/1/0454/5845/6736/products/Jig-Head-Articulado-Esferico-natural_75bcf2a9-e883-41e4-a24b-bf28d6a25276.png?v=1679599320,kg,,,
chumbada-jig-head-offset-articulado-esferico-ewg-natural,,,,,,,,,9g,,,5/0,,,,,'40851307010309,9.0,,-25,continue,manual,3.31,,true,false,,,,,,,,,,,,,,,,,,,,,,,,,,,,https://cdn.shopify.com/s/files/1/0454/5845/6736/products/Jig-Head-Articulado-Esferico-natural_75bcf2a9-e883-41e4-a24b-bf28d6a25276.png?v=1679599320,kg,,,
chumbada-jig-head-offset-articulado-esferico-ewg-natural,,,,,,,,,9g,,,6/0,,,,,'40851307010209,9.0,,-24,continue,manual,3.49,,true,false,,,,,,,,,,,,,,,,,,,,,,,,,,,,https://cdn.shopify.com/s/files/1/0454/5845/6736/products/Jig-Head-Articulado-Esferico-natural_75bcf2a9-e883-41e4-a24b-bf28d6a25276.png?v=1679599320,kg,,,
chumbada-jig-head-offset-articulado-esferico-ewg-natural,,,,,,,,,9g,,,7/0,,,,,'40851307010109,9.0,shopify,0,deny,manual,3.66,,true,false,,,,,,,,,,,,,,,,,,,,,,,,,,,,https://cdn.shopify.com/s/files/1/0454/5845/6736/products/Jig-Head-Articulado-Esferico-natural_75bcf2a9-e883-41e4-a24b-bf28d6a25276.png?v=1679599320,kg,,,
chumbada-jig-head-offset-articulado-esferico-ewg-natural,,,,,,,,,12g,,,2#,,,,,'40851307010912,12.0,,-20,continue,manual,2.87,,true,false,,,,,,,,,,,,,,,,,,,,,,,,,,,,https://cdn.shopify.com/s/files/1/0454/5845/6736/products/Jig-Head-Articulado-Esferico-natural_75bcf2a9-e883-41e4-a24b-bf28d6a25276.png?v=1679599320,kg,,,
chumbada-jig-head-offset-articulado-esferico-ewg-natural,,,,,,,,,12g,,,1#,,,,,'40851307010812,12.0,shopify,0,deny,manual,2.87,,true,false,,,,,,,,,,,,,,,,,,,,,,,,,,,,https://cdn.shopify.com/s/files/1/0454/5845/6736/products/Jig-Head-Articulado-Esferico-natural_75bcf2a9-e883-41e4-a24b-bf28d6a25276.png?v=1679599320,kg,,,
chumbada-jig-head-offset-articulado-esferico-ewg-natural,,,,,,,,,12g,,,1/0,,,,,'40851307010712,12.0,,0,continue,manual,2.87,,true,false,,,,,,,,,,,,,,,,,,,,,,,,,,,,https://cdn.shopify.com/s/files/1/0454/5845/6736/products/Jig-Head-Articulado-Esferico-natural_75bcf2a9-e883-41e4-a24b-bf28d6a25276.png?v=1679599320,kg,,,
chumbada-jig-head-offset-articulado-esferico-ewg-natural,,,,,,,,,12g,,,2/0,,,,,'40851307010612,12.0,,-36,continue,manual,3.20,,true,false,,,,,,,,,,,,,,,,,,,,,,,,,,,,https://cdn.shopify.com/s/files/1/0454/5845/6736/products/Jig-Head-Articulado-Esferico-natural_75bcf2a9-e883-41e4-a24b-bf28d6a25276.png?v=1679599320,kg,,,
chumbada-jig-head-offset-articulado-esferico-ewg-natural,,,,,,,,,12g,,,3/0,,,,,'40851307010512,12.0,,-35,continue,manual,3.41,,true,false,,,,,,,,,,,,,,,,,,,,,,,,,,,,https://cdn.shopify.com/s/files/1/0454/5845/6736/products/Jig-Head-Articulado-Esferico-natural_75bcf2a9-e883-41e4-a24b-bf28d6a25276.png?v=1679599320,kg,,,
chumbada-jig-head-offset-articulado-esferico-ewg-natural,,,,,,,,,12g,,,4/0,,,,,'40851307010412,12.0,,-55,continue,manual,3.53,,true,false,,,,,,,,,,,,,,,,,,,,,,,,,,,,https://cdn.shopify.com/s/files/1/0454/5845/6736/products/Jig-Head-Articulado-Esferico-natural_75bcf2a9-e883-41e4-a24b-bf28d6a25276.png?v=1679599320,kg,,,
chumbada-jig-head-offset-articulado-esferico-ewg-natural,,,,,,,,,12g,,,5/0,,,,,'40851307010312,12.0,,-55,continue,manual,3.77,,true,false,,,,,,,,,,,,,,,,,,,,,,,,,,,,https://cdn.shopify.com/s/files/1/0454/5845/6736/products/Jig-Head-Articulado-Esferico-natural_75bcf2a9-e883-41e4-a24b-bf28d6a25276.png?v=1679599320,kg,,,
chumbada-jig-head-offset-articulado-esferico-ewg-natural,,,,,,,,,12g,,,6/0,,,,,'40851307010212,12.0,,-60,continue,manual,3.95,,true,false,,,,,,,,,,,,,,,,,,,,,,,,,,,,https://cdn.shopify.com/s/files/1/0454/5845/6736/products/Jig-Head-Articulado-Esferico-natural_75bcf2a9-e883-41e4-a24b-bf28d6a25276.png?v=1679599320,kg,,,
chumbada-jig-head-offset-articulado-esferico-ewg-natural,,,,,,,,,12g,,,7/0,,,,,'40851307010112,12.0,shopify,-30,deny,manual,4.12,,true,false,,,,,,,,,,,,,,,,,,,,,,,,,,,,https://cdn.shopify.com/s/files/1/0454/5845/6736/products/Jig-Head-Articulado-Esferico-natural_75bcf2a9-e883-41e4-a24b-bf28d6a25276.png?v=1679599320,kg,,,
chumbada-jig-head-offset-articulado-esferico-ewg-natural,,,,,,,,,14g,,,2#,,,,,'40851307010914,14.0,,0,continue,manual,2.87,,true,false,,,,,,,,,,,,,,,,,,,,,,,,,,,,https://cdn.shopify.com/s/files/1/0454/5845/6736/products/Jig-Head-Articulado-Esferico-natural_75bcf2a9-e883-41e4-a24b-bf28d6a25276.png?v=1679599320,kg,,,
chumbada-jig-head-offset-articulado-esferico-ewg-natural,,,,,,,,,14g,,,1#,,,,,'40851307010814,14.0,shopify,0,deny,manual,2.87,,true,false,,,,,,,,,,,,,,,,,,,,,,,,,,,,https://cdn.shopify.com/s/files/1/0454/5845/6736/products/Jig-Head-Articulado-Esferico-natural_75bcf2a9-e883-41e4-a24b-bf28d6a25276.png?v=1679599320,kg,,,
chumbada-jig-head-offset-articulado-esferico-ewg-natural,,,,,,,,,14g,,,1/0,,,,,'40851307010714,14.0,,0,continue,manual,2.87,,true,false,,,,,,,,,,,,,,,,,,,,,,,,,,,,https://cdn.shopify.com/s/files/1/0454/5845/6736/products/Jig-Head-Articulado-Esferico-natural_75bcf2a9-e883-41e4-a24b-bf28d6a25276.png?v=1679599320,kg,,,
chumbada-jig-head-offset-articulado-esferico-ewg-natural,,,,,,,,,14g,,,2/0,,,,,'40851307010614,14.0,,-50,continue,manual,3.20,,true,false,,,,,,,,,,,,,,,,,,,,,,,,,,,,https://cdn.shopify.com/s/files/1/0454/5845/6736/products/Jig-Head-Articulado-Esferico-natural_75bcf2a9-e883-41e4-a24b-bf28d6a25276.png?v=1679599320,kg,,,
chumbada-jig-head-offset-articulado-esferico-ewg-natural,,,,,,,,,14g,,,3/0,,,,,'40851307010514,14.0,,0,continue,manual,3.41,,true,false,,,,,,,,,,,,,,,,,,,,,,,,,,,,https://cdn.shopify.com/s/files/1/0454/5845/6736/products/Jig-Head-Articulado-Esferico-natural_75bcf2a9-e883-41e4-a24b-bf28d6a25276.png?v=1679599320,kg,,,
chumbada-jig-head-offset-articulado-esferico-ewg-natural,,,,,,,,,14g,,,4/0,,,,,'40851307010414,14.0,,-15,continue,manual,3.53,,true,false,,,,,,,,,,,,,,,,,,,,,,,,,,,,https://cdn.shopify.com/s/files/1/0454/5845/6736/products/Jig-Head-Articulado-Esferico-natural_75bcf2a9-e883-41e4-a24b-bf28d6a25276.png?v=1679599320,kg,,,
chumbada-jig-head-offset-articulado-esferico-ewg-natural,,,,,,,,,14g,,,5/0,,,,,'40851307010314,14.0,,-30,continue,manual,3.77,,true,false,,,,,,,,,,,,,,,,,,,,,,,,,,,,https://cdn.shopify.com/s/files/1/0454/5845/6736/products/Jig-Head-Articulado-Esferico-natural_75bcf2a9-e883-41e4-a24b-bf28d6a25276.png?v=1679599320,kg,,,
chumbada-jig-head-offset-articulado-esferico-ewg-natural,,,,,,,,,14g,,,6/0,,,,,'40851307010214,14.0,,-50,continue,manual,3.95,,true,false,,,,,,,,,,,,,,,,,,,,,,,,,,,,https://cdn.shopify.com/s/files/1/0454/5845/6736/products/Jig-Head-Articulado-Esferico-natural_75bcf2a9-e883-41e4-a24b-bf28d6a25276.png?v=1679599320,kg,,,
chumbada-jig-head-offset-articulado-esferico-ewg-natural,,,,,,,,,14g,,,7/0,,,,,'40851307010114,14.0,shopify,-20,deny,manual,4.12,,true,false,,,,,,,,,,,,,,,,,,,,,,,,,,,,https://cdn.shopify.com/s/files/1/0454/5845/6736/products/Jig-Head-Articulado-Esferico-natural_75bcf2a9-e883-41e4-a24b-bf28d6a25276.png?v=1679599320,kg,,,
chumbada-jig-head-offset-articulado-esferico-ewg-natural,,,,,,,,,16g,,,2#,,,,,'40851307010916,16.0,,0,continue,manual,2.87,,true,false,,,,,,,,,,,,,,,,,,,,,,,,,,,,https://cdn.shopify.com/s/files/1/0454/5845/6736/products/Jig-Head-Articulado-Esferico-natural_75bcf2a9-e883-41e4-a24b-bf28d6a25276.png?v=1679599320,kg,,,
chumbada-jig-head-offset-articulado-esferico-ewg-natural,,,,,,,,,16g,,,1#,,,,,'40851307010816,16.0,shopify,0,deny,manual,2.87,,true,false,,,,,,,,,,,,,,,,,,,,,,,,,,,,https://cdn.shopify.com/s/files/1/0454/5845/6736/products/Jig-Head-Articulado-Esferico-natural_75bcf2a9-e883-41e4-a24b-bf28d6a25276.png?v=1679599320,kg,,,
chumbada-jig-head-offset-articulado-esferico-ewg-natural,,,,,,,,,16g,,,1/0,,,,,'40851307010716,16.0,,0,continue,manual,2.87,,true,false,,,,,,,,,,,,,,,,,,,,,,,,,,,,https://cdn.shopify.com/s/files/1/0454/5845/6736/products/Jig-Head-Articulado-Esferico-natural_75bcf2a9-e883-41e4-a24b-bf28d6a25276.png?v=1679599320,kg,,,
chumbada-jig-head-offset-articulado-esferico-ewg-natural,,,,,,,,,16g,,,2/0,,,,,'40851307010616,16.0,,0,continue,manual,3.20,,true,false,,,,,,,,,,,,,,,,,,,,,,,,,,,,https://cdn.shopify.com/s/files/1/0454/5845/6736/products/Jig-Head-Articulado-Esferico-natural_75bcf2a9-e883-41e4-a24b-bf28d6a25276.png?v=1679599320,kg,,,
chumbada-jig-head-offset-articulado-esferico-ewg-natural,,,,,,,,,16g,,,3/0,,,,,'40851307010516,16.0,,0,continue,manual,3.41,,true,false,,,,,,,,,,,,,,,,,,,,,,,,,,,,https://cdn.shopify.com/s/files/1/0454/5845/6736/products/Jig-Head-Articulado-Esferico-natural_75bcf2a9-e883-41e4-a24b-bf28d6a25276.png?v=1679599320,kg,,,
chumbada-jig-head-offset-articulado-esferico-ewg-natural,,,,,,,,,16g,,,4/0,,,,,'40851307010416,16.0,,-15,continue,manual,3.53,,true,false,,,,,,,,,,,,,,,,,,,,,,,,,,,,https://cdn.shopify.com/s/files/1/0454/5845/6736/products/Jig-Head-Articulado-Esferico-natural_75bcf2a9-e883-41e4-a24b-bf28d6a25276.png?v=1679599320,kg,,,
chumbada-jig-head-offset-articulado-esferico-ewg-natural,,,,,,,,,16g,,,5/0,,,,,'40851307010316,16.0,,-30,continue,manual,3.77,,true,false,,,,,,,,,,,,,,,,,,,,,,,,,,,,https://cdn.shopify.com/s/files/1/0454/5845/6736/products/Jig-Head-Articulado-Esferico-natural_75bcf2a9-e883-41e4-a24b-bf28d6a25276.png?v=1679599320,kg,,,
chumbada-jig-head-offset-articulado-esferico-ewg-natural,,,,,,,,,16g,,,6/0,,,,,'40851307010216,16.0,,-60,continue,manual,3.95,,true,false,,,,,,,,,,,,,,,,,,,,,,,,,,,,https://cdn.shopify.com/s/files/1/0454/5845/6736/products/Jig-Head-Articulado-Esferico-natural_75bcf2a9-e883-41e4-a24b-bf28d6a25276.png?v=1679599320,kg,,,
chumbada-jig-head-offset-articulado-esferico-ewg-natural,,,,,,,,,16g,,,7/0,,,,,'40851307010116,16.0,shopify,-30,deny,manual,4.12,,true,false,,,,,,,,,,,,,,,,,,,,,,,,,,,,https://cdn.shopify.com/s/files/1/0454/5845/6736/products/Jig-Head-Articulado-Esferico-natural_75bcf2a9-e883-41e4-a24b-bf28d6a25276.png?v=1679599320,kg,,,
chumbada-jig-head-offset-articulado-esferico-ewg-preta,Anzol Jig Head Offset Articulado Esférico EWG Preta,<p>Chumbada Jig Head Offset Articulado Esférico EWG Preta</p>,Chumbada Oficial,,"","Anzol, Articulado, Colorido, Esférico, EWG, Jig Head, Jig Head Offset, Offset, Preta, Todos",true,Peso,5g,,Tamanho do Anzol,2#,,,,,'40851308020905,5.0,,0,continue,manual,3.21,,true,false,,,,,,https://cdn.shopify.com/s/files/1/0454/5845/6736/products/Jig-Head-Articulado-Esferico-preto.png?v=1701355707,1,Chumbada Jig Head Offset Articulado Esférico EWG Preta,false,,,,,,,,,,,,,,,,,,,https://cdn.shopify.com/s/files/1/0454/5845/6736/products/Jig-Head-Articulado-Esferico-preto.png?v=1701355707,kg,,,active
chumbada-jig-head-offset-articulado-esferico-ewg-preta,,,,,,,,,5g,,,1#,,,,,'40851308020805,5.0,shopify,0,deny,manual,3.21,,true,false,,,,,,,,,,,,,,,,,,,,,,,,,,,,https://cdn.shopify.com/s/files/1/0454/5845/6736/products/Jig-Head-Articulado-Esferico-preto.png?v=1701355707,kg,,,
chumbada-jig-head-offset-articulado-esferico-ewg-preta,,,,,,,,,5g,,,1/0,,,,,'40851308020705,5.0,,0,continue,manual,3.21,,true,false,,,,,,,,,,,,,,,,,,,,,,,,,,,,https://cdn.shopify.com/s/files/1/0454/5845/6736/products/Jig-Head-Articulado-Esferico-preto.png?v=1701355707,kg,,,
chumbada-jig-head-offset-articulado-esferico-ewg-preta,,,,,,,,,5g,,,2/0,,,,,'40851308020605,5.0,,0,continue,manual,3.54,,true,false,,,,,,,,,,,,,,,,,,,,,,,,,,,,https://cdn.shopify.com/s/files/1/0454/5845/6736/products/Jig-Head-Articulado-Esferico-preto.png?v=1701355707,kg,,,
chumbada-jig-head-offset-articulado-esferico-ewg-preta,,,,,,,,,5g,,,3/0,,,,,'40851308020505,5.0,,0,continue,manual,3.75,,true,false,,,,,,,,,,,,,,,,,,,,,,,,,,,,https://cdn.shopify.com/s/files/1/0454/5845/6736/products/Jig-Head-Articulado-Esferico-preto.png?v=1701355707,kg,,,
chumbada-jig-head-offset-articulado-esferico-ewg-preta,,,,,,,,,5g,,,4/0,,,,,'40851308020405,5.0,,0,continue,manual,3.87,,true,false,,,,,,,,,,,,,,,,,,,,,,,,,,,,https://cdn.shopify.com/s/files/1/0454/5845/6736/products/Jig-Head-Articulado-Esferico-preto.png?v=1701355707,kg,,,
chumbada-jig-head-offset-articulado-esferico-ewg-preta,,,,,,,,,5g,,,5/0,,,,,'40851308020305,5.0,,0,continue,manual,4.11,,true,false,,,,,,,,,,,,,,,,,,,,,,,,,,,,https://cdn.shopify.com/s/files/1/0454/5845/6736/products/Jig-Head-Articulado-Esferico-preto.png?v=1701355707,kg,,,
chumbada-jig-head-offset-articulado-esferico-ewg-preta,,,,,,,,,5g,,,6/0,,,,,'40851308020205,5.0,,0,continue,manual,4.29,,true,false,,,,,,,,,,,,,,,,,,,,,,,,,,,,https://cdn.shopify.com/s/files/1/0454/5845/6736/products/Jig-Head-Articulado-Esferico-preto.png?v=1701355707,kg,,,
chumbada-jig-head-offset-articulado-esferico-ewg-preta,,,,,,,,,5g,,,7/0,,,,,'40851308020105,5.0,shopify,0,deny,manual,4.46,,true,false,,,,,,,,,,,,,,,,,,,,,,,,,,,,https://cdn.shopify.com/s/files/1/0454/5845/6736/products/Jig-Head-Articulado-Esferico-preto.png?v=1701355707,kg,,,
chumbada-jig-head-offset-articulado-esferico-ewg-preta,,,,,,,,,7g,,,2#,,,,,'40851308020907,7.0,,0,continue,manual,3.21,,true,false,,,,,,,,,,,,,,,,,,,,,,,,,,,,https://cdn.shopify.com/s/files/1/0454/5845/6736/products/Jig-Head-Articulado-Esferico-preto.png?v=1701355707,kg,,,
chumbada-jig-head-offset-articulado-esferico-ewg-preta,,,,,,,,,7g,,,1#,,,,,'40851308020807,7.0,shopify,0,deny,manual,3.21,,true,false,,,,,,,,,,,,,,,,,,,,,,,,,,,,https://cdn.shopify.com/s/files/1/0454/5845/6736/products/Jig-Head-Articulado-Esferico-preto.png?v=1701355707,kg,,,
chumbada-jig-head-offset-articulado-esferico-ewg-preta,,,,,,,,,7g,,,1/0,,,,,'40851308020707,7.0,,0,continue,manual,3.21,,true,false,,,,,,,,,,,,,,,,,,,,,,,,,,,,https://cdn.shopify.com/s/files/1/0454/5845/6736/products/Jig-Head-Articulado-Esferico-preto.png?v=1701355707,kg,,,
chumbada-jig-head-offset-articulado-esferico-ewg-preta,,,,,,,,,7g,,,2/0,,,,,'40851308020607,7.0,,0,continue,manual,3.54,,true,false,,,,,,,,,,,,,,,,,,,,,,,,,,,,https://cdn.shopify.com/s/files/1/0454/5845/6736/products/Jig-Head-Articulado-Esferico-preto.png?v=1701355707,kg,,,
chumbada-jig-head-offset-articulado-esferico-ewg-preta,,,,,,,,,7g,,,3/0,,,,,'40851308020507,7.0,,0,continue,manual,3.75,,true,false,,,,,,,,,,,,,,,,,,,,,,,,,,,,https://cdn.shopify.com/s/files/1/0454/5845/6736/products/Jig-Head-Articulado-Esferico-preto.png?v=1701355707,kg,,,
chumbada-jig-head-offset-articulado-esferico-ewg-preta,,,,,,,,,7g,,,4/0,,,,,'40851308020407,7.0,,0,continue,manual,3.87,,true,false,,,,,,,,,,,,,,,,,,,,,,,,,,,,https://cdn.shopify.com/s/files/1/0454/5845/6736/products/Jig-Head-Articulado-Esferico-preto.png?v=1701355707,kg,,,
chumbada-jig-head-offset-articulado-esferico-ewg-preta,,,,,,,,,7g,,,5/0,,,,,'40851308020307,7.0,,0,continue,manual,4.11,,true,false,,,,,,,,,,,,,,,,,,,,,,,,,,,,https://cdn.shopify.com/s/files/1/0454/5845/6736/products/Jig-Head-Articulado-Esferico-preto.png?v=1701355707,kg,,,
chumbada-jig-head-offset-articulado-esferico-ewg-preta,,,,,,,,,7g,,,6/0,,,,,'40851308020207,7.0,,0,continue,manual,4.29,,true,false,,,,,,,,,,,,,,,,,,,,,,,,,,,,https://cdn.shopify.com/s/files/1/0454/5845/6736/products/Jig-Head-Articulado-Esferico-preto.png?v=1701355707,kg,,,
chumbada-jig-head-offset-articulado-esferico-ewg-preta,,,,,,,,,7g,,,7/0,,,,,'40851308020107,7.0,shopify,0,deny,manual,4.46,,true,false,,,,,,,,,,,,,,,,,,,,,,,,,,,,https://cdn.shopify.com/s/files/1/0454/5845/6736/products/Jig-Head-Articulado-Esferico-preto.png?v=1701355707,kg,,,
chumbada-jig-head-offset-articulado-esferico-ewg-preta,,,,,,,,,9g,,,2#,,,,,'40851308020909,9.0,,0,continue,manual,3.21,,true,false,,,,,,,,,,,,,,,,,,,,,,,,,,,,https://cdn.shopify.com/s/files/1/0454/5845/6736/products/Jig-Head-Articulado-Esferico-preto.png?v=1701355707,kg,,,
chumbada-jig-head-offset-articulado-esferico-ewg-preta,,,,,,,,,9g,,,1#,,,,,'40851308020809,9.0,shopify,0,deny,manual,3.21,,true,false,,,,,,,,,,,,,,,,,,,,,,,,,,,,https://cdn.shopify.com/s/files/1/0454/5845/6736/products/Jig-Head-Articulado-Esferico-preto.png?v=1701355707,kg,,,
chumbada-jig-head-offset-articulado-esferico-ewg-preta,,,,,,,,,9g,,,1/0,,,,,'40851308020709,9.0,,0,continue,manual,3.21,,true,false,,,,,,,,,,,,,,,,,,,,,,,,,,,,https://cdn.shopify.com/s/files/1/0454/5845/6736/products/Jig-Head-Articulado-Esferico-preto.png?v=1701355707,kg,,,
chumbada-jig-head-offset-articulado-esferico-ewg-preta,,,,,,,,,9g,,,2/0,,,,,'40851308020609,9.0,,0,continue,manual,3.54,,true,false,,,,,,,,,,,,,,,,,,,,,,,,,,,,https://cdn.shopify.com/s/files/1/0454/5845/6736/products/Jig-Head-Articulado-Esferico-preto.png?v=1701355707,kg,,,
chumbada-jig-head-offset-articulado-esferico-ewg-preta,,,,,,,,,9g,,,3/0,,,,,'40851308020509,9.0,,0,continue,manual,3.75,,true,false,,,,,,,,,,,,,,,,,,,,,,,,,,,,https://cdn.shopify.com/s/files/1/0454/5845/6736/products/Jig-Head-Articulado-Esferico-preto.png?v=1701355707,kg,,,
chumbada-jig-head-offset-articulado-esferico-ewg-preta,,,,,,,,,9g,,,4/0,,,,,'40851308020409,9.0,,0,continue,manual,3.87,,true,false,,,,,,,,,,,,,,,,,,,,,,,,,,,,https://cdn.shopify.com/s/files/1/0454/5845/6736/products/Jig-Head-Articulado-Esferico-preto.png?v=1701355707,kg,,,
chumbada-jig-head-offset-articulado-esferico-ewg-preta,,,,,,,,,9g,,,5/0,,,,,'40851308020309,9.0,,0,continue,manual,4.11,,true,false,,,,,,,,,,,,,,,,,,,,,,,,,,,,https://cdn.shopify.com/s/files/1/0454/5845/6736/products/Jig-Head-Articulado-Esferico-preto.png?v=1701355707,kg,,,
chumbada-jig-head-offset-articulado-esferico-ewg-preta,,,,,,,,,9g,,,6/0,,,,,'40851308020209,9.0,,0,continue,manual,4.29,,true,false,,,,,,,,,,,,,,,,,,,,,,,,,,,,https://cdn.shopify.com/s/files/1/0454/5845/6736/products/Jig-Head-Articulado-Esferico-preto.png?v=1701355707,kg,,,
chumbada-jig-head-offset-articulado-esferico-ewg-preta,,,,,,,,,9g,,,7/0,,,,,'40851308020109,9.0,shopify,0,deny,manual,4.46,,true,false,,,,,,,,,,,,,,,,,,,,,,,,,,,,https://cdn.shopify.com/s/files/1/0454/5845/6736/products/Jig-Head-Articulado-Esferico-preto.png?v=1701355707,kg,,,
chumbada-jig-head-offset-articulado-esferico-ewg-preta,,,,,,,,,12g,,,2#,,,,,'40851308020912,12.0,,0,continue,manual,4.07,,true,false,,,,,,,,,,,,,,,,,,,,,,,,,,,,https://cdn.shopify.com/s/files/1/0454/5845/6736/products/Jig-Head-Articulado-Esferico-preto.png?v=1701355707,kg,,,
chumbada-jig-head-offset-articulado-esferico-ewg-preta,,,,,,,,,12g,,,1#,,,,,'40851308020812,12.0,shopify,0,deny,manual,4.07,,true,false,,,,,,,,,,,,,,,,,,,,,,,,,,,,https://cdn.shopify.com/s/files/1/0454/5845/6736/products/Jig-Head-Articulado-Esferico-preto.png?v=1701355707,kg,,,
chumbada-jig-head-offset-articulado-esferico-ewg-preta,,,,,,,,,12g,,,1/0,,,,,'40851308020712,12.0,,0,continue,manual,4.07,,true,false,,,,,,,,,,,,,,,,,,,,,,,,,,,,https://cdn.shopify.com/s/files/1/0454/5845/6736/products/Jig-Head-Articulado-Esferico-preto.png?v=1701355707,kg,,,
chumbada-jig-head-offset-articulado-esferico-ewg-preta,,,,,,,,,12g,,,2/0,,,,,'40851308020612,12.0,,0,continue,manual,4.40,,true,false,,,,,,,,,,,,,,,,,,,,,,,,,,,,https://cdn.shopify.com/s/files/1/0454/5845/6736/products/Jig-Head-Articulado-Esferico-preto.png?v=1701355707,kg,,,
chumbada-jig-head-offset-articulado-esferico-ewg-preta,,,,,,,,,12g,,,3/0,,,,,'40851308020512,12.0,,0,continue,manual,4.61,,true,false,,,,,,,,,,,,,,,,,,,,,,,,,,,,https://cdn.shopify.com/s/files/1/0454/5845/6736/products/Jig-Head-Articulado-Esferico-preto.png?v=1701355707,kg,,,
chumbada-jig-head-offset-articulado-esferico-ewg-preta,,,,,,,,,12g,,,4/0,,,,,'40851308020412,12.0,,0,continue,manual,4.73,,true,false,,,,,,,,,,,,,,,,,,,,,,,,,,,,https://cdn.shopify.com/s/files/1/0454/5845/6736/products/Jig-Head-Articulado-Esferico-preto.png?v=1701355707,kg,,,
chumbada-jig-head-offset-articulado-esferico-ewg-preta,,,,,,,,,12g,,,5/0,,,,,'40851308020312,12.0,,0,continue,manual,4.97,,true,false,,,,,,,,,,,,,,,,,,,,,,,,,,,,https://cdn.shopify.com/s/files/1/0454/5845/6736/products/Jig-Head-Articulado-Esferico-preto.png?v=1701355707,kg,,,
chumbada-jig-head-offset-articulado-esferico-ewg-preta,,,,,,,,,12g,,,6/0,,,,,'40851308020212,12.0,,0,continue,manual,5.15,,true,false,,,,,,,,,,,,,,,,,,,,,,,,,,,,https://cdn.shopify.com/s/files/1/0454/5845/6736/products/Jig-Head-Articulado-Esferico-preto.png?v=1701355707,kg,,,
chumbada-jig-head-offset-articulado-esferico-ewg-preta,,,,,,,,,12g,,,7/0,,,,,'40851308020112,12.0,shopify,0,deny,manual,5.32,,true,false,,,,,,,,,,,,,,,,,,,,,,,,,,,,https://cdn.shopify.com/s/files/1/0454/5845/6736/products/Jig-Head-Articulado-Esferico-preto.png?v=1701355707,kg,,,
chumbada-jig-head-offset-articulado-esferico-ewg-preta,,,,,,,,,14g,,,2#,,,,,'40851308020914,14.0,,0,continue,manual,4.07,,true,false,,,,,,,,,,,,,,,,,,,,,,,,,,,,https://cdn.shopify.com/s/files/1/0454/5845/6736/products/Jig-Head-Articulado-Esferico-preto.png?v=1701355707,kg,,,
chumbada-jig-head-offset-articulado-esferico-ewg-preta,,,,,,,,,14g,,,1#,,,,,'40851308020814,14.0,shopify,0,deny,manual,4.07,,true,false,,,,,,,,,,,,,,,,,,,,,,,,,,,,https://cdn.shopify.com/s/files/1/0454/5845/6736/products/Jig-Head-Articulado-Esferico-preto.png?v=1701355707,kg,,,
chumbada-jig-head-offset-articulado-esferico-ewg-preta,,,,,,,,,14g,,,1/0,,,,,'40851308020714,14.0,,0,continue,manual,4.07,,true,false,,,,,,,,,,,,,,,,,,,,,,,,,,,,https://cdn.shopify.com/s/files/1/0454/5845/6736/products/Jig-Head-Articulado-Esferico-preto.png?v=1701355707,kg,,,
chumbada-jig-head-offset-articulado-esferico-ewg-preta,,,,,,,,,14g,,,2/0,,,,,'40851308020614,14.0,,0,continue,manual,4.40,,true,false,,,,,,,,,,,,,,,,,,,,,,,,,,,,https://cdn.shopify.com/s/files/1/0454/5845/6736/products/Jig-Head-Articulado-Esferico-preto.png?v=1701355707,kg,,,
chumbada-jig-head-offset-articulado-esferico-ewg-preta,,,,,,,,,14g,,,3/0,,,,,'40851308020514,14.0,,0,continue,manual,4.61,,true,false,,,,,,,,,,,,,,,,,,,,,,,,,,,,https://cdn.shopify.com/s/files/1/0454/5845/6736/products/Jig-Head-Articulado-Esferico-preto.png?v=1701355707,kg,,,
chumbada-jig-head-offset-articulado-esferico-ewg-preta,,,,,,,,,14g,,,4/0,,,,,'40851308020414,14.0,,0,continue,manual,4.73,,true,false,,,,,,,,,,,,,,,,,,,,,,,,,,,,https://cdn.shopify.com/s/files/1/0454/5845/6736/products/Jig-Head-Articulado-Esferico-preto.png?v=1701355707,kg,,,
chumbada-jig-head-offset-articulado-esferico-ewg-preta,,,,,,,,,14g,,,5/0,,,,,'40851308020314,14.0,,0,continue,manual,4.97,,true,false,,,,,,,,,,,,,,,,,,,,,,,,,,,,https://cdn.shopify.com/s/files/1/0454/5845/6736/products/Jig-Head-Articulado-Esferico-preto.png?v=1701355707,kg,,,
chumbada-jig-head-offset-articulado-esferico-ewg-preta,,,,,,,,,14g,,,6/0,,,,,'40851308020214,14.0,,0,continue,manual,5.15,,true,false,,,,,,,,,,,,,,,,,,,,,,,,,,,,https://cdn.shopify.com/s/files/1/0454/5845/6736/products/Jig-Head-Articulado-Esferico-preto.png?v=1701355707,kg,,,
chumbada-jig-head-offset-articulado-esferico-ewg-preta,,,,,,,,,14g,,,7/0,,,,,'40851308020114,14.0,shopify,0,deny,manual,5.32,,true,false,,,,,,,,,,,,,,,,,,,,,,,,,,,,https://cdn.shopify.com/s/files/1/0454/5845/6736/products/Jig-Head-Articulado-Esferico-preto.png?v=1701355707,kg,,,
chumbada-jig-head-offset-articulado-esferico-ewg-preta,,,,,,,,,16g,,,2#,,,,,'40851308020916,16.0,,0,continue,manual,4.07,,true,false,,,,,,,,,,,,,,,,,,,,,,,,,,,,https://cdn.shopify.com/s/files/1/0454/5845/6736/products/Jig-Head-Articulado-Esferico-preto.png?v=1701355707,kg,,,
chumbada-jig-head-offset-articulado-esferico-ewg-preta,,,,,,,,,16g,,,1#,,,,,'40851308020816,16.0,shopify,0,deny,manual,4.07,,true,false,,,,,,,,,,,,,,,,,,,,,,,,,,,,https://cdn.shopify.com/s/files/1/0454/5845/6736/products/Jig-Head-Articulado-Esferico-preto.png?v=1701355707,kg,,,
chumbada-jig-head-offset-articulado-esferico-ewg-preta,,,,,,,,,16g,,,1/0,,,,,'40851308020716,16.0,,0,continue,manual,4.07,,true,false,,,,,,,,,,,,,,,,,,,,,,,,,,,,https://cdn.shopify.com/s/files/1/0454/5845/6736/products/Jig-Head-Articulado-Esferico-preto.png?v=1701355707,kg,,,
chumbada-jig-head-offset-articulado-esferico-ewg-preta,,,,,,,,,16g,,,2/0,,,,,'40851308020616,16.0,,0,continue,manual,4.40,,true,false,,,,,,,,,,,,,,,,,,,,,,,,,,,,https://cdn.shopify.com/s/files/1/0454/5845/6736/products/Jig-Head-Articulado-Esferico-preto.png?v=1701355707,kg,,,
chumbada-jig-head-offset-articulado-esferico-ewg-preta,,,,,,,,,16g,,,3/0,,,,,'40851308020516,16.0,,0,continue,manual,4.61,,true,false,,,,,,,,,,,,,,,,,,,,,,,,,,,,https://cdn.shopify.com/s/files/1/0454/5845/6736/products/Jig-Head-Articulado-Esferico-preto.png?v=1701355707,kg,,,
chumbada-jig-head-offset-articulado-esferico-ewg-preta,,,,,,,,,16g,,,4/0,,,,,'40851308020416,16.0,,0,continue,manual,4.73,,true,false,,,,,,,,,,,,,,,,,,,,,,,,,,,,https://cdn.shopify.com/s/files/1/0454/5845/6736/products/Jig-Head-Articulado-Esferico-preto.png?v=1701355707,kg,,,
chumbada-jig-head-offset-articulado-esferico-ewg-preta,,,,,,,,,16g,,,5/0,,,,,'40851308020316,16.0,,0,continue,manual,4.97,,true,false,,,,,,,,,,,,,,,,,,,,,,,,,,,,https://cdn.shopify.com/s/files/1/0454/5845/6736/products/Jig-Head-Articulado-Esferico-preto.png?v=1701355707,kg,,,
chumbada-jig-head-offset-articulado-esferico-ewg-preta,,,,,,,,,16g,,,6/0,,,,,'40851308020216,16.0,,0,continue,manual,5.15,,true,false,,,,,,,,,,,,,,,,,,,,,,,,,,,,https://cdn.shopify.com/s/files/1/0454/5845/6736/products/Jig-Head-Articulado-Esferico-preto.png?v=1701355707,kg,,,
chumbada-jig-head-offset-articulado-esferico-ewg-preta,,,,,,,,,16g,,,7/0,,,,,'40851308020116,16.0,shopify,0,deny,manual,5.32,,true,false,,,,,,,,,,,,,,,,,,,,,,,,,,,,https://cdn.shopify.com/s/files/1/0454/5845/6736/products/Jig-Head-Articulado-Esferico-preto.png?v=1701355707,kg,,,
chumbada-jig-head-offset-articulado-esferico-ewg-vermelha,Anzol Jig Head Offset Articulado Esférico EWG Vermelha,<p>Chumbada Jig Head Offset Articulado Esférico EWG Vermelha</p>,Chumbada Oficial,,"","Anzol, Articulado, Colorido, Esférico, EWG, Jig Head, Jig Head Offset, Offset, Todos, Vermelha",true,Peso,5g,,Tamanho do Anzol,2#,,,,,'40851308040905,5.0,,0,continue,manual,3.21,,true,false,,,,,,https://cdn.shopify.com/s/files/1/0454/5845/6736/products/Jig-Head-Articulado-Esferico-vermelho_cf037964-e0c6-49fd-86b8-b141c8db727f.png?v=1679599333,1,Chumbada Jig Head Offset Articulado Esférico EWG Vermelha,false,,,,,,,,,,,,,,,,,,,https://cdn.shopify.com/s/files/1/0454/5845/6736/products/Jig-Head-Articulado-Esferico-vermelho_cf037964-e0c6-49fd-86b8-b141c8db727f.png?v=1679599333,kg,,,active
chumbada-jig-head-offset-articulado-esferico-ewg-vermelha,,,,,,,,,5g,,,1#,,,,,'40851308040805,5.0,shopify,0,deny,manual,3.21,,true,false,,,,,,,,,,,,,,,,,,,,,,,,,,,,https://cdn.shopify.com/s/files/1/0454/5845/6736/products/Jig-Head-Articulado-Esferico-vermelho_cf037964-e0c6-49fd-86b8-b141c8db727f.png?v=1679599333,kg,,,
chumbada-jig-head-offset-articulado-esferico-ewg-vermelha,,,,,,,,,5g,,,1/0,,,,,'40851308040705,5.0,,0,continue,manual,3.21,,true,false,,,,,,,,,,,,,,,,,,,,,,,,,,,,https://cdn.shopify.com/s/files/1/0454/5845/6736/products/Jig-Head-Articulado-Esferico-vermelho_cf037964-e0c6-49fd-86b8-b141c8db727f.png?v=1679599333,kg,,,
chumbada-jig-head-offset-articulado-esferico-ewg-vermelha,,,,,,,,,5g,,,2/0,,,,,'40851308040605,5.0,,0,deny,manual,3.54,,true,false,,,,,,,,,,,,,,,,,,,,,,,,,,,,https://cdn.shopify.com/s/files/1/0454/5845/6736/products/Jig-Head-Articulado-Esferico-vermelho_cf037964-e0c6-49fd-86b8-b141c8db727f.png?v=1679599333,kg,,,
chumbada-jig-head-offset-articulado-esferico-ewg-vermelha,,,,,,,,,5g,,,3/0,,,,,'40851308040505,5.0,,-15,continue,manual,3.75,,true,false,,,,,,,,,,,,,,,,,,,,,,,,,,,,https://cdn.shopify.com/s/files/1/0454/5845/6736/products/Jig-Head-Articulado-Esferico-vermelho_cf037964-e0c6-49fd-86b8-b141c8db727f.png?v=1679599333,kg,,,
chumbada-jig-head-offset-articulado-esferico-ewg-vermelha,,,,,,,,,5g,,,4/0,,,,,'40851308040405,5.0,,0,continue,manual,3.87,,true,false,,,,,,,,,,,,,,,,,,,,,,,,,,,,https://cdn.shopify.com/s/files/1/0454/5845/6736/products/Jig-Head-Articulado-Esferico-vermelho_cf037964-e0c6-49fd-86b8-b141c8db727f.png?v=1679599333,kg,,,
chumbada-jig-head-offset-articulado-esferico-ewg-vermelha,,,,,,,,,5g,,,5/0,,,,,'40851308040305,5.0,,0,continue,manual,4.11,,true,false,,,,,,,,,,,,,,,,,,,,,,,,,,,,https://cdn.shopify.com/s/files/1/0454/5845/6736/products/Jig-Head-Articulado-Esferico-vermelho_cf037964-e0c6-49fd-86b8-b141c8db727f.png?v=1679599333,kg,,,
chumbada-jig-head-offset-articulado-esferico-ewg-vermelha,,,,,,,,,5g,,,6/0,,,,,'40851308040205,5.0,,0,continue,manual,4.29,,true,false,,,,,,,,,,,,,,,,,,,,,,,,,,,,https://cdn.shopify.com/s/files/1/0454/5845/6736/products/Jig-Head-Articulado-Esferico-vermelho_cf037964-e0c6-49fd-86b8-b141c8db727f.png?v=1679599333,kg,,,
chumbada-jig-head-offset-articulado-esferico-ewg-vermelha,,,,,,,,,5g,,,7/0,,,,,'40851308040105,5.0,shopify,0,deny,manual,4.46,,true,false,,,,,,,,,,,,,,,,,,,,,,,,,,,,https://cdn.shopify.com/s/files/1/0454/5845/6736/products/Jig-Head-Articulado-Esferico-vermelho_cf037964-e0c6-49fd-86b8-b141c8db727f.png?v=1679599333,kg,,,
chumbada-jig-head-offset-articulado-esferico-ewg-vermelha,,,,,,,,,7g,,,2#,,,,,'40851308040907,7.0,,0,continue,manual,3.21,,true,false,,,,,,,,,,,,,,,,,,,,,,,,,,,,https://cdn.shopify.com/s/files/1/0454/5845/6736/products/Jig-Head-Articulado-Esferico-vermelho_cf037964-e0c6-49fd-86b8-b141c8db727f.png?v=1679599333,kg,,,
chumbada-jig-head-offset-articulado-esferico-ewg-vermelha,,,,,,,,,7g,,,1#,,,,,'40851308040807,7.0,shopify,0,deny,manual,3.21,,true,false,,,,,,,,,,,,,,,,,,,,,,,,,,,,https://cdn.shopify.com/s/files/1/0454/5845/6736/products/Jig-Head-Articulado-Esferico-vermelho_cf037964-e0c6-49fd-86b8-b141c8db727f.png?v=1679599333,kg,,,
chumbada-jig-head-offset-articulado-esferico-ewg-vermelha,,,,,,,,,7g,,,1/0,,,,,'40851308040707,7.0,,0,continue,manual,3.21,,true,false,,,,,,,,,,,,,,,,,,,,,,,,,,,,https://cdn.shopify.com/s/files/1/0454/5845/6736/products/Jig-Head-Articulado-Esferico-vermelho_cf037964-e0c6-49fd-86b8-b141c8db727f.png?v=1679599333,kg,,,
chumbada-jig-head-offset-articulado-esferico-ewg-vermelha,,,,,,,,,7g,,,2/0,,,,,'40851308040607,7.0,,0,continue,manual,3.54,,true,false,,,,,,,,,,,,,,,,,,,,,,,,,,,,https://cdn.shopify.com/s/files/1/0454/5845/6736/products/Jig-Head-Articulado-Esferico-vermelho_cf037964-e0c6-49fd-86b8-b141c8db727f.png?v=1679599333,kg,,,
chumbada-jig-head-offset-articulado-esferico-ewg-vermelha,,,,,,,,,7g,,,3/0,,,,,'40851308040507,7.0,,-15,continue,manual,3.75,,true,false,,,,,,,,,,,,,,,,,,,,,,,,,,,,https://cdn.shopify.com/s/files/1/0454/5845/6736/products/Jig-Head-Articulado-Esferico-vermelho_cf037964-e0c6-49fd-86b8-b141c8db727f.png?v=1679599333,kg,,,
chumbada-jig-head-offset-articulado-esferico-ewg-vermelha,,,,,,,,,7g,,,4/0,,,,,'40851308040407,7.0,,0,continue,manual,3.87,,true,false,,,,,,,,,,,,,,,,,,,,,,,,,,,,https://cdn.shopify.com/s/files/1/0454/5845/6736/products/Jig-Head-Articulado-Esferico-vermelho_cf037964-e0c6-49fd-86b8-b141c8db727f.png?v=1679599333,kg,,,
chumbada-jig-head-offset-articulado-esferico-ewg-vermelha,,,,,,,,,7g,,,5/0,,,,,'40851308040307,7.0,,-15,continue,manual,4.11,,true,false,,,,,,,,,,,,,,,,,,,,,,,,,,,,https://cdn.shopify.com/s/files/1/0454/5845/6736/products/Jig-Head-Articulado-Esferico-vermelho_cf037964-e0c6-49fd-86b8-b141c8db727f.png?v=1679599333,kg,,,
chumbada-jig-head-offset-articulado-esferico-ewg-vermelha,,,,,,,,,7g,,,6/0,,,,,'40851308040207,7.0,,0,continue,manual,4.29,,true,false,,,,,,,,,,,,,,,,,,,,,,,,,,,,https://cdn.shopify.com/s/files/1/0454/5845/6736/products/Jig-Head-Articulado-Esferico-vermelho_cf037964-e0c6-49fd-86b8-b141c8db727f.png?v=1679599333,kg,,,
chumbada-jig-head-offset-articulado-esferico-ewg-vermelha,,,,,,,,,7g,,,7/0,,,,,'40851308040107,7.0,shopify,0,deny,manual,4.46,,true,false,,,,,,,,,,,,,,,,,,,,,,,,,,,,https://cdn.shopify.com/s/files/1/0454/5845/6736/products/Jig-Head-Articulado-Esferico-vermelho_cf037964-e0c6-49fd-86b8-b141c8db727f.png?v=1679599333,kg,,,
chumbada-jig-head-offset-articulado-esferico-ewg-vermelha,,,,,,,,,9g,,,2#,,,,,'40851308040909,9.0,,0,continue,manual,3.21,,true,false,,,,,,,,,,,,,,,,,,,,,,,,,,,,https://cdn.shopify.com/s/files/1/0454/5845/6736/products/Jig-Head-Articulado-Esferico-vermelho_cf037964-e0c6-49fd-86b8-b141c8db727f.png?v=1679599333,kg,,,
chumbada-jig-head-offset-articulado-esferico-ewg-vermelha,,,,,,,,,9g,,,1#,,,,,'40851308040809,9.0,shopify,0,deny,manual,3.21,,true,false,,,,,,,,,,,,,,,,,,,,,,,,,,,,https://cdn.shopify.com/s/files/1/0454/5845/6736/products/Jig-Head-Articulado-Esferico-vermelho_cf037964-e0c6-49fd-86b8-b141c8db727f.png?v=1679599333,kg,,,
chumbada-jig-head-offset-articulado-esferico-ewg-vermelha,,,,,,,,,9g,,,1/0,,,,,'40851308040709,9.0,,0,continue,manual,3.21,,true,false,,,,,,,,,,,,,,,,,,,,,,,,,,,,https://cdn.shopify.com/s/files/1/0454/5845/6736/products/Jig-Head-Articulado-Esferico-vermelho_cf037964-e0c6-49fd-86b8-b141c8db727f.png?v=1679599333,kg,,,
chumbada-jig-head-offset-articulado-esferico-ewg-vermelha,,,,,,,,,9g,,,2/0,,,,,'40851308040609,9.0,,0,continue,manual,3.54,,true,false,,,,,,,,,,,,,,,,,,,,,,,,,,,,https://cdn.shopify.com/s/files/1/0454/5845/6736/products/Jig-Head-Articulado-Esferico-vermelho_cf037964-e0c6-49fd-86b8-b141c8db727f.png?v=1679599333,kg,,,
chumbada-jig-head-offset-articulado-esferico-ewg-vermelha,,,,,,,,,9g,,,3/0,,,,,'40851308040509,9.0,,-15,continue,manual,3.75,,true,false,,,,,,,,,,,,,,,,,,,,,,,,,,,,https://cdn.shopify.com/s/files/1/0454/5845/6736/products/Jig-Head-Articulado-Esferico-vermelho_cf037964-e0c6-49fd-86b8-b141c8db727f.png?v=1679599333,kg,,,
chumbada-jig-head-offset-articulado-esferico-ewg-vermelha,,,,,,,,,9g,,,4/0,,,,,'40851308040409,9.0,,0,continue,manual,3.87,,true,false,,,,,,,,,,,,,,,,,,,,,,,,,,,,https://cdn.shopify.com/s/files/1/0454/5845/6736/products/Jig-Head-Articulado-Esferico-vermelho_cf037964-e0c6-49fd-86b8-b141c8db727f.png?v=1679599333,kg,,,
chumbada-jig-head-offset-articulado-esferico-ewg-vermelha,,,,,,,,,9g,,,5/0,,,,,'40851308040309,9.0,,0,continue,manual,4.11,,true,false,,,,,,,,,,,,,,,,,,,,,,,,,,,,https://cdn.shopify.com/s/files/1/0454/5845/6736/products/Jig-Head-Articulado-Esferico-vermelho_cf037964-e0c6-49fd-86b8-b141c8db727f.png?v=1679599333,kg,,,
chumbada-jig-head-offset-articulado-esferico-ewg-vermelha,,,,,,,,,9g,,,6/0,,,,,'40851308040209,9.0,,0,continue,manual,4.29,,true,false,,,,,,,,,,,,,,,,,,,,,,,,,,,,https://cdn.shopify.com/s/files/1/0454/5845/6736/products/Jig-Head-Articulado-Esferico-vermelho_cf037964-e0c6-49fd-86b8-b141c8db727f.png?v=1679599333,kg,,,
chumbada-jig-head-offset-articulado-esferico-ewg-vermelha,,,,,,,,,9g,,,7/0,,,,,'40851308040109,9.0,shopify,-18,deny,manual,4.46,,true,false,,,,,,,,,,,,,,,,,,,,,,,,,,,,https://cdn.shopify.com/s/files/1/0454/5845/6736/products/Jig-Head-Articulado-Esferico-vermelho_cf037964-e0c6-49fd-86b8-b141c8db727f.png?v=1679599333,kg,,,
chumbada-jig-head-offset-articulado-esferico-ewg-vermelha,,,,,,,,,12g,,,2#,,,,,'40851308040912,12.0,,0,continue,manual,4.07,,true,false,,,,,,,,,,,,,,,,,,,,,,,,,,,,https://cdn.shopify.com/s/files/1/0454/5845/6736/products/Jig-Head-Articulado-Esferico-vermelho_cf037964-e0c6-49fd-86b8-b141c8db727f.png?v=1679599333,kg,,,
chumbada-jig-head-offset-articulado-esferico-ewg-vermelha,,,,,,,,,12g,,,1#,,,,,'40851308040812,12.0,shopify,0,deny,manual,4.07,,true,false,,,,,,,,,,,,,,,,,,,,,,,,,,,,https://cdn.shopify.com/s/files/1/0454/5845/6736/products/Jig-Head-Articulado-Esferico-vermelho_cf037964-e0c6-49fd-86b8-b141c8db727f.png?v=1679599333,kg,,,
chumbada-jig-head-offset-articulado-esferico-ewg-vermelha,,,,,,,,,12g,,,1/0,,,,,'40851308040712,12.0,,0,continue,manual,4.07,,true,false,,,,,,,,,,,,,,,,,,,,,,,,,,,,https://cdn.shopify.com/s/files/1/0454/5845/6736/products/Jig-Head-Articulado-Esferico-vermelho_cf037964-e0c6-49fd-86b8-b141c8db727f.png?v=1679599333,kg,,,
chumbada-jig-head-offset-articulado-esferico-ewg-vermelha,,,,,,,,,12g,,,2/0,,,,,'40851308040612,12.0,,0,continue,manual,4.40,,true,false,,,,,,,,,,,,,,,,,,,,,,,,,,,,https://cdn.shopify.com/s/files/1/0454/5845/6736/products/Jig-Head-Articulado-Esferico-vermelho_cf037964-e0c6-49fd-86b8-b141c8db727f.png?v=1679599333,kg,,,
chumbada-jig-head-offset-articulado-esferico-ewg-vermelha,,,,,,,,,12g,,,3/0,,,,,'40851308040512,12.0,,-15,continue,manual,4.61,,true,false,,,,,,,,,,,,,,,,,,,,,,,,,,,,https://cdn.shopify.com/s/files/1/0454/5845/6736/products/Jig-Head-Articulado-Esferico-vermelho_cf037964-e0c6-49fd-86b8-b141c8db727f.png?v=1679599333,kg,,,
chumbada-jig-head-offset-articulado-esferico-ewg-vermelha,,,,,,,,,12g,,,4/0,,,,,'40851308040412,12.0,,0,continue,manual,4.73,,true,false,,,,,,,,,,,,,,,,,,,,,,,,,,,,https://cdn.shopify.com/s/files/1/0454/5845/6736/products/Jig-Head-Articulado-Esferico-vermelho_cf037964-e0c6-49fd-86b8-b141c8db727f.png?v=1679599333,kg,,,
chumbada-jig-head-offset-articulado-esferico-ewg-vermelha,,,,,,,,,12g,,,5/0,,,,,'40851308040312,12.0,,-15,continue,manual,4.97,,true,false,,,,,,,,,,,,,,,,,,,,,,,,,,,,https://cdn.shopify.com/s/files/1/0454/5845/6736/products/Jig-Head-Articulado-Esferico-vermelho_cf037964-e0c6-49fd-86b8-b141c8db727f.png?v=1679599333,kg,,,
chumbada-jig-head-offset-articulado-esferico-ewg-vermelha,,,,,,,,,12g,,,6/0,,,,,'40851308040212,12.0,,0,continue,manual,5.15,,true,false,,,,,,,,,,,,,,,,,,,,,,,,,,,,https://cdn.shopify.com/s/files/1/0454/5845/6736/products/Jig-Head-Articulado-Esferico-vermelho_cf037964-e0c6-49fd-86b8-b141c8db727f.png?v=1679599333,kg,,,
chumbada-jig-head-offset-articulado-esferico-ewg-vermelha,,,,,,,,,12g,,,7/0,,,,,'40851308040112,12.0,shopify,0,deny,manual,5.32,,true,false,,,,,,,,,,,,,,,,,,,,,,,,,,,,https://cdn.shopify.com/s/files/1/0454/5845/6736/products/Jig-Head-Articulado-Esferico-vermelho_cf037964-e0c6-49fd-86b8-b141c8db727f.png?v=1679599333,kg,,,
chumbada-jig-head-offset-articulado-esferico-ewg-vermelha,,,,,,,,,14g,,,2#,,,,,'40851308040914,14.0,,0,continue,manual,4.07,,true,false,,,,,,,,,,,,,,,,,,,,,,,,,,,,https://cdn.shopify.com/s/files/1/0454/5845/6736/products/Jig-Head-Articulado-Esferico-vermelho_cf037964-e0c6-49fd-86b8-b141c8db727f.png?v=1679599333,kg,,,
chumbada-jig-head-offset-articulado-esferico-ewg-vermelha,,,,,,,,,14g,,,1#,,,,,'40851308040814,14.0,shopify,0,deny,manual,4.07,,true,false,,,,,,,,,,,,,,,,,,,,,,,,,,,,https://cdn.shopify.com/s/files/1/0454/5845/6736/products/Jig-Head-Articulado-Esferico-vermelho_cf037964-e0c6-49fd-86b8-b141c8db727f.png?v=1679599333,kg,,,
chumbada-jig-head-offset-articulado-esferico-ewg-vermelha,,,,,,,,,14g,,,1/0,,,,,'40851308040714,14.0,,0,continue,manual,4.07,,true,false,,,,,,,,,,,,,,,,,,,,,,,,,,,,https://cdn.shopify.com/s/files/1/0454/5845/6736/products/Jig-Head-Articulado-Esferico-vermelho_cf037964-e0c6-49fd-86b8-b141c8db727f.png?v=1679599333,kg,,,
chumbada-jig-head-offset-articulado-esferico-ewg-vermelha,,,,,,,,,14g,,,2/0,,,,,'40851308040614,14.0,,0,continue,manual,4.40,,true,false,,,,,,,,,,,,,,,,,,,,,,,,,,,,https://cdn.shopify.com/s/files/1/0454/5845/6736/products/Jig-Head-Articulado-Esferico-vermelho_cf037964-e0c6-49fd-86b8-b141c8db727f.png?v=1679599333,kg,,,
chumbada-jig-head-offset-articulado-esferico-ewg-vermelha,,,,,,,,,14g,,,3/0,,,,,'40851308040514,14.0,,0,continue,manual,4.61,,true,false,,,,,,,,,,,,,,,,,,,,,,,,,,,,https://cdn.shopify.com/s/files/1/0454/5845/6736/products/Jig-Head-Articulado-Esferico-vermelho_cf037964-e0c6-49fd-86b8-b141c8db727f.png?v=1679599333,kg,,,
chumbada-jig-head-offset-articulado-esferico-ewg-vermelha,,,,,,,,,14g,,,4/0,,,,,'40851308040414,14.0,,0,continue,manual,4.73,,true,false,,,,,,,,,,,,,,,,,,,,,,,,,,,,https://cdn.shopify.com/s/files/1/0454/5845/6736/products/Jig-Head-Articulado-Esferico-vermelho_cf037964-e0c6-49fd-86b8-b141c8db727f.png?v=1679599333,kg,,,
chumbada-jig-head-offset-articulado-esferico-ewg-vermelha,,,,,,,,,14g,,,5/0,,,,,'40851308040314,14.0,,0,continue,manual,4.97,,true,false,,,,,,,,,,,,,,,,,,,,,,,,,,,,https://cdn.shopify.com/s/files/1/0454/5845/6736/products/Jig-Head-Articulado-Esferico-vermelho_cf037964-e0c6-49fd-86b8-b141c8db727f.png?v=1679599333,kg,,,
chumbada-jig-head-offset-articulado-esferico-ewg-vermelha,,,,,,,,,14g,,,6/0,,,,,'40851308040214,14.0,,0,continue,manual,5.15,,true,false,,,,,,,,,,,,,,,,,,,,,,,,,,,,https://cdn.shopify.com/s/files/1/0454/5845/6736/products/Jig-Head-Articulado-Esferico-vermelho_cf037964-e0c6-49fd-86b8-b141c8db727f.png?v=1679599333,kg,,,
chumbada-jig-head-offset-articulado-esferico-ewg-vermelha,,,,,,,,,14g,,,7/0,,,,,'40851308040114,14.0,shopify,0,deny,manual,5.32,,true,false,,,,,,,,,,,,,,,,,,,,,,,,,,,,https://cdn.shopify.com/s/files/1/0454/5845/6736/products/Jig-Head-Articulado-Esferico-vermelho_cf037964-e0c6-49fd-86b8-b141c8db727f.png?v=1679599333,kg,,,
chumbada-jig-head-offset-articulado-esferico-ewg-vermelha,,,,,,,,,16g,,,2#,,,,,'40851308040916,16.0,,0,continue,manual,4.07,,true,false,,,,,,,,,,,,,,,,,,,,,,,,,,,,https://cdn.shopify.com/s/files/1/0454/5845/6736/products/Jig-Head-Articulado-Esferico-vermelho_cf037964-e0c6-49fd-86b8-b141c8db727f.png?v=1679599333,kg,,,
chumbada-jig-head-offset-articulado-esferico-ewg-vermelha,,,,,,,,,16g,,,1#,,,,,'40851308040816,16.0,shopify,0,deny,manual,4.07,,true,false,,,,,,,,,,,,,,,,,,,,,,,,,,,,https://cdn.shopify.com/s/files/1/0454/5845/6736/products/Jig-Head-Articulado-Esferico-vermelho_cf037964-e0c6-49fd-86b8-b141c8db727f.png?v=1679599333,kg,,,
chumbada-jig-head-offset-articulado-esferico-ewg-vermelha,,,,,,,,,16g,,,1/0,,,,,'40851308040716,16.0,,0,continue,manual,4.07,,true,false,,,,,,,,,,,,,,,,,,,,,,,,,,,,https://cdn.shopify.com/s/files/1/0454/5845/6736/products/Jig-Head-Articulado-Esferico-vermelho_cf037964-e0c6-49fd-86b8-b141c8db727f.png?v=1679599333,kg,,,
chumbada-jig-head-offset-articulado-esferico-ewg-vermelha,,,,,,,,,16g,,,2/0,,,,,'40851308040616,16.0,,0,continue,manual,4.40,,true,false,,,,,,,,,,,,,,,,,,,,,,,,,,,,https://cdn.shopify.com/s/files/1/0454/5845/6736/products/Jig-Head-Articulado-Esferico-vermelho_cf037964-e0c6-49fd-86b8-b141c8db727f.png?v=1679599333,kg,,,
chumbada-jig-head-offset-articulado-esferico-ewg-vermelha,,,,,,,,,16g,,,3/0,,,,,'40851308040516,16.0,,-15,continue,manual,4.61,,true,false,,,,,,,,,,,,,,,,,,,,,,,,,,,,https://cdn.shopify.com/s/files/1/0454/5845/6736/products/Jig-Head-Articulado-Esferico-vermelho_cf037964-e0c6-49fd-86b8-b141c8db727f.png?v=1679599333,kg,,,
chumbada-jig-head-offset-articulado-esferico-ewg-vermelha,,,,,,,,,16g,,,4/0,,,,,'40851308040416,16.0,,0,continue,manual,4.73,,true,false,,,,,,,,,,,,,,,,,,,,,,,,,,,,https://cdn.shopify.com/s/files/1/0454/5845/6736/products/Jig-Head-Articulado-Esferico-vermelho_cf037964-e0c6-49fd-86b8-b141c8db727f.png?v=1679599333,kg,,,
chumbada-jig-head-offset-articulado-esferico-ewg-vermelha,,,,,,,,,16g,,,5/0,,,,,'40851308040316,16.0,,-15,continue,manual,4.97,,true,false,,,,,,,,,,,,,,,,,,,,,,,,,,,,https://cdn.shopify.com/s/files/1/0454/5845/6736/products/Jig-Head-Articulado-Esferico-vermelho_cf037964-e0c6-49fd-86b8-b141c8db727f.png?v=1679599333,kg,,,
chumbada-jig-head-offset-articulado-esferico-ewg-vermelha,,,,,,,,,16g,,,6/0,,,,,'40851308040216,16.0,,0,continue,manual,5.15,,true,false,,,,,,,,,,,,,,,,,,,,,,,,,,,,https://cdn.shopify.com/s/files/1/0454/5845/6736/products/Jig-Head-Articulado-Esferico-vermelho_cf037964-e0c6-49fd-86b8-b141c8db727f.png?v=1679599333,kg,,,
chumbada-jig-head-offset-articulado-esferico-ewg-vermelha,,,,,,,,,16g,,,7/0,,,,,'40851308040116,16.0,shopify,0,deny,manual,5.32,,true,false,,,,,,,,,,,,,,,,,,,,,,,,,,,,https://cdn.shopify.com/s/files/1/0454/5845/6736/products/Jig-Head-Articulado-Esferico-vermelho_cf037964-e0c6-49fd-86b8-b141c8db727f.png?v=1679599333,kg,,,
jig-head-offset-60º-com-mola-sapatinho-natural,Anzol Jig Head Offset 60º com Mola Sapatinho Natural,"<p><span>Jig Head Sapatinho com mola </span></p>
<p><span>O Jig Head Sapatinho é um tipo de Jig Head fabricado em chumbo que possui um formato de sapato, com uma superfície plana na parte inferior, mantendo a isca inclinada e visível para o peixe, o que aumenta a probabilidade de atrair sua atenção e desencadear um ataque. A inclinação da isca também permite que ela se mova mais naturalmente na água, imitando o movimento de uma presa real como se fosse um peixinho se alimentando no fundo do rio. </span></p>
<p><span>Esse formato de Jig Head faz com que o mesmo funcione como um “João Bobo”, priorizando sempre a posição da isca em 45°. </span></p>
<p><span>A mola acoplada ao anzol facilita a montagem e colocação da isca soft. </span></p>
<p><span>Esse tipo de Jig Head é frequentemente utilizado em pescarias de água doce e salgada, para capturar diferentes espécies de peixes. É uma opção versátil e eficaz para quem busca uma isca que se mantenha no lugar e atraia os peixes com mais facilidade.</span></p>",Chumbada Oficial,Sem categoria,"","Anzol, com mola, Jig Head, Jig Head Offset, jig head sapatinho, natural, Offset, Sapatinho, Todos",true,Peso,10g,,Tamanho do Anzol,1/0,,,,,'40881507010710,10.0,,0,deny,manual,2.66,,true,false,,,,,,https://cdn.shopify.com/s/files/1/0454/5845/6736/products/Jig-Head-Offset-60o-com-Mola-Sapatinho-10g_16741a00-991a-49b6-b506-4027ae869407.png?v=1701355642,1,"",false,,,,,,,,,,,,,,,,,,,https://cdn.shopify.com/s/files/1/0454/5845/6736/products/Jig-Head-Offset-60o-com-Mola-Sapatinho-10g_16741a00-991a-49b6-b506-4027ae869407.png?v=1701355642,g,,,active
jig-head-offset-60º-com-mola-sapatinho-natural,,,,,,,,,10g,,,2/0,,,,,'40881507010610,10.0,,0,deny,manual,2.66,,true,false,,,,,,https://cdn.shopify.com/s/files/1/0454/5845/6736/products/Jig-Head-Offset-60o-com-Mola-Sapatinho-12g_3dead401-f994-4c6f-b894-b72571b13120.png?v=1701355642,2,"",,,,,,,,,,,,,,,,,,,,https://cdn.shopify.com/s/files/1/0454/5845/6736/products/Jig-Head-Offset-60o-com-Mola-Sapatinho-10g_16741a00-991a-49b6-b506-4027ae869407.png?v=1701355642,g,,,
jig-head-offset-60º-com-mola-sapatinho-natural,,,,,,,,,10g,,,3/0,,,,,'40881507010510,10.0,,-40,deny,manual,2.66,,true,false,,,,,,https://cdn.shopify.com/s/files/1/0454/5845/6736/products/Jig-Head-Offset-60o-com-Mola-Sapatinho-14g_9303c5a8-459c-4e95-9480-0430734db6b1.png?v=1701355642,3,"",,,,,,,,,,,,,,,,,,,,https://cdn.shopify.com/s/files/1/0454/5845/6736/products/Jig-Head-Offset-60o-com-Mola-Sapatinho-10g_16741a00-991a-49b6-b506-4027ae869407.png?v=1701355642,g,,,
jig-head-offset-60º-com-mola-sapatinho-natural,,,,,,,,,10g,,,4/0,,,,,'40881507010410,10.0,,-15,deny,manual,2.66,,true,false,,,,,,https://cdn.shopify.com/s/files/1/0454/5845/6736/products/Jig-Head-Offset-60o-com-Mola-Sapatinho-16g_039f4703-879d-4c50-a5c0-5b4c5cb4fb79.png?v=1701355642,4,"",,,,,,,,,,,,,,,,,,,,https://cdn.shopify.com/s/files/1/0454/5845/6736/products/Jig-Head-Offset-60o-com-Mola-Sapatinho-10g_16741a00-991a-49b6-b506-4027ae869407.png?v=1701355642,g,,,
jig-head-offset-60º-com-mola-sapatinho-natural,,,,,,,,,10g,,,5/0,,,,,'40881507010310,10.0,shopify,-55,deny,manual,2.66,,true,false,,,,,,https://cdn.shopify.com/s/files/1/0454/5845/6736/products/Jig-Head-Offset-60o-com-Mola-Sapatinho-18g_85e8e9f8-859a-4218-b352-f477f8ee7c2e.png?v=1701355642,5,"",,,,,,,,,,,,,,,,,,,,https://cdn.shopify.com/s/files/1/0454/5845/6736/products/Jig-Head-Offset-60o-com-Mola-Sapatinho-10g_16741a00-991a-49b6-b506-4027ae869407.png?v=1701355642,g,,,
jig-head-offset-60º-com-mola-sapatinho-natural,,,,,,,,,10g,,,6/0,,,,,'40881507010210,10.0,,-10,deny,manual,2.66,,true,false,,,,,,https://cdn.shopify.com/s/files/1/0454/5845/6736/products/Jig-Head-Offset-60o-com-Mola-Sapatinho-20g_1db153e0-79cf-4dd8-a0ca-8506a799dfdb.png?v=1701355642,6,"",,,,,,,,,,,,,,,,,,,,https://cdn.shopify.com/s/files/1/0454/5845/6736/products/Jig-Head-Offset-60o-com-Mola-Sapatinho-10g_16741a00-991a-49b6-b506-4027ae869407.png?v=1701355642,g,,,
jig-head-offset-60º-com-mola-sapatinho-natural,,,,,,,,,10g,,,7/0,,,,,'40881507010110,10.0,,0,deny,manual,2.66,,true,false,,,,,,,,,,,,,,,,,,,,,,,,,,,,https://cdn.shopify.com/s/files/1/0454/5845/6736/products/Jig-Head-Offset-60o-com-Mola-Sapatinho-10g_16741a00-991a-49b6-b506-4027ae869407.png?v=1701355642,g,,,
jig-head-offset-60º-com-mola-sapatinho-natural,,,,,,,,,12g,,,1/0,,,,,'40881507010712,10.0,,0,deny,manual,2.66,,true,false,,,,,,,,,,,,,,,,,,,,,,,,,,,,https://cdn.shopify.com/s/files/1/0454/5845/6736/products/Jig-Head-Offset-60o-com-Mola-Sapatinho-10g_16741a00-991a-49b6-b506-4027ae869407.png?v=1701355642,g,,,
jig-head-offset-60º-com-mola-sapatinho-natural,,,,,,,,,12g,,,2/0,,,,,'40881507010612,10.0,,0,deny,manual,2.66,,true,false,,,,,,,,,,,,,,,,,,,,,,,,,,,,https://cdn.shopify.com/s/files/1/0454/5845/6736/products/Jig-Head-Offset-60o-com-Mola-Sapatinho-10g_16741a00-991a-49b6-b506-4027ae869407.png?v=1701355642,g,,,
jig-head-offset-60º-com-mola-sapatinho-natural,,,,,,,,,12g,,,3/0,,,,,'40881507010512,12.0,,0,deny,manual,2.66,,true,false,,,,,,,,,,,,,,,,,,,,,,,,,,,,https://cdn.shopify.com/s/files/1/0454/5845/6736/products/Jig-Head-Offset-60o-com-Mola-Sapatinho-10g_16741a00-991a-49b6-b506-4027ae869407.png?v=1701355642,g,,,
jig-head-offset-60º-com-mola-sapatinho-natural,,,,,,,,,12g,,,4/0,,,,,'40881507010412,12.0,,0,deny,manual,2.66,,true,false,,,,,,,,,,,,,,,,,,,,,,,,,,,,https://cdn.shopify.com/s/files/1/0454/5845/6736/products/Jig-Head-Offset-60o-com-Mola-Sapatinho-10g_16741a00-991a-49b6-b506-4027ae869407.png?v=1701355642,g,,,
jig-head-offset-60º-com-mola-sapatinho-natural,,,,,,,,,12g,,,5/0,,,,,'40881507010312,12.0,shopify,0,deny,manual,2.66,,true,false,,,,,,,,,,,,,,,,,,,,,,,,,,,,https://cdn.shopify.com/s/files/1/0454/5845/6736/products/Jig-Head-Offset-60o-com-Mola-Sapatinho-10g_16741a00-991a-49b6-b506-4027ae869407.png?v=1701355642,g,,,
jig-head-offset-60º-com-mola-sapatinho-natural,,,,,,,,,12g,,,6/0,,,,,'40881507010212,12.0,,0,deny,manual,2.66,,true,false,,,,,,,,,,,,,,,,,,,,,,,,,,,,https://cdn.shopify.com/s/files/1/0454/5845/6736/products/Jig-Head-Offset-60o-com-Mola-Sapatinho-10g_16741a00-991a-49b6-b506-4027ae869407.png?v=1701355642,g,,,
jig-head-offset-60º-com-mola-sapatinho-natural,,,,,,,,,12g,,,7/0,,,,,'40881507010112,12.0,,0,deny,manual,2.66,,true,false,,,,,,,,,,,,,,,,,,,,,,,,,,,,https://cdn.shopify.com/s/files/1/0454/5845/6736/products/Jig-Head-Offset-60o-com-Mola-Sapatinho-10g_16741a00-991a-49b6-b506-4027ae869407.png?v=1701355642,g,,,
jig-head-offset-60º-com-mola-sapatinho-natural,,,,,,,,,14g,,,1/0,,,,,'40881507010714,10.0,,0,deny,manual,2.66,,true,false,,,,,,,,,,,,,,,,,,,,,,,,,,,,https://cdn.shopify.com/s/files/1/0454/5845/6736/products/Jig-Head-Offset-60o-com-Mola-Sapatinho-10g_16741a00-991a-49b6-b506-4027ae869407.png?v=1701355642,g,,,
jig-head-offset-60º-com-mola-sapatinho-natural,,,,,,,,,14g,,,2/0,,,,,'40881507010614,10.0,,0,deny,manual,2.66,,true,false,,,,,,,,,,,,,,,,,,,,,,,,,,,,https://cdn.shopify.com/s/files/1/0454/5845/6736/products/Jig-Head-Offset-60o-com-Mola-Sapatinho-10g_16741a00-991a-49b6-b506-4027ae869407.png?v=1701355642,g,,,
jig-head-offset-60º-com-mola-sapatinho-natural,,,,,,,,,14g,,,3/0,,,,,'40881507010514,14.0,,0,deny,manual,2.66,,true,false,,,,,,,,,,,,,,,,,,,,,,,,,,,,https://cdn.shopify.com/s/files/1/0454/5845/6736/products/Jig-Head-Offset-60o-com-Mola-Sapatinho-10g_16741a00-991a-49b6-b506-4027ae869407.png?v=1701355642,g,,,
jig-head-offset-60º-com-mola-sapatinho-natural,,,,,,,,,14g,,,4/0,,,,,'40881507010414,14.0,,0,deny,manual,2.66,,true,false,,,,,,,,,,,,,,,,,,,,,,,,,,,,https://cdn.shopify.com/s/files/1/0454/5845/6736/products/Jig-Head-Offset-60o-com-Mola-Sapatinho-10g_16741a00-991a-49b6-b506-4027ae869407.png?v=1701355642,g,,,
jig-head-offset-60º-com-mola-sapatinho-natural,,,,,,,,,14g,,,5/0,,,,,'40881507010314,14.0,shopify,0,deny,manual,2.66,,true,false,,,,,,,,,,,,,,,,,,,,,,,,,,,,https://cdn.shopify.com/s/files/1/0454/5845/6736/products/Jig-Head-Offset-60o-com-Mola-Sapatinho-10g_16741a00-991a-49b6-b506-4027ae869407.png?v=1701355642,g,,,
jig-head-offset-60º-com-mola-sapatinho-natural,,,,,,,,,14g,,,6/0,,,,,'40881507010214,14.0,,0,deny,manual,2.66,,true,false,,,,,,,,,,,,,,,,,,,,,,,,,,,,https://cdn.shopify.com/s/files/1/0454/5845/6736/products/Jig-Head-Offset-60o-com-Mola-Sapatinho-10g_16741a00-991a-49b6-b506-4027ae869407.png?v=1701355642,g,,,
jig-head-offset-60º-com-mola-sapatinho-natural,,,,,,,,,14g,,,7/0,,,,,'40881507010114,14.0,,0,deny,manual,2.66,,true,false,,,,,,,,,,,,,,,,,,,,,,,,,,,,https://cdn.shopify.com/s/files/1/0454/5845/6736/products/Jig-Head-Offset-60o-com-Mola-Sapatinho-10g_16741a00-991a-49b6-b506-4027ae869407.png?v=1701355642,g,,,
jig-head-offset-60º-com-mola-sapatinho-natural,,,,,,,,,16g,,,1/0,,,,,'40881507010716,10.0,,0,deny,manual,2.66,,true,false,,,,,,,,,,,,,,,,,,,,,,,,,,,,https://cdn.shopify.com/s/files/1/0454/5845/6736/products/Jig-Head-Offset-60o-com-Mola-Sapatinho-10g_16741a00-991a-49b6-b506-4027ae869407.png?v=1701355642,g,,,
jig-head-offset-60º-com-mola-sapatinho-natural,,,,,,,,,16g,,,2/0,,,,,'40881507010616,10.0,,0,deny,manual,2.66,,true,false,,,,,,,,,,,,,,,,,,,,,,,,,,,,https://cdn.shopify.com/s/files/1/0454/5845/6736/products/Jig-Head-Offset-60o-com-Mola-Sapatinho-10g_16741a00-991a-49b6-b506-4027ae869407.png?v=1701355642,g,,,
jig-head-offset-60º-com-mola-sapatinho-natural,,,,,,,,,16g,,,3/0,,,,,'40881507010516,16.0,,-10,deny,manual,2.66,,true,false,,,,,,,,,,,,,,,,,,,,,,,,,,,,https://cdn.shopify.com/s/files/1/0454/5845/6736/products/Jig-Head-Offset-60o-com-Mola-Sapatinho-10g_16741a00-991a-49b6-b506-4027ae869407.png?v=1701355642,g,,,
jig-head-offset-60º-com-mola-sapatinho-natural,,,,,,,,,16g,,,4/0,,,,,'40881507010416,16.0,,0,deny,manual,2.66,,true,false,,,,,,,,,,,,,,,,,,,,,,,,,,,,https://cdn.shopify.com/s/files/1/0454/5845/6736/products/Jig-Head-Offset-60o-com-Mola-Sapatinho-10g_16741a00-991a-49b6-b506-4027ae869407.png?v=1701355642,g,,,
jig-head-offset-60º-com-mola-sapatinho-natural,,,,,,,,,16g,,,5/0,,,,,'40881507010316,16.0,shopify,0,deny,manual,2.66,,true,false,,,,,,,,,,,,,,,,,,,,,,,,,,,,https://cdn.shopify.com/s/files/1/0454/5845/6736/products/Jig-Head-Offset-60o-com-Mola-Sapatinho-10g_16741a00-991a-49b6-b506-4027ae869407.png?v=1701355642,g,,,
jig-head-offset-60º-com-mola-sapatinho-natural,,,,,,,,,16g,,,6/0,,,,,'40881507010216,16.0,,0,deny,manual,2.66,,true,false,,,,,,,,,,,,,,,,,,,,,,,,,,,,https://cdn.shopify.com/s/files/1/0454/5845/6736/products/Jig-Head-Offset-60o-com-Mola-Sapatinho-10g_16741a00-991a-49b6-b506-4027ae869407.png?v=1701355642,g,,,
jig-head-offset-60º-com-mola-sapatinho-natural,,,,,,,,,16g,,,7/0,,,,,'40881507010116,16.0,,0,deny,manual,2.66,,true,false,,,,,,,,,,,,,,,,,,,,,,,,,,,,https://cdn.shopify.com/s/files/1/0454/5845/6736/products/Jig-Head-Offset-60o-com-Mola-Sapatinho-10g_16741a00-991a-49b6-b506-4027ae869407.png?v=1701355642,g,,,
jig-head-offset-60º-com-mola-sapatinho-natural,,,,,,,,,18g,,,1/0,,,,,'40881507010718,10.0,,0,deny,manual,2.66,,true,false,,,,,,,,,,,,,,,,,,,,,,,,,,,,https://cdn.shopify.com/s/files/1/0454/5845/6736/products/Jig-Head-Offset-60o-com-Mola-Sapatinho-10g_16741a00-991a-49b6-b506-4027ae869407.png?v=1701355642,g,,,
jig-head-offset-60º-com-mola-sapatinho-natural,,,,,,,,,18g,,,2/0,,,,,'40881507010618,10.0,,0,deny,manual,2.66,,true,false,,,,,,,,,,,,,,,,,,,,,,,,,,,,https://cdn.shopify.com/s/files/1/0454/5845/6736/products/Jig-Head-Offset-60o-com-Mola-Sapatinho-10g_16741a00-991a-49b6-b506-4027ae869407.png?v=1701355642,g,,,
jig-head-offset-60º-com-mola-sapatinho-natural,,,,,,,,,18g,,,3/0,,,,,'40881507010518,18.0,,-15,deny,manual,2.66,,true,false,,,,,,,,,,,,,,,,,,,,,,,,,,,,https://cdn.shopify.com/s/files/1/0454/5845/6736/products/Jig-Head-Offset-60o-com-Mola-Sapatinho-10g_16741a00-991a-49b6-b506-4027ae869407.png?v=1701355642,g,,,
jig-head-offset-60º-com-mola-sapatinho-natural,,,,,,,,,18g,,,4/0,,,,,'40881507010418,18.0,,0,deny,manual,2.66,,true,false,,,,,,,,,,,,,,,,,,,,,,,,,,,,https://cdn.shopify.com/s/files/1/0454/5845/6736/products/Jig-Head-Offset-60o-com-Mola-Sapatinho-10g_16741a00-991a-49b6-b506-4027ae869407.png?v=1701355642,g,,,
jig-head-offset-60º-com-mola-sapatinho-natural,,,,,,,,,18g,,,5/0,,,,,'40881507010318,18.0,shopify,0,deny,manual,2.66,,true,false,,,,,,,,,,,,,,,,,,,,,,,,,,,,https://cdn.shopify.com/s/files/1/0454/5845/6736/products/Jig-Head-Offset-60o-com-Mola-Sapatinho-10g_16741a00-991a-49b6-b506-4027ae869407.png?v=1701355642,g,,,
jig-head-offset-60º-com-mola-sapatinho-natural,,,,,,,,,18g,,,6/0,,,,,'40881507010218,18.0,,0,deny,manual,2.66,,true,false,,,,,,,,,,,,,,,,,,,,,,,,,,,,https://cdn.shopify.com/s/files/1/0454/5845/6736/products/Jig-Head-Offset-60o-com-Mola-Sapatinho-10g_16741a00-991a-49b6-b506-4027ae869407.png?v=1701355642,g,,,
jig-head-offset-60º-com-mola-sapatinho-natural,,,,,,,,,18g,,,7/0,,,,,'40881507010118,18.0,,0,deny,manual,2.66,,true,false,,,,,,,,,,,,,,,,,,,,,,,,,,,,https://cdn.shopify.com/s/files/1/0454/5845/6736/products/Jig-Head-Offset-60o-com-Mola-Sapatinho-10g_16741a00-991a-49b6-b506-4027ae869407.png?v=1701355642,g,,,
jig-head-offset-60º-com-mola-sapatinho-natural,,,,,,,,,20g,,,1/0,,,,,'40881507010720,10.0,,0,deny,manual,3.17,,true,false,,,,,,,,,,,,,,,,,,,,,,,,,,,,https://cdn.shopify.com/s/files/1/0454/5845/6736/products/Jig-Head-Offset-60o-com-Mola-Sapatinho-10g_16741a00-991a-49b6-b506-4027ae869407.png?v=1701355642,g,,,
jig-head-offset-60º-com-mola-sapatinho-natural,,,,,,,,,20g,,,2/0,,,,,'40881507010620,10.0,,0,deny,manual,3.17,,true,false,,,,,,,,,,,,,,,,,,,,,,,,,,,,https://cdn.shopify.com/s/files/1/0454/5845/6736/products/Jig-Head-Offset-60o-com-Mola-Sapatinho-10g_16741a00-991a-49b6-b506-4027ae869407.png?v=1701355642,g,,,
jig-head-offset-60º-com-mola-sapatinho-natural,,,,,,,,,20g,,,3/0,,,,,'40881507010520,20.0,,-5,deny,manual,3.17,,true,false,,,,,,,,,,,,,,,,,,,,,,,,,,,,https://cdn.shopify.com/s/files/1/0454/5845/6736/products/Jig-Head-Offset-60o-com-Mola-Sapatinho-20g_1db153e0-79cf-4dd8-a0ca-8506a799dfdb.png?v=1701355642,g,,,
jig-head-offset-60º-com-mola-sapatinho-natural,,,,,,,,,20g,,,4/0,,,,,'40881507010420,20.0,,-12,deny,manual,3.17,,true,false,,,,,,,,,,,,,,,,,,,,,,,,,,,,https://cdn.shopify.com/s/files/1/0454/5845/6736/products/Jig-Head-Offset-60o-com-Mola-Sapatinho-20g_1db153e0-79cf-4dd8-a0ca-8506a799dfdb.png?v=1701355642,g,,,
jig-head-offset-60º-com-mola-sapatinho-natural,,,,,,,,,20g,,,5/0,,,,,'40881507010320,20.0,shopify,0,deny,manual,3.17,,true,false,,,,,,,,,,,,,,,,,,,,,,,,,,,,https://cdn.shopify.com/s/files/1/0454/5845/6736/products/Jig-Head-Offset-60o-com-Mola-Sapatinho-20g_1db153e0-79cf-4dd8-a0ca-8506a799dfdb.png?v=1701355642,g,,,
jig-head-offset-60º-com-mola-sapatinho-natural,,,,,,,,,20g,,,6/0,,,,,'40881507010220,20.0,,0,deny,manual,3.17,,true,false,,,,,,,,,,,,,,,,,,,,,,,,,,,,https://cdn.shopify.com/s/files/1/0454/5845/6736/products/Jig-Head-Offset-60o-com-Mola-Sapatinho-20g_1db153e0-79cf-4dd8-a0ca-8506a799dfdb.png?v=1701355642,g,,,
jig-head-offset-60º-com-mola-sapatinho-natural,,,,,,,,,20g,,,7/0,,,,,'40881507010120,20.0,,0,deny,manual,3.17,,true,false,,,,,,,,,,,,,,,,,,,,,,,,,,,,https://cdn.shopify.com/s/files/1/0454/5845/6736/products/Jig-Head-Offset-60o-com-Mola-Sapatinho-20g_1db153e0-79cf-4dd8-a0ca-8506a799dfdb.png?v=1701355642,g,,,
kit-anzol-90-10-unidades,Kit Anzol 90° - 10 unidades,"<p><span>O anzol 90º é um tipo de anzol que se diferencia dos demais pela sua curvatura, que é exatamente de 90 graus. Essa característica permite que ele seja usado em diversas situações, como na pesca com iscas artificiais, por exemplo.</span></p>
<p><span>A curvatura do anzol 90º também é responsável por aumentar a eficácia da fisgada, pois ela proporciona uma melhor penetração do anzol na boca do peixe, garantindo uma fixação mais segura.</span></p>
<p><span>Os anzóis 90º estão disponíveis em diferentes tamanhos e formatos, para atender às necessidades dos pescadores e dos diferentes tipos de peixes.</span></p>
<p><span>Se você está buscando um anzol que ofereça uma boa fisgada e seja versátil o suficiente para ser usado em diferentes situações, o anzol 90º pode ser uma ótima opção.</span></p>",Chumbada Oficial,,"","90 Graus, Anzol, Kit Anzol, Kit Anzol 90 Graus, Todos",true,Tamanho,1/0,,,,,,,,PA10327,7.2,,-6,deny,manual,16.25,,true,false,,,,,,https://cdn.shopify.com/s/files/1/0454/5845/6736/files/90o.jpg?v=1725023501,1,"",false,,,,,,,,,,,,,,,,,,,https://cdn.shopify.com/s/files/1/0454/5845/6736/products/1_0-90_17ab1e15-d403-4819-ada4-f4fe9f9c0082.png?v=1725023505,kg,,,active
kit-anzol-90-10-unidades,,,,,,,,,2/0,,,,,,,,PA10328,8.8,,-19,deny,manual,16.25,,true,false,,,,,,https://cdn.shopify.com/s/files/1/0454/5845/6736/products/capa-anzol-90o.png?v=1725023505,2,"",,,,,,,,,,,,,,,,,,,,https://cdn.shopify.com/s/files/1/0454/5845/6736/products/2_0-90_eda4a846-4c42-4004-83ec-e139a7602874.png?v=1725023505,kg,,,
kit-anzol-90-10-unidades,,,,,,,,,3/0,,,,,,,,PA10329,10.5,,-32,deny,manual,16.25,,true,false,,,,,,https://cdn.shopify.com/s/files/1/0454/5845/6736/products/anzol-90o.png?v=1725023505,3,"",,,,,,,,,,,,,,,,,,,,https://cdn.shopify.com/s/files/1/0454/5845/6736/products/3_0-90_be0303f1-11dd-41bb-8d88-1ab87a27cbb2.png?v=1725023505,kg,,,
kit-anzol-90-10-unidades,,,,,,,,,4/0,,,,,,,,PA10330,11.1,,-6,deny,manual,16.25,,true,false,,,,,,https://cdn.shopify.com/s/files/1/0454/5845/6736/products/1_0-90_17ab1e15-d403-4819-ada4-f4fe9f9c0082.png?v=1725023505,4,"",,,,,,,,,,,,,,,,,,,,https://cdn.shopify.com/s/files/1/0454/5845/6736/products/4_0-90_9506fe81-ed73-44e4-be2c-26a0b3490204.png?v=1725023505,kg,,,
kit-anzol-90-10-unidades,,,,,,,,,5/0,,,,,,,,PA10331,13.9,,-5,deny,manual,16.25,,true,false,,,,,,https://cdn.shopify.com/s/files/1/0454/5845/6736/products/2_0-90_eda4a846-4c42-4004-83ec-e139a7602874.png?v=1725023505,5,"",,,,,,,,,,,,,,,,,,,,https://cdn.shopify.com/s/files/1/0454/5845/6736/products/5_0-90_e4ffa5e5-bff6-4654-ace7-20d088cdf884.png?v=1725023505,kg,,,
kit-anzol-90-10-unidades,,,,,,,,,6/0,,,,,,,,PA10332,18.7,,-5,deny,manual,16.25,,true,false,,,,,,https://cdn.shopify.com/s/files/1/0454/5845/6736/products/3_0-90_be0303f1-11dd-41bb-8d88-1ab87a27cbb2.png?v=1725023505,6,"",,,,,,,,,,,,,,,,,,,,https://cdn.shopify.com/s/files/1/0454/5845/6736/products/6_0-90_92ec2d20-1e4f-49a0-9071-c661aa4b59ac.png?v=1725023505,kg,,,
kit-anzol-90-10-unidades,,,,,,,,,1#,,,,,,,,PA10333,4.0,,0,deny,manual,13.25,,true,false,,,,,,https://cdn.shopify.com/s/files/1/0454/5845/6736/products/4_0-90_9506fe81-ed73-44e4-be2c-26a0b3490204.png?v=1725023505,7,"",,,,,,,,,,,,,,,,,,,,https://cdn.shopify.com/s/files/1/0454/5845/6736/products/1_bfae9940-1d45-4434-a683-5606f517f542.png?v=1725023505,kg,,,
kit-anzol-90-10-unidades,,,,,,,,,2#,,,,,,,,PA10334,3.8,,0,deny,manual,13.25,,true,false,,,,,,https://cdn.shopify.com/s/files/1/0454/5845/6736/products/5_0-90_e4ffa5e5-bff6-4654-ace7-20d088cdf884.png?v=1725023505,8,"",,,,,,,,,,,,,,,,,,,,https://cdn.shopify.com/s/files/1/0454/5845/6736/products/2_336d3c16-1e5b-4095-bc88-a79e52e0f59a.png?v=1725023505,kg,,,
kit-anzol-90-10-unidades,,,,,,,,,4#,,,,,,,,PA10335,3.1,,-1,deny,manual,13.25,,true,false,,,,,,https://cdn.shopify.com/s/files/1/0454/5845/6736/products/6_0-90_92ec2d20-1e4f-49a0-9071-c661aa4b59ac.png?v=1725023505,9,"",,,,,,,,,,,,,,,,,,,,https://cdn.shopify.com/s/files/1/0454/5845/6736/products/4_7fcdf03a-94a6-4b8e-a80a-1cd54bbde897.png?v=1725023505,kg,,,
kit-anzol-90-10-unidades,,,,,,,,,6#,,,,,,,,PA10336,3.0,,-1,deny,manual,13.25,,true,false,,,,,,https://cdn.shopify.com/s/files/1/0454/5845/6736/products/1_bfae9940-1d45-4434-a683-5606f517f542.png?v=1725023505,10,"",,,,,,,,,,,,,,,,,,,,https://cdn.shopify.com/s/files/1/0454/5845/6736/products/6_cf28bbd5-aaea-4ff8-ab9f-aba69e421c46.png?v=1725023505,kg,,,
kit-anzol-90-10-unidades,,,,,,,,,,,,,,,,,,,,,,,,,,,,,,,,https://cdn.shopify.com/s/files/1/0454/5845/6736/products/2_336d3c16-1e5b-4095-bc88-a79e52e0f59a.png?v=1725023505,11,"",,,,,,,,,,,,,,,,,,,,,,,,
kit-anzol-90-10-unidades,,,,,,,,,,,,,,,,,,,,,,,,,,,,,,,,https://cdn.shopify.com/s/files/1/0454/5845/6736/products/4_7fcdf03a-94a6-4b8e-a80a-1cd54bbde897.png?v=1725023505,12,"",,,,,,,,,,,,,,,,,,,,,,,,
kit-anzol-90-10-unidades,,,,,,,,,,,,,,,,,,,,,,,,,,,,,,,,https://cdn.shopify.com/s/files/1/0454/5845/6736/products/6_cf28bbd5-aaea-4ff8-ab9f-aba69e421c46.png?v=1725023505,13,"",,,,,,,,,,,,,,,,,,,,,,,,
kit-anzol-ewg-10-unidades,Kit Anzol EWG - 10 unidades,"Quer uma montagem de pesca que reduza os enroscos e aumente sua eficiência? O anzol EWG é a escolha ideal para iscas artificiais soft!<br>Com sua curva ampla e ponta afiada, ele é perfeito para uma montagem anti enrosco. Além disso, sua durabilidade e versatilidade garantem uma ótima experiência de pesca em qualquer situação. <br>Adquira agora mesmo o seu anzol EWG e prepare-se para fisgar o peixe dos seus sonhos!<br><br>Disponíveis nos tamanhos:<br>1/0 - 2/0 - 3/0 - 4/0 - 5/0 - 6/0 - 7/0<br>1# - 2# - 4# - 6#",Chumbada Oficial,,"","Anti Enrosco, Anzois, EWG, Kit Anzol, Kit Anzol EWG, Todos",true,Tamanho,1/0,,,,,,,,PA10337,8.4,,-196,deny,manual,16.25,,true,false,,,,,,https://cdn.shopify.com/s/files/1/0454/5845/6736/products/Anzois-maiores---1-l-0-ao-7-l-0_b01bbc5b-a69b-405f-aac9-6945b389ff9c.png?v=1701355520,1,"",false,,,,,,,,,,,,,,,,,,,https://cdn.shopify.com/s/files/1/0454/5845/6736/files/1-0.jpg?v=1701950923,g,,,active
kit-anzol-ewg-10-unidades,,,,,,,,,2/0,,,,,,,,PA10338,10.0,,-189,deny,manual,16.25,,true,false,,,,,,https://cdn.shopify.com/s/files/1/0454/5845/6736/products/Anzois-menores---_1-_2-_4-_6_ee16be9e-8e4c-4f22-aef8-dba70c22c51f.png?v=1701355520,2,"",,,,,,,,,,,,,,,,,,,,https://cdn.shopify.com/s/files/1/0454/5845/6736/files/2-0.jpg?v=1701950923,g,,,
kit-anzol-ewg-10-unidades,,,,,,,,,3/0,,,,,,,,PA10339,12.0,,-262,deny,manual,16.25,,true,false,,,,,,https://cdn.shopify.com/s/files/1/0454/5845/6736/files/1-0.jpg?v=1701950923,3,"",,,,,,,,,,,,,,,,,,,,https://cdn.shopify.com/s/files/1/0454/5845/6736/files/3-0.jpg?v=1701950923,g,,,
kit-anzol-ewg-10-unidades,,,,,,,,,4/0,,,,,,,,PA10340,14.9,,-302,deny,manual,16.25,,true,false,,,,,,https://cdn.shopify.com/s/files/1/0454/5845/6736/products/Ewg-1-0_61c39aa4-74ce-43d6-aaf7-a53f9d753d60.png?v=1701950923,4,"",,,,,,,,,,,,,,,,,,,,https://cdn.shopify.com/s/files/1/0454/5845/6736/files/4-0.jpg?v=1701950923,g,,,
kit-anzol-ewg-10-unidades,,,,,,,,,5/0,,,,,,,,PA10341,18.3,,-219,deny,manual,16.25,,true,false,,,,,,https://cdn.shopify.com/s/files/1/0454/5845/6736/files/2-0.jpg?v=1701950923,5,"",,,,,,,,,,,,,,,,,,,,https://cdn.shopify.com/s/files/1/0454/5845/6736/files/5-0.jpg?v=1701950923,g,,,
kit-anzol-ewg-10-unidades,,,,,,,,,6/0,,,,,,,,PA10342,21.8,,-63,deny,manual,16.25,,true,false,,,,,,https://cdn.shopify.com/s/files/1/0454/5845/6736/products/Ewg-2-0_b3638fe6-000f-48aa-b8d9-3a259a036f0a.png?v=1701950923,6,"",,,,,,,,,,,,,,,,,,,,https://cdn.shopify.com/s/files/1/0454/5845/6736/files/6-0.jpg?v=1701950923,g,,,
kit-anzol-ewg-10-unidades,,,,,,,,,7/0,,,,,,,,PA10343,25.0,shopify,-56,deny,manual,16.25,,true,false,,,,,,https://cdn.shopify.com/s/files/1/0454/5845/6736/files/3-0.jpg?v=1701950923,7,"",,,,,,,,,,,,,,,,,,,,https://cdn.shopify.com/s/files/1/0454/5845/6736/files/7-0.jpg?v=1701950923,g,,,
kit-anzol-ewg-10-unidades,,,,,,,,,1#,,,,,,,,PA10344,7.4,,-74,deny,manual,13.25,,true,false,,,,,,https://cdn.shopify.com/s/files/1/0454/5845/6736/products/Ewg-3-0_5be41e52-fe2c-47f6-adb1-994d1c980c86.png?v=1701950923,8,"",,,,,,,,,,,,,,,,,,,,https://cdn.shopify.com/s/files/1/0454/5845/6736/files/1.jpg?v=1701950923,g,,,
kit-anzol-ewg-10-unidades,,,,,,,,,2#,,,,,,,,PA10345,5.2,,-50,deny,manual,13.25,,true,false,,,,,,https://cdn.shopify.com/s/files/1/0454/5845/6736/files/4-0.jpg?v=1701950923,9,"",,,,,,,,,,,,,,,,,,,,https://cdn.shopify.com/s/files/1/0454/5845/6736/files/2.jpg?v=1701950923,g,,,
kit-anzol-ewg-10-unidades,,,,,,,,,4#,,,,,,,,PA10346,4.3,,-20,deny,manual,13.25,,true,false,,,,,,https://cdn.shopify.com/s/files/1/0454/5845/6736/products/Ewg-4-0_1fbb80c3-4852-4c31-9c59-1a766b2ee3a2.png?v=1701950923,10,"",,,,,,,,,,,,,,,,,,,,https://cdn.shopify.com/s/files/1/0454/5845/6736/files/4.jpg?v=1701950923,g,,,
kit-anzol-ewg-10-unidades,,,,,,,,,6#,,,,,,,,PA10347,4.0,,-13,deny,manual,13.25,,true,false,,,,,,https://cdn.shopify.com/s/files/1/0454/5845/6736/files/5-0.jpg?v=1701950923,11,"",,,,,,,,,,,,,,,,,,,,https://cdn.shopify.com/s/files/1/0454/5845/6736/files/6.jpg?v=1701950923,g,,,
kit-anzol-ewg-10-unidades,,,,,,,,,,,,,,,,,,,,,,,,,,,,,,,,https://cdn.shopify.com/s/files/1/0454/5845/6736/products/Ewg-5-0_88261cda-96e4-4133-b8d2-916ce73883c7.png?v=1701950923,12,"",,,,,,,,,,,,,,,,,,,,,,,,
kit-anzol-ewg-10-unidades,,,,,,,,,,,,,,,,,,,,,,,,,,,,,,,,https://cdn.shopify.com/s/files/1/0454/5845/6736/files/6-0.jpg?v=1701950923,13,"",,,,,,,,,,,,,,,,,,,,,,,,
kit-anzol-ewg-10-unidades,,,,,,,,,,,,,,,,,,,,,,,,,,,,,,,,https://cdn.shopify.com/s/files/1/0454/5845/6736/products/Ewg-6-0_baf16fe1-5140-4790-bb3c-ae7c7c24449c.png?v=1701950923,14,"",,,,,,,,,,,,,,,,,,,,,,,,
kit-anzol-ewg-10-unidades,,,,,,,,,,,,,,,,,,,,,,,,,,,,,,,,https://cdn.shopify.com/s/files/1/0454/5845/6736/files/7-0.jpg?v=1701950923,15,"",,,,,,,,,,,,,,,,,,,,,,,,
kit-anzol-ewg-10-unidades,,,,,,,,,,,,,,,,,,,,,,,,,,,,,,,,https://cdn.shopify.com/s/files/1/0454/5845/6736/products/Ewg-7-0_8ba43fc0-a5e1-488c-851b-e9bdef14febc.png?v=1701950923,16,"",,,,,,,,,,,,,,,,,,,,,,,,
kit-anzol-ewg-10-unidades,,,,,,,,,,,,,,,,,,,,,,,,,,,,,,,,https://cdn.shopify.com/s/files/1/0454/5845/6736/files/1.jpg?v=1701950923,17,"",,,,,,,,,,,,,,,,,,,,,,,,
kit-anzol-ewg-10-unidades,,,,,,,,,,,,,,,,,,,,,,,,,,,,,,,,https://cdn.shopify.com/s/files/1/0454/5845/6736/products/EWG-_1_e6ae8708-e6db-424f-ae6c-64f19469443b.png?v=1701950923,18,"",,,,,,,,,,,,,,,,,,,,,,,,
kit-anzol-ewg-10-unidades,,,,,,,,,,,,,,,,,,,,,,,,,,,,,,,,https://cdn.shopify.com/s/files/1/0454/5845/6736/files/2.jpg?v=1701950923,19,"",,,,,,,,,,,,,,,,,,,,,,,,
kit-anzol-ewg-10-unidades,,,,,,,,,,,,,,,,,,,,,,,,,,,,,,,,https://cdn.shopify.com/s/files/1/0454/5845/6736/products/EWG-_2_ecd004d7-1c83-4e43-8f96-c3ff02b0b1da.png?v=1701950923,20,"",,,,,,,,,,,,,,,,,,,,,,,,
kit-anzol-ewg-10-unidades,,,,,,,,,,,,,,,,,,,,,,,,,,,,,,,,https://cdn.shopify.com/s/files/1/0454/5845/6736/files/4.jpg?v=1701950923,21,"",,,,,,,,,,,,,,,,,,,,,,,,
kit-anzol-ewg-10-unidades,,,,,,,,,,,,,,,,,,,,,,,,,,,,,,,,https://cdn.shopify.com/s/files/1/0454/5845/6736/products/EWG-_4_f2415733-ef93-4b0f-9e56-ecd40c0e11ff.png?v=1701950923,22,"",,,,,,,,,,,,,,,,,,,,,,,,
kit-anzol-ewg-10-unidades,,,,,,,,,,,,,,,,,,,,,,,,,,,,,,,,https://cdn.shopify.com/s/files/1/0454/5845/6736/files/6.jpg?v=1701950923,23,"",,,,,,,,,,,,,,,,,,,,,,,,
kit-anzol-ewg-10-unidades,,,,,,,,,,,,,,,,,,,,,,,,,,,,,,,,https://cdn.shopify.com/s/files/1/0454/5845/6736/products/EWG-_6_8a4097ae-5d68-4ce3-b73f-bc6e9d133c9b.png?v=1701950923,24,"",,,,,,,,,,,,,,,,,,,,,,,,
kit-anzol-60-com-mola-10-unidades,Kit Anzol 60° com Mola - 10 unidades,"",Chumbada Oficial,Sem categoria,"","Kit Anzol, Kit Anzol 60 Graus, Kit Anzol com Mola, Mola, Todos",true,Tamanho,1/0,,,,,,,,PA10356,9.4,,-25,deny,manual,17.80,,true,false,,,,,"",https://cdn.shopify.com/s/files/1/0454/5845/6736/products/anzol-60o-com-mola.jpg?v=1701355480,1,"",false,,,,,,,,,,,,,,,,,,,https://cdn.shopify.com/s/files/1/0454/5845/6736/products/anzol-60o-com-mola-1_0abd1412-5aec-44b3-aa0a-390424bbed11.jpg?v=1701355480,g,,,active
kit-anzol-60-com-mola-10-unidades,,,,,,,,,2/0,,,,,,,,PA10357,10.4,,-10,deny,manual,17.80,,true,false,,,,,"",https://cdn.shopify.com/s/files/1/0454/5845/6736/products/anzol-60o-com-mola-1_0abd1412-5aec-44b3-aa0a-390424bbed11.jpg?v=1701355480,2,"",,,,,,,,,,,,,,,,,,,,https://cdn.shopify.com/s/files/1/0454/5845/6736/products/anzol-60o-com-mola-2_07677b5a-6ef7-43b0-992c-18654f482e04.jpg?v=1701355480,g,,,
kit-anzol-60-com-mola-10-unidades,,,,,,,,,3/0,,,,,,,,PA10358,13.6,,-68,deny,manual,17.80,,true,false,,,,,,https://cdn.shopify.com/s/files/1/0454/5845/6736/products/anzol-60o-com-mola-2_07677b5a-6ef7-43b0-992c-18654f482e04.jpg?v=1701355480,3,"",,,,,,,,,,,,,,,,,,,,https://cdn.shopify.com/s/files/1/0454/5845/6736/products/anzol-60o-com-mola-3_84f7f23d-cad2-416d-a5ea-e081a947bae8.jpg?v=1701355480,g,,,
kit-anzol-60-com-mola-10-unidades,,,,,,,,,4/0,,,,,,,,PA10359,16.5,,-73,deny,manual,17.80,,true,false,,,,,,https://cdn.shopify.com/s/files/1/0454/5845/6736/products/anzol-60o-com-mola-3_84f7f23d-cad2-416d-a5ea-e081a947bae8.jpg?v=1701355480,4,"",,,,,,,,,,,,,,,,,,,,https://cdn.shopify.com/s/files/1/0454/5845/6736/products/anzol-60o-com-mola-4_a899f98f-e478-4e90-9bef-e27e11a093b3.jpg?v=1701355480,g,,,
kit-anzol-60-com-mola-10-unidades,,,,,,,,,5/0,,,,,,,,PA10360,18.9,shopify,-54,deny,manual,17.80,,true,false,,,,,,https://cdn.shopify.com/s/files/1/0454/5845/6736/products/anzol-60o-com-mola-4_a899f98f-e478-4e90-9bef-e27e11a093b3.jpg?v=1701355480,5,"",,,,,,,,,,,,,,,,,,,,https://cdn.shopify.com/s/files/1/0454/5845/6736/products/anzol-60o-com-mola-5_e4a4ffdf-7e76-4844-abb1-2b5d11e8486b.jpg?v=1701355480,g,,,
kit-anzol-60-com-mola-10-unidades,,,,,,,,,6/0,,,,,,,,PA10361,22.2,,-49,deny,manual,17.80,,true,false,,,,,,https://cdn.shopify.com/s/files/1/0454/5845/6736/products/anzol-60o-com-mola-5_e4a4ffdf-7e76-4844-abb1-2b5d11e8486b.jpg?v=1701355480,6,"",,,,,,,,,,,,,,,,,,,,https://cdn.shopify.com/s/files/1/0454/5845/6736/products/anzol-60o-com-mola-6_838bd1fd-c96c-4f7b-9d16-672698510acf.jpg?v=1701355480,g,,,
kit-anzol-60-com-mola-10-unidades,,,,,,,,,7/0,,,,,,,,WPA0362,9.4,,0,deny,manual,17.80,,true,false,,,,,"",https://cdn.shopify.com/s/files/1/0454/5845/6736/products/anzol-60o-com-mola-6_838bd1fd-c96c-4f7b-9d16-672698510acf.jpg?v=1701355480,7,"",,,,,,,,,,,,,,,,,,,,,g,,,
anzol-kitsune-premium-pct-com-15,Anzol Akita Kitsune Premium (Pct com 15),"<p dir=""auto"">Anzol Akita Kitsune</p>
<p dir=""auto"">O anzol Akita Kitsune é uma escolha excepcional para pescadores que procuram uma ferramenta confiável e eficiente para suas pescarias. Com um design cuidadosamente elaborado, este anzol oferece uma série de características que o tornam indispensável para pescadores de todos os níveis de habilidade.</p>
<p dir=""auto"">Primeiramente, sua leveza é uma característica notável. Construído com materiais de alta qualidade, o anzol Akita Kitsune é extremamente leve, proporcionando uma pescaria mais eficaz pois irá ajudar na flutuabilidade da isca evitando que a mesma fique escondida enterrada, ideal para pescas na meia água e superfície.</p>
<p dir=""auto"">A ponta afiada do anzol Akita Kitsune garante uma penetração rápida e eficaz, garantindo uma taxa de captura impressionante. Além disso, sua abertura pequena e o ângulo negativo em relação à haste o tornam especialmente adequado para peixes com boca pequena, aumentando a probabilidade do peixe ser fisgado ao sugar a isca.</p>
<p dir=""auto"">Uma outra vantagem do anzol Akita Kitsune é seu banho de proteção dourado. Este revestimento não apenas adiciona uma estética elegante, mas também desempenha um papel crucial na durabilidade e integridade do anzol. Ele protege contra a corrosão e o desgaste, garantindo que o anzol mantenha sua afiação e resistência mesmo após múltiplas utilizações.</p>
<p dir=""auto"">Além disso, o reflexo dourado do banho de proteção é altamente atrativo para os peixes, especialmente em dias ensolarados. Isso aumenta consideravelmente as chances de atrair peixes e garantir uma captura bem-sucedida.</p>
<p dir=""auto"">Em resumo, o anzol Akita Kitsune é uma escolha excepcional para pescadores que buscam desempenho superior, durabilidade e eficácia. Sua leveza, afiação precisa, design inteligente e banho de proteção dourado o tornam um companheiro confiável em qualquer aventura de pesca.</p>",Chumbada Oficial,Artigos esportivos > Atividades ao ar livre > Pesca > Equipamento de pesca > Anzóis para pesca,"","Anzol, dourado, Kitsune, Pata, premium, todos",true,Tamanho,1,,Variações,Pata,,Cor,Dourado,,PA10810,1.0,,0,deny,manual,27.55,27.55,true,false,,,,,"",https://cdn.shopify.com/s/files/1/0454/5845/6736/files/Akita-Kitsune-3-embalagem_24440575-86c6-411c-bb82-faad3f731c99.png?v=1731423935,1,"",false,,,,,,,,,,,,,,,,,,,,kg,,,active
anzol-kitsune-premium-pct-com-15,,,,,,,,,3,,,Pata,,,Dourado,,PA10809,1.0,,-3,deny,manual,27.55,27.55,true,false,,,,,"",https://cdn.shopify.com/s/files/1/0454/5845/6736/files/Akita-Kitsune-3-macro_1aeae7ec-8df5-4972-92f6-f3f7e971d32c.png?v=1731423935,2,"",,,,,,,,,,,,,,,,,,,,https://cdn.shopify.com/s/files/1/0454/5845/6736/files/Akita-Kitsune-3-embalagem_24440575-86c6-411c-bb82-faad3f731c99.png?v=1731423935,kg,,,
anzol-kitsune-premium-pct-com-15,,,,,,,,,5,,,Pata,,,Dourado,,PA10808,1.0,,-3,deny,manual,27.55,27.55,true,false,,,,,"",https://cdn.shopify.com/s/files/1/0454/5845/6736/files/Akita-Kitsune-5-embalagem_d8ec5b12-fcab-4ab7-a34b-5c64f2670cf7.png?v=1731423935,3,"",,,,,,,,,,,,,,,,,,,,https://cdn.shopify.com/s/files/1/0454/5845/6736/files/Akita-Kitsune-5-embalagem_d8ec5b12-fcab-4ab7-a34b-5c64f2670cf7.png?v=1731423935,kg,,,
anzol-kitsune-premium-pct-com-15,,,,,,,,,7,,,Pata,,,Dourado,,PA11430,1.0,,-8,deny,manual,27.55,27.55,true,false,,,,,"",https://cdn.shopify.com/s/files/1/0454/5845/6736/files/Akita-Kitsune-5-macro_c9a49509-bec5-4491-8c66-7588b3ef9116.png?v=1731423935,4,"",,,,,,,,,,,,,,,,,,,,https://cdn.shopify.com/s/files/1/0454/5845/6736/files/Akita-Kitsune-7-embalagem_00091117-08b2-4ca3-92cc-bf4c1476b65b.png?v=1731423935,kg,,,
anzol-kitsune-premium-pct-com-15,,,,,,,,,9,,,Pata,,,Dourado,,PA11429,1.0,,-15,deny,manual,27.55,27.55,true,false,,,,,"",https://cdn.shopify.com/s/files/1/0454/5845/6736/files/Akita-Kitsune-7-embalagem_00091117-08b2-4ca3-92cc-bf4c1476b65b.png?v=1731423935,5,"",,,,,,,,,,,,,,,,,,,,https://cdn.shopify.com/s/files/1/0454/5845/6736/files/Akita-Kitsune-9-embalagem_06b1f667-708e-49ae-887d-dcb3ebb54ba8.png?v=1731423935,kg,,,
anzol-kitsune-premium-pct-com-15,,,,,,,,,,,,,,,,,,,,,,,,,,,,,,,,https://cdn.shopify.com/s/files/1/0454/5845/6736/files/Akita-Kitsune-7-macro_9ba1daa8-2119-4064-bee9-32bae73a6c9f.png?v=1731423935,6,"",,,,,,,,,,,,,,,,,,,,,,,,
anzol-kitsune-premium-pct-com-15,,,,,,,,,,,,,,,,,,,,,,,,,,,,,,,,https://cdn.shopify.com/s/files/1/0454/5845/6736/files/Akita-Kitsune-9-embalagem_06b1f667-708e-49ae-887d-dcb3ebb54ba8.png?v=1731423935,7,"",,,,,,,,,,,,,,,,,,,,,,,,
anzol-kitsune-premium-pct-com-15,,,,,,,,,,,,,,,,,,,,,,,,,,,,,,,,https://cdn.shopify.com/s/files/1/0454/5845/6736/files/Akita-Kitsune-9-macro_f5b85550-196a-490e-a3bc-63da00a87ddd.png?v=1731423935,8,"",,,,,,,,,,,,,,,,,,,,,,,,
anzol-sode-premium-pct-com-15,Anzol Akita Sode Premium (Pct com 15),"<p dir=""auto"">Anzol Akita Sode</p>
<p dir=""auto"">O anzol Akita Sode é uma escolha excepcional para pescadores que procuram uma ferramenta confiável e eficiente para suas pescarias. Com um design cuidadosamente elaborado, este anzol oferece uma série de características que o tornam indispensável para pescadores de todos os níveis de habilidade.</p>
<p dir=""auto"">Construído com materiais de alta qualidade, o anzol Akita Sode é extremamente resistente, possibilitando a captura de peixes grandes.</p>
<p dir=""auto"">A ponta afiada do anzol Akita Sode garante uma penetração rápida e eficaz, garantindo uma taxa de captura impressionante. Além disso, seu formato envenenado (ponta torta para fora) facilita a fisgada do peixe no momento em que o mesmo tenta jogar a isca para fora da boca. Sua abertura maior possibilita carregar mais isca, aumentando as chances de fisgar o grande troféu enquanto os peixes menores tentam roubar a isca.</p>
<p dir=""auto"">Uma outra vantagem do anzol Akita Sode é seu banho azul de proteção. Este revestimento desempenha um papel crucial na durabilidade e integridade do anzol. Ele protege contra a corrosão e o desgaste, garantindo que o anzol mantenha sua afiação e resistência mesmo após múltiplas utilizações.</p>
<p dir=""auto"">Em resumo, o anzol Akita Sode é uma escolha excepcional para pescadores que buscam desempenho superior, durabilidade e eficácia. Sua resistência, afiação precisa, design inteligente e banho de proteção o tornam um companheiro confiável em qualquer aventura de pesca.</p>",Chumbada Oficial,Artigos esportivos > Atividades ao ar livre > Pesca > Equipamento de pesca > Anzóis para pesca,"","Anzol, azul, Pata, premium, Sode, todos",true,Tamanho,2,,Variações,Pata,,Cor,Azul,,PA11428,1.0,,-23,deny,manual,27.55,27.55,true,false,,,,,"",https://cdn.shopify.com/s/files/1/0454/5845/6736/files/Akita-Sode-2-embalagem_ac13b914-9159-4d42-9fba-d2bfb8806adb.png?v=1731423960,1,"",false,,,,,,,,,,,,,,,,,,,https://cdn.shopify.com/s/files/1/0454/5845/6736/files/Akita-Sode-2-embalagem_ac13b914-9159-4d42-9fba-d2bfb8806adb.png?v=1731423960,kg,,,active
anzol-sode-premium-pct-com-15,,,,,,,,,4,,,Pata,,,Azul,,PA11427,1.0,,-29,deny,manual,27.55,27.55,true,false,,,,,"",https://cdn.shopify.com/s/files/1/0454/5845/6736/files/Akita-Sode-2-macro_eed4ae41-bf3b-4af7-8c98-423bda98327e.png?v=1731423960,2,"",,,,,,,,,,,,,,,,,,,,https://cdn.shopify.com/s/files/1/0454/5845/6736/files/Akita-Sode-4-embalagem_60dc8488-a58d-4ff3-ba27-cb59d151a767.png?v=1731423960,kg,,,
anzol-sode-premium-pct-com-15,,,,,,,,,6,,,Pata,,,Azul,,PA11426,1.0,,-19,deny,manual,27.55,27.55,true,false,,,,,"",https://cdn.shopify.com/s/files/1/0454/5845/6736/files/Akita-Sode-4-embalagem_60dc8488-a58d-4ff3-ba27-cb59d151a767.png?v=1731423960,3,"",,,,,,,,,,,,,,,,,,,,https://cdn.shopify.com/s/files/1/0454/5845/6736/files/Akita-Sode-6-embalagem_f59045b2-a46f-49df-a4b5-c5c64893aa81.png?v=1731423960,kg,,,
anzol-sode-premium-pct-com-15,,,,,,,,,8,,,Pata,,,Azul,,PA11425,1.0,,-17,deny,manual,27.55,27.55,true,false,,,,,"",https://cdn.shopify.com/s/files/1/0454/5845/6736/files/Akita-Sode-4-macro_6da6b718-f9b8-4c57-a9e0-8fd861af7ea5.png?v=1731423960,4,"",,,,,,,,,,,,,,,,,,,,https://cdn.shopify.com/s/files/1/0454/5845/6736/files/Akita-Sode-8-embalagem_f0c6d8c6-02dc-42a7-b08f-092cbd674e1b.png?v=1731423960,kg,,,
anzol-sode-premium-pct-com-15,,,,,,,,,10,,,Pata,,,Azul,,PA11424,1.0,shopify,-26,deny,manual,27.55,27.55,true,false,,,,,"",https://cdn.shopify.com/s/files/1/0454/5845/6736/files/Akita-Sode-6-embalagem_f59045b2-a46f-49df-a4b5-c5c64893aa81.png?v=1731423960,5,"",,,,,,,,,,,,,,,,,,,,https://cdn.shopify.com/s/files/1/0454/5845/6736/files/Akita-Sode-10-embalagem_e0ed1704-4a0f-4c60-8cef-037e9a19dbe8.png?v=1731423960,kg,,,
anzol-sode-premium-pct-com-15,,,,,,,,,12,,,Pata,,,Azul,,PA11423,1.0,,-76,deny,manual,27.55,27.55,true,false,,,,,"",https://cdn.shopify.com/s/files/1/0454/5845/6736/files/Akita-Sode-6-macro_0e5a4810-7779-49c4-950e-9c7d18c280ad.png?v=1731423960,6,"",,,,,,,,,,,,,,,,,,,,https://cdn.shopify.com/s/files/1/0454/5845/6736/files/Akita-Sode-12-embalagem_dd8fa81a-8c00-46d2-bfa5-bf69230a5a8f.png?v=1731423960,kg,,,
anzol-sode-premium-pct-com-15,,,,,,,,,,,,,,,,,,,,,,,,,,,,,,,,https://cdn.shopify.com/s/files/1/0454/5845/6736/files/Akita-Sode-8-embalagem_f0c6d8c6-02dc-42a7-b08f-092cbd674e1b.png?v=1731423960,7,"",,,,,,,,,,,,,,,,,,,,,,,,
anzol-sode-premium-pct-com-15,,,,,,,,,,,,,,,,,,,,,,,,,,,,,,,,https://cdn.shopify.com/s/files/1/0454/5845/6736/files/Akita-Sode-8-macro_0d40708d-f06f-4ce1-9dd4-0ec864b05c79.png?v=1731423960,8,"",,,,,,,,,,,,,,,,,,,,,,,,
anzol-sode-premium-pct-com-15,,,,,,,,,,,,,,,,,,,,,,,,,,,,,,,,https://cdn.shopify.com/s/files/1/0454/5845/6736/files/Akita-Sode-10-embalagem_e0ed1704-4a0f-4c60-8cef-037e9a19dbe8.png?v=1731423960,9,"",,,,,,,,,,,,,,,,,,,,,,,,
anzol-sode-premium-pct-com-15,,,,,,,,,,,,,,,,,,,,,,,,,,,,,,,,https://cdn.shopify.com/s/files/1/0454/5845/6736/files/Akita-Sode-10-macro_f967cd34-dc90-4942-9aea-74d19b0757ef.png?v=1731423960,10,"",,,,,,,,,,,,,,,,,,,,,,,,
anzol-sode-premium-pct-com-15,,,,,,,,,,,,,,,,,,,,,,,,,,,,,,,,https://cdn.shopify.com/s/files/1/0454/5845/6736/files/Akita-Sode-12-embalagem_dd8fa81a-8c00-46d2-bfa5-bf69230a5a8f.png?v=1731423960,11,"",,,,,,,,,,,,,,,,,,,,,,,,
anzol-sode-premium-pct-com-15,,,,,,,,,,,,,,,,,,,,,,,,,,,,,,,,https://cdn.shopify.com/s/files/1/0454/5845/6736/files/Akita-Sode-12-macro_7b0c0114-4d10-43c9-90e6-f56b05517f3f.png?v=1731423960,12,"",,,,,,,,,,,,,,,,,,,,,,,,
kit-jig-head-facetado-misto,Kit Jig Head Facetado Misto,"<p>O Kit Jig Head Facetado Peso Misto contém:</p><p>-Colorida 1 Jig Head Facetado de cada peso de 7g, 10g, 12g</p><p>-Natural 2 Jig Head Facetado de cada peso de 7g, 10g, 12g</p>",Chumbada Oficial,Sem categoria,"","Facetado, Kit Jig Head, Kit Jig Head Facetado, Margem, Misto, todos",true,Cor,Amarelo,,Anzol,3/0,,Peso,"7g,10g,12g",,KitCh0100,29.0,,-5,deny,manual,12.22,,true,false,,,,,,https://cdn.shopify.com/s/files/1/0454/5845/6736/files/JHFacMisto3-0Rosa_c4283a02-6fb4-4b90-b611-e6e92b205d62.jpg?v=1725276691,1,"",false,,,,,,,,,,,,,,,,,,,https://cdn.shopify.com/s/files/1/0454/5845/6736/files/JHFacMisto3-0Amarelo_1d40143c-83ee-4289-b9c2-c907a9784725.jpg?v=1725276691,g,,,active
kit-jig-head-facetado-misto,,,,,,,,,Amarelo,,,2/0,,,"7g,10g,12g",,KitCh0090,29.0,shopify,-3,deny,manual,12.22,,true,false,,,,,,https://cdn.shopify.com/s/files/1/0454/5845/6736/files/KitJHMisto2-0Amarelo.jpg?v=1725276691,2,"",,,,,,,,,,,,,,,,,,,,https://cdn.shopify.com/s/files/1/0454/5845/6736/files/KitJHMisto2-0Amarelo.jpg?v=1725276691,g,,,
kit-jig-head-facetado-misto,,,,,,,,,Laranja,,,3/0,,,"7g,10g,12g",,KitCh0103,29.0,,-3,deny,manual,12.22,,true,false,,,,,,https://cdn.shopify.com/s/files/1/0454/5845/6736/files/JHFacMisto3-0Amarelo_1d40143c-83ee-4289-b9c2-c907a9784725.jpg?v=1725276691,3,"",,,,,,,,,,,,,,,,,,,,https://cdn.shopify.com/s/files/1/0454/5845/6736/files/JHFacMisto3-0Laranja_c2477859-49ef-4fd0-83c8-3d641c212e0d.jpg?v=1725276691,g,,,
kit-jig-head-facetado-misto,,,,,,,,,Laranja,,,2/0,,,"7g,10g,12g",,KitCh0093,29.0,shopify,-3,deny,manual,12.22,,true,false,,,,,,https://cdn.shopify.com/s/files/1/0454/5845/6736/files/KitJHMisto2-0Laranja.jpg?v=1725276691,4,"",,,,,,,,,,,,,,,,,,,,https://cdn.shopify.com/s/files/1/0454/5845/6736/files/KitJHMisto2-0Laranja.jpg?v=1725276691,g,,,
kit-jig-head-facetado-misto,,,,,,,,,Natural,,,3/0,,,"7g,10g,12g",,KitCh0024,58.0,,-12,deny,manual,16.54,,true,false,,,,,,https://cdn.shopify.com/s/files/1/0454/5845/6736/files/JHFacMisto3-0Laranja_c2477859-49ef-4fd0-83c8-3d641c212e0d.jpg?v=1725276691,5,"",,,,,,,,,,,,,,,,,,,,https://cdn.shopify.com/s/files/1/0454/5845/6736/files/JHFacMisto3-0Natural_48350f08-0d8e-4124-b396-7d202c825e0d.jpg?v=1725276691,g,,,
kit-jig-head-facetado-misto,,,,,,,,,Natural,,,2/0,,,"7g,10g,12g",,KitCh0023,58.0,shopify,-13,deny,manual,16.54,,true,false,,,,,,https://cdn.shopify.com/s/files/1/0454/5845/6736/files/KitJHFacMisto2-0Natural_a1e57f4a-3bb0-44a3-a190-033f096c9680.jpg?v=1725276691,6,"",,,,,,,,,,,,,,,,,,,,https://cdn.shopify.com/s/files/1/0454/5845/6736/files/KitJHFacMisto2-0Natural_a1e57f4a-3bb0-44a3-a190-033f096c9680.jpg?v=1725276691,g,,,
kit-jig-head-facetado-misto,,,,,,,,,Preto,,,3/0,,,"7g,10g,12g",,KitCh0096,29.0,,0,deny,manual,12.22,,true,false,,,,,,https://cdn.shopify.com/s/files/1/0454/5845/6736/files/JHFacMisto3-0Natural_48350f08-0d8e-4124-b396-7d202c825e0d.jpg?v=1725276691,7,"",,,,,,,,,,,,,,,,,,,,https://cdn.shopify.com/s/files/1/0454/5845/6736/files/JHFacMisto3-0Preto_ed46d53d-e02a-4710-8ac7-6903e57e3ebc.jpg?v=1725276691,g,,,
kit-jig-head-facetado-misto,,,,,,,,,Preto,,,2/0,,,"7g,10g,12g",,KitCh0086,29.0,shopify,0,deny,manual,12.22,,true,false,,,,,,https://cdn.shopify.com/s/files/1/0454/5845/6736/files/KitJHMisto2-0Preto.jpg?v=1725276691,8,"",,,,,,,,,,,,,,,,,,,,https://cdn.shopify.com/s/files/1/0454/5845/6736/files/KitJHMisto2-0Preto.jpg?v=1725276691,g,,,
kit-jig-head-facetado-misto,,,,,,,,,Vermelho,,,3/0,,,"7g,10g,12g",,KitCh0097,29.0,,-3,deny,manual,12.22,,true,false,,,,,,https://cdn.shopify.com/s/files/1/0454/5845/6736/files/JHFacMisto3-0Preto_ed46d53d-e02a-4710-8ac7-6903e57e3ebc.jpg?v=1725276691,9,"",,,,,,,,,,,,,,,,,,,,https://cdn.shopify.com/s/files/1/0454/5845/6736/files/JHFacMisto3-0Vermelho_d5cb6187-5b7c-4f59-9abb-0a4050362854.jpg?v=1725276691,g,,,
kit-jig-head-facetado-misto,,,,,,,,,Vermelho,,,2/0,,,"7g,10g,12g",,KitCh0087,29.0,shopify,-3,deny,manual,12.22,,true,false,,,,,,https://cdn.shopify.com/s/files/1/0454/5845/6736/files/KitJHMisto2-0Vermelho.jpg?v=1725276691,10,"",,,,,,,,,,,,,,,,,,,,https://cdn.shopify.com/s/files/1/0454/5845/6736/files/KitJHMisto2-0Vermelho.jpg?v=1725276691,g,,,
kit-jig-head-facetado-misto,,,,,,,,,,,,,,,,,,,,,,,,,,,,,,,,https://cdn.shopify.com/s/files/1/0454/5845/6736/files/JHFacMisto3-0Vermelho_d5cb6187-5b7c-4f59-9abb-0a4050362854.jpg?v=1725276691,11,"",,,,,,,,,,,,,,,,,,,,,,,,
kit-jig-head-facetado-individual,Kit Jig Head Facetado Individual,<p>O Kit Jig Head Facetado Rosa contém:</p><p>-Coloridos 2 Jig Heads Facetados.</p><p>-Natural 3 Jig Heads Facetados.</p>,Chumbada Oficial,Sem categoria,"","Facetado, Kit Jig Head, Kit Jig Head Facetado, Margem, Misto, todos",true,Cor,Amarelo,,Anzol,3/0,,Peso,12g,,KitCh0072,24.0,,0,deny,manual,9.22,,true,false,,,,,,https://cdn.shopify.com/s/files/1/0454/5845/6736/files/JHFac12g3-0Rosa_64223bd1-b944-4cdd-b428-0aa0d2113109.jpg?v=1725277711,1,"",false,,,,,,,,,,,,,,,,,,,https://cdn.shopify.com/s/files/1/0454/5845/6736/files/JHFac12g3-0_a7c2f6fd-7c31-4a02-afc6-48244474a30a.jpg?v=1725277711,g,,,active
kit-jig-head-facetado-individual,,,,,,,,,Amarelo,,,3/0,,,10g,,KitCh0071,20.0,,-5,deny,manual,9.22,,true,false,,,,,,https://cdn.shopify.com/s/files/1/0454/5845/6736/files/JHFac10g3-0Amarelo_b7077495-723f-4994-8c0b-cf3ff27b42c1.jpg?v=1725277711,2,"",,,,,,,,,,,,,,,,,,,,https://cdn.shopify.com/s/files/1/0454/5845/6736/files/JHFac10g3-0Amarelo_b7077495-723f-4994-8c0b-cf3ff27b42c1.jpg?v=1725277711,g,,,
kit-jig-head-facetado-individual,,,,,,,,,Amarelo,,,3/0,,,7g,,KitCh0070,14.0,,-5,deny,manual,7.50,,true,false,,,,,,https://cdn.shopify.com/s/files/1/0454/5845/6736/files/JHFac12g3-0_a7c2f6fd-7c31-4a02-afc6-48244474a30a.jpg?v=1725277711,3,"",,,,,,,,,,,,,,,,,,,,https://cdn.shopify.com/s/files/1/0454/5845/6736/files/JHFac7g3-0Amarelo_d1435e07-4bd9-47a2-879b-306169ffe799.jpg?v=1725277711,g,,,
kit-jig-head-facetado-individual,,,,,,,,,Amarelo,,,2/0,,,12g,,KitCh0042,24.0,shopify,0,deny,manual,9.22,,true,false,,,,,,https://cdn.shopify.com/s/files/1/0454/5845/6736/files/JHFac7g3-0Amarelo_d1435e07-4bd9-47a2-879b-306169ffe799.jpg?v=1725277711,4,"",,,,,,,,,,,,,,,,,,,,https://cdn.shopify.com/s/files/1/0454/5845/6736/files/KitJH12g2-0Amarelo_1080f3bc-9508-43ae-bc66-721aade6aec9.jpg?v=1725277712,g,,,
kit-jig-head-facetado-individual,,,,,,,,,Amarelo,,,2/0,,,10g,,KitCh0041,20.0,shopify,0,deny,manual,9.22,,true,false,,,,,,https://cdn.shopify.com/s/files/1/0454/5845/6736/files/JHFac10g3-0Laranja_d3181111-7a2e-4c2d-869b-639665387af2.jpg?v=1725277711,5,"",,,,,,,,,,,,,,,,,,,,https://cdn.shopify.com/s/files/1/0454/5845/6736/files/KitJHFac10g2-0Amarelo_500500a4-3a51-4568-ad87-ea09e44db5c7.jpg?v=1725277712,g,,,
kit-jig-head-facetado-individual,,,,,,,,,Amarelo,,,2/0,,,7g,,KitCh0040,14.0,shopify,0,deny,manual,7.50,,true,false,,,,,,https://cdn.shopify.com/s/files/1/0454/5845/6736/files/JHFac12g3-0Laranja_9637adfc-fd27-45d4-8300-136ec487b00a.jpg?v=1725277711,6,"",,,,,,,,,,,,,,,,,,,,https://cdn.shopify.com/s/files/1/0454/5845/6736/files/KitJHFac7g2-0Amarelo_a150964e-13a5-4d9e-acb4-fab4012dac10.jpg?v=1725277712,g,,,
kit-jig-head-facetado-individual,,,,,,,,,Laranja,,,3/0,,,12g,,KitCh0081,24.0,,0,deny,manual,9.22,,true,false,,,,,,https://cdn.shopify.com/s/files/1/0454/5845/6736/files/JHFac7g3-0Laranja_5dace48a-560d-4e1f-b74d-b6d65557cd4d.jpg?v=1725277711,7,"",,,,,,,,,,,,,,,,,,,,https://cdn.shopify.com/s/files/1/0454/5845/6736/files/JHFac12g3-0Laranja_9637adfc-fd27-45d4-8300-136ec487b00a.jpg?v=1725277711,g,,,
kit-jig-head-facetado-individual,,,,,,,,,Laranja,,,3/0,,,10g,,KitCh0080,20.0,,0,deny,manual,9.22,,true,false,,,,,,https://cdn.shopify.com/s/files/1/0454/5845/6736/files/JHFac10g3-0Natural_766c9477-4fd2-4535-9e26-b8f4d1fc5278.jpg?v=1725277712,8,"",,,,,,,,,,,,,,,,,,,,https://cdn.shopify.com/s/files/1/0454/5845/6736/files/JHFac10g3-0Laranja_d3181111-7a2e-4c2d-869b-639665387af2.jpg?v=1725277711,g,,,
kit-jig-head-facetado-individual,,,,,,,,,Laranja,,,3/0,,,7g,,KitCh0079,14.0,,0,deny,manual,7.50,,true,false,,,,,,https://cdn.shopify.com/s/files/1/0454/5845/6736/files/JHFac12g3-0Natural_305d0adb-bf9b-477b-ae33-53f9cde51ac4.jpg?v=1725277712,9,"",,,,,,,,,,,,,,,,,,,,https://cdn.shopify.com/s/files/1/0454/5845/6736/files/JHFac7g3-0Laranja_5dace48a-560d-4e1f-b74d-b6d65557cd4d.jpg?v=1725277711,g,,,
kit-jig-head-facetado-individual,,,,,,,,,Laranja,,,2/0,,,12g,,KitCh0051,24.0,shopify,0,deny,manual,9.22,,true,false,,,,,,https://cdn.shopify.com/s/files/1/0454/5845/6736/files/JHFac7g3-0Natural_a836aad3-a370-4e77-a81a-42d220c2d715.jpg?v=1725277712,10,"",,,,,,,,,,,,,,,,,,,,https://cdn.shopify.com/s/files/1/0454/5845/6736/files/KitJHFac12g2-0Laranja_c40ee246-b0a7-4532-81d4-2d590e064cae.jpg?v=1725277712,g,,,
kit-jig-head-facetado-individual,,,,,,,,,Laranja,,,2/0,,,10g,,KitCh0050,20.0,shopify,0,deny,manual,9.22,,true,false,,,,,,https://cdn.shopify.com/s/files/1/0454/5845/6736/files/JHFac10g3-0Preto_070e207b-9c76-48c9-859d-bab99d65b674.jpg?v=1725277712,11,"",,,,,,,,,,,,,,,,,,,,https://cdn.shopify.com/s/files/1/0454/5845/6736/files/KitJHFac10g2-0Laranja_77e91037-de2a-4257-9edc-0b525cc1288e.jpg?v=1725277712,g,,,
kit-jig-head-facetado-individual,,,,,,,,,Laranja,,,2/0,,,7g,,KitCh0049,14.0,shopify,-12,deny,manual,7.50,,true,false,,,,,,https://cdn.shopify.com/s/files/1/0454/5845/6736/files/JHFac12g3-0Preto_95a2cd27-b607-4001-b5ab-9442bdd95365.jpg?v=1725277712,12,"",,,,,,,,,,,,,,,,,,,,https://cdn.shopify.com/s/files/1/0454/5845/6736/files/KitJHFac7g2-0Laranja_8e030445-c135-434d-9ef3-ab69d65d5a9a.jpg?v=1725277712,g,,,
kit-jig-head-facetado-individual,,,,,,,,,Natural,,,3/0,,,12g,,KitCh0022,36.0,,0,deny,manual,6.82,,true,false,,,,,,https://cdn.shopify.com/s/files/1/0454/5845/6736/files/JHFac7g3-0Preto_501d1e46-4b64-406e-bb85-d9b083f2ca58.jpg?v=1725277712,13,"",,,,,,,,,,,,,,,,,,,,https://cdn.shopify.com/s/files/1/0454/5845/6736/files/JHFac12g3-0Natural_305d0adb-bf9b-477b-ae33-53f9cde51ac4.jpg?v=1725277712,g,,,
kit-jig-head-facetado-individual,,,,,,,,,Natural,,,3/0,,,10g,,KitCh0021,30.0,,0,deny,manual,6.82,,true,false,,,,,,https://cdn.shopify.com/s/files/1/0454/5845/6736/files/JHFac10g3-0Vermelho_659af748-ce5b-4f09-b46f-a1ec08068bfc.jpg?v=1725277712,14,"",,,,,,,,,,,,,,,,,,,,https://cdn.shopify.com/s/files/1/0454/5845/6736/files/JHFac10g3-0Natural_766c9477-4fd2-4535-9e26-b8f4d1fc5278.jpg?v=1725277712,g,,,
kit-jig-head-facetado-individual,,,,,,,,,Natural,,,3/0,,,7g,,KitCh0020,21.0,,0,deny,manual,5.90,,true,false,,,,,,https://cdn.shopify.com/s/files/1/0454/5845/6736/files/JHFac12g3-0Vermelho_81ccdec1-522b-4efe-8176-5dc80f6a88c3.jpg?v=1725277712,15,"",,,,,,,,,,,,,,,,,,,,https://cdn.shopify.com/s/files/1/0454/5845/6736/files/JHFac7g3-0Natural_a836aad3-a370-4e77-a81a-42d220c2d715.jpg?v=1725277712,g,,,
kit-jig-head-facetado-individual,,,,,,,,,Natural,,,2/0,,,12g,,KitCh0019,36.0,shopify,0,deny,manual,6.82,,true,false,,,,,,https://cdn.shopify.com/s/files/1/0454/5845/6736/files/KitJHFac10g2-0Amarelo_500500a4-3a51-4568-ad87-ea09e44db5c7.jpg?v=1725277712,16,"",,,,,,,,,,,,,,,,,,,,https://cdn.shopify.com/s/files/1/0454/5845/6736/files/KitJHFac12g2-0Natural_b4d41462-ee0c-498e-8b78-e82f18d06c1c.jpg?v=1725277712,g,,,
kit-jig-head-facetado-individual,,,,,,,,,Natural,,,2/0,,,10g,,KitCh0018,30.0,shopify,-10,deny,manual,6.82,,true,false,,,,,,https://cdn.shopify.com/s/files/1/0454/5845/6736/files/KitJH12g2-0Amarelo_1080f3bc-9508-43ae-bc66-721aade6aec9.jpg?v=1725277712,17,"",,,,,,,,,,,,,,,,,,,,https://cdn.shopify.com/s/files/1/0454/5845/6736/files/KitJHFac10g2-0Natural_08ab0419-574b-42ec-be45-3a69e396c152.jpg?v=1725277712,g,,,
kit-jig-head-facetado-individual,,,,,,,,,Natural,,,2/0,,,7g,,KitCh0017,21.0,shopify,-10,deny,manual,5.90,,true,false,,,,,,https://cdn.shopify.com/s/files/1/0454/5845/6736/files/KitJHFac7g2-0Amarelo_a150964e-13a5-4d9e-acb4-fab4012dac10.jpg?v=1725277712,18,"",,,,,,,,,,,,,,,,,,,,https://cdn.shopify.com/s/files/1/0454/5845/6736/files/KitJHFac7g2-0Natural_6ef374f2-fb88-4ed4-8179-2ab9989299ea.jpg?v=1725277712,g,,,
kit-jig-head-facetado-individual,,,,,,,,,Preto,,,3/0,,,12g,,KitCh0060,24.0,,0,deny,manual,9.22,,true,false,,,,,,https://cdn.shopify.com/s/files/1/0454/5845/6736/files/KitJHFac10g2-0Laranja_77e91037-de2a-4257-9edc-0b525cc1288e.jpg?v=1725277712,19,"",,,,,,,,,,,,,,,,,,,,https://cdn.shopify.com/s/files/1/0454/5845/6736/files/JHFac12g3-0Preto_95a2cd27-b607-4001-b5ab-9442bdd95365.jpg?v=1725277712,g,,,
kit-jig-head-facetado-individual,,,,,,,,,Preto,,,3/0,,,10g,,KitCh0059,20.0,,0,deny,manual,9.22,,true,false,,,,,,https://cdn.shopify.com/s/files/1/0454/5845/6736/files/KitJHFac12g2-0Laranja_c40ee246-b0a7-4532-81d4-2d590e064cae.jpg?v=1725277712,20,"",,,,,,,,,,,,,,,,,,,,https://cdn.shopify.com/s/files/1/0454/5845/6736/files/JHFac10g3-0Preto_070e207b-9c76-48c9-859d-bab99d65b674.jpg?v=1725277712,g,,,
kit-jig-head-facetado-individual,,,,,,,,,Preto,,,3/0,,,7g,,KitCh0058,14.0,,0,deny,manual,7.50,,true,false,,,,,,https://cdn.shopify.com/s/files/1/0454/5845/6736/files/KitJHFac7g2-0Laranja_8e030445-c135-434d-9ef3-ab69d65d5a9a.jpg?v=1725277712,21,"",,,,,,,,,,,,,,,,,,,,https://cdn.shopify.com/s/files/1/0454/5845/6736/files/JHFac7g3-0Preto_501d1e46-4b64-406e-bb85-d9b083f2ca58.jpg?v=1725277712,g,,,
kit-jig-head-facetado-individual,,,,,,,,,Preto,,,2/0,,,12g,,KitCh0030,24.0,shopify,0,deny,manual,9.22,,true,false,,,,,,https://cdn.shopify.com/s/files/1/0454/5845/6736/files/KitJHFac10g2-0Natural_08ab0419-574b-42ec-be45-3a69e396c152.jpg?v=1725277712,22,"",,,,,,,,,,,,,,,,,,,,https://cdn.shopify.com/s/files/1/0454/5845/6736/files/KitJH12g2-0Preto_2f3d501d-d48e-4628-aafc-721136b8fffb.jpg?v=1725277712,g,,,
kit-jig-head-facetado-individual,,,,,,,,,Preto,,,2/0,,,10g,,KitCh0029,20.0,shopify,0,deny,manual,9.22,,true,false,,,,,,https://cdn.shopify.com/s/files/1/0454/5845/6736/files/KitJHFac12g2-0Natural_b4d41462-ee0c-498e-8b78-e82f18d06c1c.jpg?v=1725277712,23,"",,,,,,,,,,,,,,,,,,,,https://cdn.shopify.com/s/files/1/0454/5845/6736/files/KitJHFac10g2-0Preto_e32b4233-1ddf-4fa8-9525-ec50c1a8380e.jpg?v=1725277712,g,,,
kit-jig-head-facetado-individual,,,,,,,,,Preto,,,2/0,,,7g,,KitCh0028,14.0,shopify,0,deny,manual,7.50,,true,false,,,,,,https://cdn.shopify.com/s/files/1/0454/5845/6736/files/KitJHFac7g2-0Natural_6ef374f2-fb88-4ed4-8179-2ab9989299ea.jpg?v=1725277712,24,"",,,,,,,,,,,,,,,,,,,,https://cdn.shopify.com/s/files/1/0454/5845/6736/files/KitJHFac7g2-0Preto_b24c5448-d73c-4447-b4fe-be5fe6b5814d.jpg?v=1725277712,g,,,
kit-jig-head-facetado-individual,,,,,,,,,Vermelho,,,3/0,,,12g,,KitCh0063,24.0,,0,deny,manual,9.22,,true,false,,,,,,https://cdn.shopify.com/s/files/1/0454/5845/6736/files/KitJHFac10g2-0Preto_e32b4233-1ddf-4fa8-9525-ec50c1a8380e.jpg?v=1725277712,25,"",,,,,,,,,,,,,,,,,,,,https://cdn.shopify.com/s/files/1/0454/5845/6736/files/JHFac12g3-0Vermelho_81ccdec1-522b-4efe-8176-5dc80f6a88c3.jpg?v=1725277712,g,,,
kit-jig-head-facetado-individual,,,,,,,,,Vermelho,,,3/0,,,10g,,KitCh0062,20.0,,0,deny,manual,9.22,,true,false,,,,,,https://cdn.shopify.com/s/files/1/0454/5845/6736/files/KitJH12g2-0Preto_2f3d501d-d48e-4628-aafc-721136b8fffb.jpg?v=1725277712,26,"",,,,,,,,,,,,,,,,,,,,https://cdn.shopify.com/s/files/1/0454/5845/6736/files/JHFac10g3-0Vermelho_659af748-ce5b-4f09-b46f-a1ec08068bfc.jpg?v=1725277712,g,,,
kit-jig-head-facetado-individual,,,,,,,,,Vermelho,,,3/0,,,7g,,KitCh0061,14.0,,0,deny,manual,7.50,,true,false,,,,,,https://cdn.shopify.com/s/files/1/0454/5845/6736/files/KitJHFac7g2-0Preto_b24c5448-d73c-4447-b4fe-be5fe6b5814d.jpg?v=1725277712,27,"",,,,,,,,,,,,,,,,,,,,https://cdn.shopify.com/s/files/1/0454/5845/6736/files/JHFac7g3-0vermelho_a401038d-cb0c-4140-a043-a0904e27d5e0.jpg?v=1725277712,g,,,
kit-jig-head-facetado-individual,,,,,,,,,Vermelho,,,2/0,,,12g,,KitCh0033,24.0,shopify,0,deny,manual,9.22,,true,false,,,,,,https://cdn.shopify.com/s/files/1/0454/5845/6736/files/KitJHFac10g2-0Vermelho_f205748c-c83e-4854-b57d-71a2af7c8303.jpg?v=1725277712,28,"",,,,,,,,,,,,,,,,,,,,https://cdn.shopify.com/s/files/1/0454/5845/6736/files/KitJHFac12g2-0Vermelho_41caec31-04b1-4eac-a625-ae9f7952c72d.jpg?v=1725277712,g,,,
kit-jig-head-facetado-individual,,,,,,,,,Vermelho,,,2/0,,,10g,,KitCh0032,20.0,shopify,0,deny,manual,9.22,,true,false,,,,,,https://cdn.shopify.com/s/files/1/0454/5845/6736/files/KitJHFac12g2-0Vermelho_41caec31-04b1-4eac-a625-ae9f7952c72d.jpg?v=1725277712,29,"",,,,,,,,,,,,,,,,,,,,https://cdn.shopify.com/s/files/1/0454/5845/6736/files/KitJHFac10g2-0Vermelho_f205748c-c83e-4854-b57d-71a2af7c8303.jpg?v=1725277712,g,,,
kit-jig-head-facetado-individual,,,,,,,,,Vermelho,,,2/0,,,7g,,KitCh0031,14.0,shopify,0,deny,manual,7.50,,true,false,,,,,,https://cdn.shopify.com/s/files/1/0454/5845/6736/files/KitJHFac7g2-0Vermelho_4a149e40-45c2-4af0-a09f-65854b919aed.jpg?v=1725277712,30,"",,,,,,,,,,,,,,,,,,,,https://cdn.shopify.com/s/files/1/0454/5845/6736/files/KitJHFac7g2-0Vermelho_4a149e40-45c2-4af0-a09f-65854b919aed.jpg?v=1725277712,g,,,
kit-jig-head-facetado-individual,,,,,,,,,,,,,,,,,,,,,,,,,,,,,,,,https://cdn.shopify.com/s/files/1/0454/5845/6736/files/JHFac7g3-0vermelho_a401038d-cb0c-4140-a043-a0904e27d5e0.jpg?v=1725277712,31,"",,,,,,,,,,,,,,,,,,,,,,,,
anzol-50457,Anzol 50457 (Pct com 15),"<p>O anzol 50457 da Chumbada Oficial é sinônimo de resistência e precisão. Desenvolvido com uma haste levemente alongada, é a escolha ideal para enfrentar peixes de dentição robusta, protegendo sua linha contra cortes e garantindo a segurança da captura. Sua haste maior não apenas protege a linha, mas também permite acomodar generosamente a isca, facilitando sua fixação e proporcionando um desempenho superior em diferentes tipos de pescaria.  </p>
<p>Fabricado com materiais de alta resistência e uma ponta extremamente afiada, o anzol 50457 garante maior eficiência na fisgada e no combate com peixes de maior porte. É perfeito para pescarias em ambientes que abrigam espécies de peixes com dentes como o Baiacu.</p>
<p>Seja para pesca esportiva ou recreativa, o anzol 50457 oferece durabilidade, desempenho e segurança, sendo indispensável para os pescadores que exigem o melhor em suas aventuras.</p>",Chumbada Oficial,Artigos esportivos > Atividades ao ar livre > Pesca > Equipamento de pesca > Anzóis para pesca,Anzol,"50457, Anzol, Margem, Niquel, Olhal, todos",true,Tamanho,6#,,Variações,Olhal,,Cor,Níquel,,'41031126,3.0,shopify,-2,deny,manual,9.80,,true,false,,,,,"",https://cdn.shopify.com/s/files/1/0454/5845/6736/files/Anzol-50457_1.jpg?v=1731423709,1,"",false,,,,,,,,,,,,,,,,,,,https://cdn.shopify.com/s/files/1/0454/5845/6736/files/Anzol-50457-Olhal-6-Niquel.png?v=1731423709,g,,,active
anzol-50457,,,,,,,,,7#,,,Olhal,,,Níquel,,'41031127,3.0,shopify,-5,deny,manual,9.80,,true,false,,,,,,https://cdn.shopify.com/s/files/1/0454/5845/6736/files/Anzol-50457-Olhal-6-Niquel.png?v=1731423709,2,Anzol 50457 (Pct com 15),,,,,,,,,,,,,,,,,,,,https://cdn.shopify.com/s/files/1/0454/5845/6736/files/Anzol_50457_Olhal_7_Niquel.jpg?v=1731423709,g,,,
anzol-50457,,,,,,,,,8#,,,Olhal,,,Níquel,,'41031128,3.0,,-12,deny,manual,9.80,,true,false,,,,,,https://cdn.shopify.com/s/files/1/0454/5845/6736/files/Anzol_50457_Olhal_7_Niquel.jpg?v=1731423709,3,"",,,,,,,,,,,,,,,,,,,,https://cdn.shopify.com/s/files/1/0454/5845/6736/files/Anzol_50457_Olhal_8_Niquel.jpg?v=1731423709,g,,,
anzol-50457,,,,,,,,,9#,,,Olhal,,,Níquel,,'41031129,3.0,,-9,deny,manual,9.80,,true,false,,,,,,https://cdn.shopify.com/s/files/1/0454/5845/6736/files/Anzol_50457_Olhal_8_Niquel.jpg?v=1731423709,4,"",,,,,,,,,,,,,,,,,,,,https://cdn.shopify.com/s/files/1/0454/5845/6736/files/Anzol_50457_Olhal_9_Niquel.jpg?v=1731423709,g,,,
anzol-50457,,,,,,,,,10#,,,Olhal,,,Níquel,,'410311210,3.0,shopify,-7,deny,manual,9.80,,true,false,,,,,,https://cdn.shopify.com/s/files/1/0454/5845/6736/files/Anzol_50457_Olhal_9_Niquel.jpg?v=1731423709,5,"",,,,,,,,,,,,,,,,,,,,https://cdn.shopify.com/s/files/1/0454/5845/6736/files/Anzol_50457_Olhal_10_Niquel.jpg?v=1731423709,g,,,
anzol-50457,,,,,,,,,12#,,,Olhal,,,Níquel,,'410311212,2.0,,-10,deny,manual,9.80,,true,false,,,,,,https://cdn.shopify.com/s/files/1/0454/5845/6736/files/Anzol_50457_Olhal_10_Niquel.jpg?v=1731423709,6,"",,,,,,,,,,,,,,,,,,,,https://cdn.shopify.com/s/files/1/0454/5845/6736/files/Anzol_50457_Olhal_12_Niquel_4f6d0637-461c-4cf5-bf6a-1853586919b8.jpg?v=1731423709,g,,,
anzol-50457,,,,,,,,,,,,,,,,,,,,,,,,,,,,,,,,https://cdn.shopify.com/s/files/1/0454/5845/6736/files/Anzol_50457_Olhal_12_Niquel_4f6d0637-461c-4cf5-bf6a-1853586919b8.jpg?v=1731423709,7,"",,,,,,,,,,,,,,,,,,,,,,,,
anzol-50656,Anzol 50656 (Pct com 15),"<p>O anzol modelo 50656 é um verdadeiro destaque para pescarias que exigem precisão e eficiência. Fabricado com um material extremamente fino, sua principal característica é ser altamente fisgador, facilitando a captura de peixes com menor esforço no momento da fisgada. Apesar de a resistência não ser seu ponto forte, ele compensa com outras vantagens incomparáveis.</p>
<p>Este anzol é ultraleve, o que o torna ideal para situações em que a leveza faz a diferença. Sua morte bem aberta permite acomodar iscas generosas, mesmo em seus menores tamanhos, garantindo versatilidade para diferentes tipos de pescaria. Além disso, o design leve do anzol 50656 o torna perfeito para correntezas, proporcionando uma movimentação natural da isca, que atrai ainda mais os peixes.</p>
<p>Seja na pesca esportiva ou recreativa, o anzol 50656 combina eficiência e delicadeza, sendo uma excelente escolha para quem busca resultados com precisão e desempenho.</p>",Chumbada Oficial,Artigos esportivos > Atividades ao ar livre > Pesca > Equipamento de pesca > Anzóis para pesca,Anzol,"50656, Anzol, Margem, Niquel, Olhal, todos",true,Tamanho,3#,,Variações,Olhal,,Cor,Níquel,,'41032123,3.0,,-14,deny,manual,9.10,9.10,true,false,,,,,"",https://cdn.shopify.com/s/files/1/0454/5845/6736/files/50656_1.jpg?v=1731423733,1,"",false,,,,,,,,,,,,,,,,,,,https://cdn.shopify.com/s/files/1/0454/5845/6736/files/Anzol_50656_Olhal_3_Niquel.jpg?v=1731423733,kg,,,active
anzol-50656,,,,,,,,,4#,,,Olhal,,,Níquel,,'41032124,3.0,,-19,deny,manual,9.10,9.10,true,false,,,,,"",https://cdn.shopify.com/s/files/1/0454/5845/6736/files/Anzol-50656-Olhal-3-Niquel.png?v=1731423733,2,Anzol 50656 (Pct com 15),,,,,,,,,,,,,,,,,,,,https://cdn.shopify.com/s/files/1/0454/5845/6736/files/Anzol_50656_Olhal_4_Niquel.jpg?v=1731423733,kg,,,
anzol-50656,,,,,,,,,7#,,,Olhal,,,Preto,,'41032117,3.0,shopify,-2,deny,manual,9.10,9.10,true,false,,,,,"",https://cdn.shopify.com/s/files/1/0454/5845/6736/files/Anzol_50656_Olhal_3_Niquel.jpg?v=1731423733,3,Anzol 50656 (Pct com 15),,,,,,,,,,,,,,,,,,,,https://cdn.shopify.com/s/files/1/0454/5845/6736/files/Anzol_50656_Olhal_7_Black.jpg?v=1731423733,kg,,,
anzol-50656,,,,,,,,,9#,,,Olhal,,,Níquel,,'41032129,2.0,shopify,-7,deny,manual,9.10,9.10,true,false,,,,,"",https://cdn.shopify.com/s/files/1/0454/5845/6736/files/Anzol_50656_Olhal_3_Black.jpg?v=1731423733,4,"",,,,,,,,,,,,,,,,,,,,https://cdn.shopify.com/s/files/1/0454/5845/6736/files/Anzol_50656_Olhal_9_Niquel.jpg?v=1731423733,kg,,,
anzol-50656,,,,,,,,,9#,,,Olhal,,,Preto,,'41032119,2.0,shopify,0,deny,manual,9.10,9.10,true,false,,,,,"",https://cdn.shopify.com/s/files/1/0454/5845/6736/files/Anzol_50656_Olhal_4_Niquel.jpg?v=1731423733,5,"",,,,,,,,,,,,,,,,,,,,https://cdn.shopify.com/s/files/1/0454/5845/6736/files/Anzol_50656_Olhal_9_Black.jpg?v=1731423733,kg,,,
anzol-50656,,,,,,,,,4#,,,Olhal,,,Preto,,'41032114,3.0,,-3,deny,manual,9.10,9.10,true,false,,,,,"",https://cdn.shopify.com/s/files/1/0454/5845/6736/files/Anzol_50656_Olhal_4_Black.jpg?v=1731423733,6,"",,,,,,,,,,,,,,,,,,,,https://cdn.shopify.com/s/files/1/0454/5845/6736/files/Anzol_50656_Olhal_4_Black.jpg?v=1731423733,kg,,,
anzol-50656,,,,,,,,,5#,,,Olhal,,,Níquel,,'41032125,3.0,,-22,deny,manual,9.10,9.10,true,false,,,,,"",https://cdn.shopify.com/s/files/1/0454/5845/6736/files/Anzol_50656_Olhal_5_Niquel.jpg?v=1731423733,7,"",,,,,,,,,,,,,,,,,,,,https://cdn.shopify.com/s/files/1/0454/5845/6736/files/Anzol_50656_Olhal_5_Niquel.jpg?v=1731423733,kg,,,
anzol-50656,,,,,,,,,8#,,,Olhal,,,Preto,,'41032118,2.0,,-7,deny,manual,9.10,9.10,true,false,,,,,"",https://cdn.shopify.com/s/files/1/0454/5845/6736/files/50656_Olhal_5_Black_f27acd69-7de7-4cda-8bc7-45382667a0be.jpg?v=1731423733,8,"",,,,,,,,,,,,,,,,,,,,https://cdn.shopify.com/s/files/1/0454/5845/6736/files/Anzol_50656_Olhal_8_Black.jpg?v=1731423733,kg,,,
anzol-50656,,,,,,,,,3#,,,Olhal,,,Preto,,'41032113,3.0,shopify,5,deny,manual,9.10,9.10,true,false,,,,,"",https://cdn.shopify.com/s/files/1/0454/5845/6736/files/Anzol_50656_Olhal_6_Niquel.jpg?v=1731423733,9,"",,,,,,,,,,,,,,,,,,,,https://cdn.shopify.com/s/files/1/0454/5845/6736/files/Anzol_50656_Olhal_3_Black.jpg?v=1731423733,kg,,,
anzol-50656,,,,,,,,,6#,,,Olhal,,,Preto,,'41032116,3.0,,0,deny,manual,9.10,9.10,true,false,,,,,"",https://cdn.shopify.com/s/files/1/0454/5845/6736/files/Anzol_50656_Olhal_6_Black.jpg?v=1731423733,10,"",,,,,,,,,,,,,,,,,,,,https://cdn.shopify.com/s/files/1/0454/5845/6736/files/Anzol_50656_Olhal_6_Black.jpg?v=1731423733,kg,,,
anzol-50656,,,,,,,,,6#,,,Olhal,,,Níquel,,'41032126,3.0,,-7,deny,manual,9.10,9.10,true,false,,,,,"",https://cdn.shopify.com/s/files/1/0454/5845/6736/files/Anzol_50656_Olhal_7_Black.jpg?v=1731423733,11,"",,,,,,,,,,,,,,,,,,,,https://cdn.shopify.com/s/files/1/0454/5845/6736/files/Anzol_50656_Olhal_6_Niquel.jpg?v=1731423733,kg,,,
anzol-50656,,,,,,,,,5#,,,Olhal,,,Preto,,'41032115,3.0,,-5,deny,manual,9.10,9.10,true,false,,,,,"",https://cdn.shopify.com/s/files/1/0454/5845/6736/files/Anzol_50656_Olhal_8_Black.jpg?v=1731423733,12,"",,,,,,,,,,,,,,,,,,,,https://cdn.shopify.com/s/files/1/0454/5845/6736/files/50656_Olhal_5_Black_f27acd69-7de7-4cda-8bc7-45382667a0be.jpg?v=1731423733,kg,,,
anzol-50656,,,,,,,,,10#,,,Olhal,,,Níquel,,'410321210,2.0,,-7,deny,manual,9.10,9.10,true,false,,,,,"",https://cdn.shopify.com/s/files/1/0454/5845/6736/files/Anzol_50656_Olhal_9_Niquel.jpg?v=1731423733,13,"",,,,,,,,,,,,,,,,,,,,https://cdn.shopify.com/s/files/1/0454/5845/6736/files/Anzol_50656_Olhal_10_Niquel.jpg?v=1731423733,kg,,,
anzol-50656,,,,,,,,,11#,,,Olhal,,,Níquel,,'410321211,3.0,,-7,deny,manual,9.10,9.10,true,false,,,,,"",https://cdn.shopify.com/s/files/1/0454/5845/6736/files/Anzol_50656_Olhal_9_Black.jpg?v=1731423733,14,"",,,,,,,,,,,,,,,,,,,,,kg,,,
anzol-50656,,,,,,,,,,,,,,,,,,,,,,,,,,,,,,,,https://cdn.shopify.com/s/files/1/0454/5845/6736/files/Anzol_50656_Olhal_10_Niquel.jpg?v=1731423733,15,"",,,,,,,,,,,,,,,,,,,,,,,,
anzol-53117,Anzol 53117 (Pct com 15),"<p>Versatilidade e Eficiência na Pesca</p>
<p>O Anzol 53117 é a escolha perfeita para pescadores que buscam um equipamento versátil e confiável. Desenvolvido para oferecer máxima eficiência em diferentes modalidades de pesca, este anzol combina resistência e afiação de forma excepcional. </p>
<p>Uma de suas principais características é sua ponta envenenada, ou seja, ligeiramente inclinada em relação à haste. Esse design exclusivo proporciona fisgadas precisas e seguras, especialmente no momento crítico em que o peixe tenta cuspir a isca após sentir o anzol. Além disso, sua ""morte"" generosa permite carregar iscas maiores e mais volumosas, sem comprometer sua performance.</p>
<p>O Anzol 53117 é ideal para uma ampla variedade de ambientes e espécies:  <br>Excelente para capturar peixes como canguás e outros que preferem uma isca mais caprichada.  Este modelo é muito utilizado nas plataformas de pesca.</p>
<p><br>Fabricado com materiais de alta resistência e entregue ao cliente com afiação pronta para uso, o Anzol 53117 garante fisgadas eficazes e maior segurança durante a pesca. Se você precisa de um anzol que combine qualidade, versatilidade e desempenho, o Anzol 53117 é a sua melhor escolha.</p>",Chumbada Oficial,Artigos esportivos > Atividades ao ar livre > Pesca > Equipamento de pesca > Anzóis para pesca,Anzol,"53117, Anzol, Margem, Niquel, Olhal, todos",true,Tamanho,3#,,Variações,Olhal,,Cor,Níquel,,'41033123,4.0,,-14,deny,manual,9.10,9.10,true,false,,,,,"",https://cdn.shopify.com/s/files/1/0454/5845/6736/files/53117_1.jpg?v=1731423749,1,"",false,,,,,,,,,,,,,,,,,,,https://cdn.shopify.com/s/files/1/0454/5845/6736/files/Anzol_53117_Olhal_3_Niquel.jpg?v=1731423749,kg,,,active
anzol-53117,,,,,,,,,4#,,,Olhal,,,Níquel,,'41033124,3.0,,-35,deny,manual,9.10,9.10,true,false,,,,,"",https://cdn.shopify.com/s/files/1/0454/5845/6736/files/Anzol-53117-Olhal-4-Niquel.png?v=1731423749,2,Anzol 53117 (Pct com 15),,,,,,,,,,,,,,,,,,,,https://cdn.shopify.com/s/files/1/0454/5845/6736/files/Anzol_53117_Olhal_4_Niquel.jpg?v=1731423749,kg,,,
anzol-53117,,,,,,,,,5#,,,Olhal,,,Níquel,,'41033125,3.0,shopify,0,deny,manual,9.10,9.10,true,false,,,,,"",https://cdn.shopify.com/s/files/1/0454/5845/6736/files/Anzol_53117_Olhal_3_Niquel.jpg?v=1731423749,3,Anzol 53117 (Pct com 15),,,,,,,,,,,,,,,,,,,,https://cdn.shopify.com/s/files/1/0454/5845/6736/files/Anzol_53117_Olhal_5_Niquel.jpg?v=1731423749,kg,,,
anzol-53117,,,,,,,,,6#,,,Olhal,,,Níquel,,'41033126,3.0,,-35,deny,manual,9.10,9.10,true,false,,,,,"",https://cdn.shopify.com/s/files/1/0454/5845/6736/files/Anzol_53117_Olhal_4_Niquel.jpg?v=1731423749,4,"",,,,,,,,,,,,,,,,,,,,https://cdn.shopify.com/s/files/1/0454/5845/6736/files/Anzol_53117_Olhal_6_Niquel.jpg?v=1731423749,kg,,,
anzol-53117,,,,,,,,,7#,,,Olhal,,,Níquel,,'41033127,3.0,,-12,deny,manual,9.10,9.10,true,false,,,,,"",https://cdn.shopify.com/s/files/1/0454/5845/6736/files/Anzol_53117_Olhal_5_Niquel.jpg?v=1731423749,5,"",,,,,,,,,,,,,,,,,,,,https://cdn.shopify.com/s/files/1/0454/5845/6736/files/Anzol_53117_Olhal_7_Niquel.jpg?v=1731423749,kg,,,
anzol-53117,,,,,,,,,8#,,,Olhal,,,Níquel,,'41033128,3.0,,-10,deny,manual,9.10,9.10,true,false,,,,,"",https://cdn.shopify.com/s/files/1/0454/5845/6736/files/Anzol_53117_Olhal_6_Niquel.jpg?v=1731423749,6,"",,,,,,,,,,,,,,,,,,,,https://cdn.shopify.com/s/files/1/0454/5845/6736/files/Anzol_53117_Olhal_8_Niquel.jpg?v=1731423749,kg,,,
anzol-53117,,,,,,,,,9#,,,Olhal,,,Níquel,,'41033129,2.0,,-15,deny,manual,9.10,9.10,true,false,,,,,"",https://cdn.shopify.com/s/files/1/0454/5845/6736/files/Anzol_53117_Olhal_7_Niquel.jpg?v=1731423749,7,"",,,,,,,,,,,,,,,,,,,,https://cdn.shopify.com/s/files/1/0454/5845/6736/files/Anzol_53117_Olhal_9_Niquel_a48a9afe-be85-404b-8bca-86735a6b67cc.jpg?v=1731423749,kg,,,
anzol-53117,,,,,,,,,,,,,,,,,,,,,,,,,,,,,,,,https://cdn.shopify.com/s/files/1/0454/5845/6736/files/Anzol_53117_Olhal_8_Niquel.jpg?v=1731423749,8,"",,,,,,,,,,,,,,,,,,,,,,,,
anzol-53117,,,,,,,,,,,,,,,,,,,,,,,,,,,,,,,,https://cdn.shopify.com/s/files/1/0454/5845/6736/files/Anzol_53117_Olhal_9_Niquel_a48a9afe-be85-404b-8bca-86735a6b67cc.jpg?v=1731423749,9,"",,,,,,,,,,,,,,,,,,,,,,,,
anzol-akitasune,Anzol Akitasune (Pct com 15),"<p>Precisão e Resistência</p>
<p>O Anzol Akitasune é projetado para atender pescadores exigentes que precisam de um equipamento confiável para capturar peixes com bocas menores. Com uma ponta ultraafiada e acabamento de alta qualidade, o Akitasune oferece máxima penetração e reduz o risco de escape. Fabricado em aço carbono tratado, combina resistência e durabilidade, ideal para pescarias desafiadoras em água doce ou salgada.</p>
<p>Este anzol é perfeito para espécies menores ou que requerem maior precisão na fisgada, sem comprometer a força necessária para enfrentar peixes mais valentes. O design refinado e discreto garante que a isca seja apresentada de forma natural, aumentando a eficiência da pesca.</p>
<p>Seja em rios, lagos ou no mar, confie no Anzol Akitasune para levar sua pescaria ao próximo nível!</p>",Chumbada Oficial,Artigos esportivos > Atividades ao ar livre > Pesca > Equipamento de pesca > Anzóis para pesca,Anzol,"Akitasune, Anzol, Margem, Niquel, Pata, todos",true,Tamanho,4#,,Variações,Pata,,Cor,Preto,,'41034214,2.0,shopify,-5,deny,manual,9.10,9.10,true,false,,,,,"",https://cdn.shopify.com/s/files/1/0454/5845/6736/files/akitasune_1.jpg?v=1731423759,1,"",false,,,,,,,,,,,,,,,,,,,https://cdn.shopify.com/s/files/1/0454/5845/6736/files/Anzol_Akitasune_Pata_4_Black.jpg?v=1731423759,kg,,,active
anzol-akitasune,,,,,,,,,5#,,,Pata,,,Níquel,,'41034225,2.0,shopify,0,deny,manual,9.10,9.10,true,false,,,,,"",https://cdn.shopify.com/s/files/1/0454/5845/6736/files/Anzol-Akitasune.png?v=1731423759,2,Anzol Akitasune (Pct com 15),,,,,,,,,,,,,,,,,,,,https://cdn.shopify.com/s/files/1/0454/5845/6736/files/Anzol_Akitasune_Pata_5_Niquel.jpg?v=1731423759,kg,,,
anzol-akitasune,,,,,,,,,6#,,,Pata,,,Níquel,,'41034226,2.0,shopify,0,deny,manual,9.10,9.10,true,false,,,,,"",https://cdn.shopify.com/s/files/1/0454/5845/6736/files/Anzol_Akitasune_Pata_4_Black.jpg?v=1731423759,3,Anzol Akitasune (Pct com 15),,,,,,,,,,,,,,,,,,,,https://cdn.shopify.com/s/files/1/0454/5845/6736/files/Anzol_Akitasune_Pata_6_Niquel_2fe0c747-033f-4de4-958d-d76d65867d97.jpg?v=1731423759,kg,,,
anzol-akitasune,,,,,,,,,5#,,,Pata,,,Preto,,MRev2121,2.0,shopify,0,deny,manual,9.10,9.10,true,false,,,,,"",https://cdn.shopify.com/s/files/1/0454/5845/6736/files/Anzol_Akitasune_Pata_5_Niquel.jpg?v=1731423759,4,"",,,,,,,,,,,,,,,,,,,,,kg,,,
anzol-akitasune,,,,,,,,,6#,,,Pata,,,Preto,,MRev2123,2.0,,-12,deny,manual,9.10,9.10,true,false,,,,,"",https://cdn.shopify.com/s/files/1/0454/5845/6736/files/Anzol_Akitasune_Pata_6_Niquel_2fe0c747-033f-4de4-958d-d76d65867d97.jpg?v=1731423759,5,"",,,,,,,,,,,,,,,,,,,,,kg,,,
anzol-chinu,Anzol Chinu (Pct com 15),"<p>Resistência e Versatilidade para Todas as Pescarias</p>
<p>O Anzol Chinu é um modelo de anzol extremamente conhecido na maioria das modalidades de pesca. Conhecido por sua alta resistência e versatilidade, ele é ideal para pescadores que buscam performance em diferentes tipos de ambiente, seja em pesqueiros, rios, ou na pesca de praia.</p>
<p>Projetado com uma haste pequena, o Anzol Chinu oferece um equilíbrio perfeito entre robustez e praticidade, sendo capaz de suportar grandes desafios, mesmo com peixes de grande porte. Sua capacidade de aceitar uma isca generosa amplia as possibilidades, tornando-o a escolha certa para atrair diferentes espécies.</p>
<p>Com o Anzol Chinu, você estará preparado para capturas inesquecíveis, confiando em um equipamento que entrega qualidade e eficiência em cada detalhe.</p>",Chumbada Oficial,Artigos esportivos > Atividades ao ar livre > Pesca > Equipamento de pesca > Anzóis para pesca,Anzol,"Anzol, Chinu, Margem, Olhal, Preto, todos",true,Tamanho,"0,5#",,Variações,Olhal,,Cor,Preto,,'410351119,3.0,,-27,deny,manual,9.40,,true,false,,,,,,https://cdn.shopify.com/s/files/1/0454/5845/6736/files/chinu_1.jpg?v=1731423791,1,"",false,,,,,,,,,,,,,,,,,,,https://cdn.shopify.com/s/files/1/0454/5845/6736/files/Anzol_Chinu_Olhal_0_5_Black.jpg?v=1731423791,g,,,active
anzol-chinu,,,,,,,,,"0,8#",,,Olhal,,,Preto,,'410351120,3.0,,-27,deny,manual,9.40,,true,false,,,,,,https://cdn.shopify.com/s/files/1/0454/5845/6736/files/Anzol-Chinu.png?v=1731423791,2,Anzol Chinu (Pct com 15),,,,,,,,,,,,,,,,,,,,https://cdn.shopify.com/s/files/1/0454/5845/6736/files/Anzol_Chinu_Olhal_0_8_Black.jpg?v=1731423791,g,,,
anzol-chinu,,,,,,,,,1#,,,Olhal,,,Preto,,'41035111,3.0,,-14,deny,manual,9.40,,true,false,,,,,"",https://cdn.shopify.com/s/files/1/0454/5845/6736/files/Anzol_Chinu_Olhal_0_5_Black.jpg?v=1731423791,3,Anzol Chinu (Pct com 15),,,,,,,,,,,,,,,,,,,,https://cdn.shopify.com/s/files/1/0454/5845/6736/files/Anzol_Chinu_Olhal_1_Black.jpg?v=1731423792,g,,,
anzol-chinu,,,,,,,,,2#,,,Olhal,,,Preto,,'41035112,3.0,,-6,deny,manual,9.40,,true,false,,,,,,https://cdn.shopify.com/s/files/1/0454/5845/6736/files/Anzol_Chinu_Olhal_0_8_Black.jpg?v=1731423791,4,"",,,,,,,,,,,,,,,,,,,,https://cdn.shopify.com/s/files/1/0454/5845/6736/files/Anzol_Chinu_Olhal_2_Black.jpg?v=1731423792,g,,,
anzol-chinu,,,,,,,,,3#,,,Olhal,,,Preto,,'41035113,4.0,,-6,deny,manual,9.40,,true,false,,,,,,https://cdn.shopify.com/s/files/1/0454/5845/6736/files/Anzol_Chinu_Olhal_1_Black.jpg?v=1731423792,5,"",,,,,,,,,,,,,,,,,,,,https://cdn.shopify.com/s/files/1/0454/5845/6736/files/Anzol_Chinu_Olhal_3_Black.jpg?v=1731423792,g,,,
anzol-chinu,,,,,,,,,4#,,,Olhal,,,Preto,,'41035114,4.0,,-13,deny,manual,9.40,,true,false,,,,,,https://cdn.shopify.com/s/files/1/0454/5845/6736/files/Anzol_Chinu_Olhal_2_Black.jpg?v=1731423792,6,"",,,,,,,,,,,,,,,,,,,,https://cdn.shopify.com/s/files/1/0454/5845/6736/files/Anzol_Chinu_Olhal_4_Black.jpg?v=1731423792,g,,,
anzol-chinu,,,,,,,,,5#,,,Olhal,,,Preto,,'41035115,5.0,,-6,deny,manual,10.80,,true,false,,,,,,https://cdn.shopify.com/s/files/1/0454/5845/6736/files/Anzol_Chinu_Olhal_3_Black.jpg?v=1731423792,7,"",,,,,,,,,,,,,,,,,,,,https://cdn.shopify.com/s/files/1/0454/5845/6736/files/Anzol_Chinu_Olhal_5_Black.jpg?v=1731423792,g,,,
anzol-chinu,,,,,,,,,6#,,,Olhal,,,Preto,,'41035116,5.0,shopify,-30,deny,manual,10.80,,true,false,,,,,"",https://cdn.shopify.com/s/files/1/0454/5845/6736/files/Anzol_Chinu_Olhal_4_Black.jpg?v=1731423792,8,"",,,,,,,,,,,,,,,,,,,,https://cdn.shopify.com/s/files/1/0454/5845/6736/files/Anzol_Chinu_Olhal_6_Black.jpg?v=1731423792,g,,,
anzol-chinu,,,,,,,,,7#,,,Olhal,,,Preto,,'41035117,6.0,,-18,deny,manual,10.80,,true,false,,,,,,https://cdn.shopify.com/s/files/1/0454/5845/6736/files/Anzol_Chinu_Olhal_5_Black.jpg?v=1731423792,9,"",,,,,,,,,,,,,,,,,,,,https://cdn.shopify.com/s/files/1/0454/5845/6736/files/Anzol_Chinu_Olhal_7_Black.jpg?v=1731423792,g,,,
anzol-chinu,,,,,,,,,8#,,,Olhal,,,Preto,,'41035118,8.0,,-21,deny,manual,10.80,,true,false,,,,,,https://cdn.shopify.com/s/files/1/0454/5845/6736/files/Anzol_Chinu_Olhal_6_Black.jpg?v=1731423792,10,"",,,,,,,,,,,,,,,,,,,,https://cdn.shopify.com/s/files/1/0454/5845/6736/files/Anzol_Chinu_Olhal_8_Black.jpg?v=1731423792,g,,,
anzol-chinu,,,,,,,,,"0,8#",,,Pata,,,Preto,,'410352120,3.0,,-5,deny,manual,9.10,,true,false,,,,,,https://cdn.shopify.com/s/files/1/0454/5845/6736/files/Anzol_Chinu_Olhal_7_Black.jpg?v=1731423792,11,"",,,,,,,,,,,,,,,,,,,,https://cdn.shopify.com/s/files/1/0454/5845/6736/files/Anzol_Chinu_Pata_0_8_Black_2.jpg?v=1731423792,g,,,
anzol-chinu,,,,,,,,,1#,,,Pata,,,Preto,,'41035211,3.0,,-5,deny,manual,9.10,,true,false,,,,,,https://cdn.shopify.com/s/files/1/0454/5845/6736/files/Anzol_Chinu_Olhal_8_Black.jpg?v=1731423792,12,"",,,,,,,,,,,,,,,,,,,,https://cdn.shopify.com/s/files/1/0454/5845/6736/files/Anzol_Chinu_Pata_1_Black.jpg?v=1731423792,g,,,
anzol-chinu,,,,,,,,,2#,,,Pata,,,Preto,,'41035212,3.0,,0,deny,manual,9.10,,true,false,,,,,,https://cdn.shopify.com/s/files/1/0454/5845/6736/files/Anzol_Chinu_Pata_0_5_Black.jpg?v=1731423792,13,"",,,,,,,,,,,,,,,,,,,,https://cdn.shopify.com/s/files/1/0454/5845/6736/files/Anzol_Chinu_Pata_2_Black.jpg?v=1731423792,g,,,
anzol-chinu,,,,,,,,,3#,,,Pata,,,Preto,,'41035213,4.0,,0,deny,manual,9.10,,true,false,,,,,,https://cdn.shopify.com/s/files/1/0454/5845/6736/files/Anzol_Chinu_Pata_0_8_Black_2.jpg?v=1731423792,14,"",,,,,,,,,,,,,,,,,,,,https://cdn.shopify.com/s/files/1/0454/5845/6736/files/Anzol_Chinu_Pata_3_Black.jpg?v=1731423792,g,,,
anzol-chinu,,,,,,,,,4#,,,Pata,,,Preto,,'41035214,4.0,,0,deny,manual,9.10,,true,false,,,,,,https://cdn.shopify.com/s/files/1/0454/5845/6736/files/Anzol_Chinu_Pata_1_Black.jpg?v=1731423792,15,"",,,,,,,,,,,,,,,,,,,,https://cdn.shopify.com/s/files/1/0454/5845/6736/files/Anzol_Chinu_Pata_4_Black.jpg?v=1731423792,g,,,
anzol-chinu,,,,,,,,,5#,,,Pata,,,Preto,,'41035215,4.0,,0,deny,manual,10.50,,true,false,,,,,,https://cdn.shopify.com/s/files/1/0454/5845/6736/files/Anzol_Chinu_Pata_2_Black.jpg?v=1731423792,16,"",,,,,,,,,,,,,,,,,,,,https://cdn.shopify.com/s/files/1/0454/5845/6736/files/Anzol_Chinu_Pata_5_Black.jpg?v=1731423792,g,,,
anzol-chinu,,,,,,,,,6#,,,Pata,,,Preto,,'41035216,5.0,,0,deny,manual,10.50,,true,false,,,,,,https://cdn.shopify.com/s/files/1/0454/5845/6736/files/Anzol_Chinu_Pata_3_Black.jpg?v=1731423792,17,"",,,,,,,,,,,,,,,,,,,,https://cdn.shopify.com/s/files/1/0454/5845/6736/files/Anzol_Chinu_Pata_6_Black.jpg?v=1731423792,g,,,
anzol-chinu,,,,,,,,,7#,,,Pata,,,Preto,,'41035217,6.0,,0,deny,manual,10.50,,true,false,,,,,,https://cdn.shopify.com/s/files/1/0454/5845/6736/files/Anzol_Chinu_Pata_4_Black.jpg?v=1731423792,18,"",,,,,,,,,,,,,,,,,,,,https://cdn.shopify.com/s/files/1/0454/5845/6736/files/Anzol_Chinu_Pata_7_Black.jpg?v=1731423792,g,,,
anzol-chinu,,,,,,,,,8#,,,Pata,,,Preto,,'41035218,7.0,,0,deny,manual,10.50,,true,false,,,,,,https://cdn.shopify.com/s/files/1/0454/5845/6736/files/Anzol_Chinu_Pata_5_Black.jpg?v=1731423792,19,"",,,,,,,,,,,,,,,,,,,,,g,,,
anzol-chinu,,,,,,,,,"0,5#",,,Pata,,,Preto,,'410352119,3.0,,0,deny,manual,9.10,,true,false,,,,,,https://cdn.shopify.com/s/files/1/0454/5845/6736/files/Anzol_Chinu_Pata_6_Black.jpg?v=1731423792,20,"",,,,,,,,,,,,,,,,,,,,https://cdn.shopify.com/s/files/1/0454/5845/6736/files/Anzol_Chinu_Olhal_0_5_Black.jpg?v=1731423791,g,,,
anzol-chinu,,,,,,,,,,,,,,,,,,,,,,,,,,,,,,,,https://cdn.shopify.com/s/files/1/0454/5845/6736/files/Anzol_Chinu_Pata_7_Black.jpg?v=1731423792,21,"",,,,,,,,,,,,,,,,,,,,,,,,
anzol-iseama,Anzol Iseama (Pct com 15),"<p>O Anzol Iseama é sinônimo de qualidade e eficiência para pescadores que exigem o melhor em seus equipamentos. Fabricado com aço de alta resistência, ele é projetado para suportar as capturas mais desafiadoras sem deformações ou quebras, garantindo confiança em cada fisgada.  </p>
<p>Com ponta já envenenada de fábrica, o Iseama oferece extrema precisão e penetração rápida, enquanto sua fisga foi desenvolvida para ser altamente eficaz. Uma vez que o peixe é fisgado, será muito difícil que ele escape, aumentando significativamente as chances de sucesso em sua pescaria.  </p>
<p>Versátil e adaptável, o Anzol Iseama pode ser usado em diversas modalidades, seja na pesca de praia, rios ou pesqueiros. Ele é a escolha ideal para quem busca desempenho superior e resultados garantidos, independentemente do ambiente ou do tipo de peixe.  </p>
<p>Confie no Anzol Iseama e transforme sua experiência de pesca!</p>",Chumbada Oficial,Artigos esportivos > Atividades ao ar livre > Pesca > Equipamento de pesca > Anzóis para pesca,Anzol,"Anzol, Iseama, Margem, Olhal, Preto, todos",true,Tamanho,5#,,Variações,Olhal,,Cor,Preto,,'41036115,3.0,,0,deny,manual,9.10,9.10,true,false,,,,,"",https://cdn.shopify.com/s/files/1/0454/5845/6736/files/isaema.jpg?v=1731423818,1,"",false,,,,,,,,,,,,,,,,,,,https://cdn.shopify.com/s/files/1/0454/5845/6736/files/Anzol_Iseama_Olhal_5_Black.jpg?v=1731423818,kg,,,active
anzol-iseama,,,,,,,,,5#,,,Pata,,,Preto,,'41036215,3.0,,0,deny,manual,9.10,9.10,true,false,,,,,"",https://cdn.shopify.com/s/files/1/0454/5845/6736/files/isaema.png?v=1731423818,2,Anzol Iseama (Pct com 15),,,,,,,,,,,,,,,,,,,,https://cdn.shopify.com/s/files/1/0454/5845/6736/files/Anzol_Iseama_Pata_5_Black.jpg?v=1731423818,kg,,,
anzol-iseama,,,,,,,,,6#,,,Olhal,,,Preto,,'41036116,3.0,,-5,deny,manual,9.10,9.10,true,false,,,,,"",https://cdn.shopify.com/s/files/1/0454/5845/6736/files/Anzol_Iseama_Olhal_5_Black.jpg?v=1731423818,3,Anzol Iseama (Pct com 15),,,,,,,,,,,,,,,,,,,,https://cdn.shopify.com/s/files/1/0454/5845/6736/files/Anzol_Iseama_Olhal_6_Black.jpg?v=1731423818,kg,,,
anzol-iseama,,,,,,,,,6#,,,Pata,,,Preto,,'41036216,3.0,,0,deny,manual,9.10,9.10,true,false,,,,,"",https://cdn.shopify.com/s/files/1/0454/5845/6736/files/Anzol_Iseama_Olhal_6_Black.jpg?v=1731423818,4,"",,,,,,,,,,,,,,,,,,,,https://cdn.shopify.com/s/files/1/0454/5845/6736/files/Anzol_Iseama_Pata_6_Black.jpg?v=1731423819,kg,,,
anzol-iseama,,,,,,,,,7#,,,Olhal,,,Preto,,'41036117,3.0,,-16,deny,manual,9.10,9.10,true,false,,,,,"",https://cdn.shopify.com/s/files/1/0454/5845/6736/files/Anzol_Iseama_Olhal_7_Black.jpg?v=1731423818,5,"",,,,,,,,,,,,,,,,,,,,https://cdn.shopify.com/s/files/1/0454/5845/6736/files/Anzol_Iseama_Olhal_7_Black.jpg?v=1731423818,kg,,,
anzol-iseama,,,,,,,,,7#,,,Pata,,,Preto,,'41036217,3.0,,0,deny,manual,9.10,9.10,true,false,,,,,"",https://cdn.shopify.com/s/files/1/0454/5845/6736/files/Anzol_Iseama_Olhal_8_Black.jpg?v=1731423818,6,"",,,,,,,,,,,,,,,,,,,,https://cdn.shopify.com/s/files/1/0454/5845/6736/files/Anzol_Iseama_Pata_7_Black.jpg?v=1731423819,kg,,,
anzol-iseama,,,,,,,,,8#,,,Olhal,,,Preto,,'41036118,3.0,,-5,deny,manual,9.10,9.10,true,false,,,,,"",https://cdn.shopify.com/s/files/1/0454/5845/6736/files/Anzol_Iseama_Olhal_9_Black.jpg?v=1731423818,7,"",,,,,,,,,,,,,,,,,,,,https://cdn.shopify.com/s/files/1/0454/5845/6736/files/Anzol_Iseama_Olhal_8_Black.jpg?v=1731423818,kg,,,
anzol-iseama,,,,,,,,,8#,,,Pata,,,Preto,,MRev0072,3.0,,0,deny,manual,9.10,9.10,true,false,,,,,"",https://cdn.shopify.com/s/files/1/0454/5845/6736/files/Anzol_Iseama_Olhal_10_Black.jpg?v=1731423818,8,"",,,,,,,,,,,,,,,,,,,,https://cdn.shopify.com/s/files/1/0454/5845/6736/files/Anzol_Iseama_Pata_7_Black.jpg?v=1731423819,kg,,,
anzol-iseama,,,,,,,,,9#,,,Olhal,,,Preto,,'41036119,4.0,,-19,deny,manual,9.10,9.10,true,false,,,,,"",https://cdn.shopify.com/s/files/1/0454/5845/6736/files/Anzol_Iseama_Olhal_11_Black.jpg?v=1731423818,9,"",,,,,,,,,,,,,,,,,,,,https://cdn.shopify.com/s/files/1/0454/5845/6736/files/Anzol_Iseama_Olhal_9_Black.jpg?v=1731423818,kg,,,
anzol-iseama,,,,,,,,,9#,,,Pata,,,Preto,,'41036219,4.0,,0,deny,manual,9.10,9.10,true,false,,,,,"",https://cdn.shopify.com/s/files/1/0454/5845/6736/files/Anzol_Iseama_Olhal_12_Black.jpg?v=1731423818,10,"",,,,,,,,,,,,,,,,,,,,https://cdn.shopify.com/s/files/1/0454/5845/6736/files/Anzol_Iseama_Pata_9_Black.jpg?v=1731423819,kg,,,
anzol-iseama,,,,,,,,,10#,,,Olhal,,,Preto,,'410361110,5.0,,-8,deny,manual,9.10,9.10,true,false,,,,,"",https://cdn.shopify.com/s/files/1/0454/5845/6736/files/Anzol_Iseama_Pata_5_Black.jpg?v=1731423818,11,"",,,,,,,,,,,,,,,,,,,,https://cdn.shopify.com/s/files/1/0454/5845/6736/files/Anzol_Iseama_Olhal_10_Black.jpg?v=1731423818,kg,,,
anzol-iseama,,,,,,,,,10#,,,Pata,,,Preto,,'410362110,4.0,,0,deny,manual,9.10,9.10,true,false,,,,,"",https://cdn.shopify.com/s/files/1/0454/5845/6736/files/Anzol_Iseama_Pata_6_Black.jpg?v=1731423819,12,"",,,,,,,,,,,,,,,,,,,,https://cdn.shopify.com/s/files/1/0454/5845/6736/files/Anzol_Iseama_Pata_10_Black.jpg?v=1731423819,kg,,,
anzol-iseama,,,,,,,,,11#,,,Olhal,,,Preto,,'410361111,5.0,,-10,deny,manual,9.10,8.40,true,false,,,,,"",https://cdn.shopify.com/s/files/1/0454/5845/6736/files/Anzol_Iseama_Pata_7_Black.jpg?v=1731423819,13,"",,,,,,,,,,,,,,,,,,,,https://cdn.shopify.com/s/files/1/0454/5845/6736/files/Anzol_Iseama_Olhal_11_Black.jpg?v=1731423818,kg,,,
anzol-iseama,,,,,,,,,11#,,,Pata,,,Preto,,'410362111,4.0,,0,deny,manual,9.10,9.10,true,false,,,,,"",https://cdn.shopify.com/s/files/1/0454/5845/6736/files/Anzol_Iseama_Pata_9_Black.jpg?v=1731423819,14,"",,,,,,,,,,,,,,,,,,,,,kg,,,
anzol-iseama,,,,,,,,,12#,,,Olhal,,,Preto,,'410361112,6.0,,-16,deny,manual,9.10,9.10,true,false,,,,,"",https://cdn.shopify.com/s/files/1/0454/5845/6736/files/Anzol_Iseama_Pata_10_Black.jpg?v=1731423819,15,"",,,,,,,,,,,,,,,,,,,,https://cdn.shopify.com/s/files/1/0454/5845/6736/files/Anzol_Iseama_Olhal_12_Black.jpg?v=1731423818,kg,,,
anzol-izumezina,Anzol Izumezina (Pct com 15),"<p>Versatilidade e Resistência</p>
<p>O Anzol Izumezina, projetado com qualidade e precisão, é a escolha ideal para pescadores exigentes. Fabricado com materiais de alta resistência, este anzol é extremamente durável, mesmo em tamanhos pequenos, é perfeito para enfrentar as condições mais desafiadoras em pescarias oceânicas. Seu design exclusivo com morte aberta, proporciona maior eficiência nas fisgadas, possibilidade de carrega-lo mais com isca, e espaço para uma boa fisgada mesmo com iscas artificiais garantindo maior taxa de sucesso.</p>
<p>Características principais:</p>
<p>- Extrema resistência: Ideal para captura de espécies oceânicas, mesmo em condições adversas.<br>- Versatilidade única: Perfeito para montagem de suporte hooks, utilizado em metal jigs.<br>- Desempenho superior em sistemas como Down Shot ou Double Shot.<br>- Compatibilidade com kits: Utilizado com o Kit Down Shot da Chumbada Oficial na extremidade inferior do chicote mais uma isca artificial em uma pernada superior (montado com Izumezina sem peso), ou Double Shot com Jig Heads e iscas artificiais na extremidade inferior do chicote e uma pernada superior com outra isca artificial (montado com Izumezina sem peso).<br>- Aplicação prática: Pode ser empregado como parte da pernada em diversos sistemas de pesca, principalmente com iscas artificiais como camarão soft.</p>
<p>Seja para pescarias técnicas ou para quem busca o melhor desempenho, o Anzol Izumezina combina inovação, durabilidade e funcionalidade. Um produto indispensável para maximizar suas aventuras de pesca.</p>",Chumbada Oficial,Artigos esportivos > Atividades ao ar livre > Pesca > Equipamento de pesca > Anzóis para pesca,Anzol,"Anzol, Izumezina, Margem, Olhal, Preto, todos",true,Tamanho,8#,,Variações,Olhal,,Cor,Preto,,'41037118,2.0,,-23,deny,manual,9.10,,true,false,,,,,,https://cdn.shopify.com/s/files/1/0454/5845/6736/files/izumezina_1.jpg?v=1731423839,1,"",false,,,,,,,,,,,,,,,,,,,,g,,,active
anzol-izumezina,,,,,,,,,9#,,,Olhal,,,Preto,,'41037119,3.0,,-12,deny,manual,9.10,,true,false,,,,,,https://cdn.shopify.com/s/files/1/0454/5845/6736/files/izumezina.png?v=1731423839,2,Anzol Izumezina (Pct com 15),,,,,,,,,,,,,,,,,,,,https://cdn.shopify.com/s/files/1/0454/5845/6736/files/Izumezina_Olhal_9_Black.jpg?v=1731423839,g,,,
anzol-izumezina,,,,,,,,,11#,,,Olhal,,,Preto,,'410371111,3.0,,-13,deny,manual,9.10,,true,false,,,,,,https://cdn.shopify.com/s/files/1/0454/5845/6736/files/Izumezina_Olhal_9_Black.jpg?v=1731423839,3,"",,,,,,,,,,,,,,,,,,,,,g,,,
anzol-izumezina,,,,,,,,,12#,,,Olhal,,,Preto,,'410371112,4.0,,-44,deny,manual,9.10,,true,false,,,,,,https://cdn.shopify.com/s/files/1/0454/5845/6736/files/Izumezina_Olhal_10_Black.jpg?v=1731423839,4,"",,,,,,,,,,,,,,,,,,,,https://cdn.shopify.com/s/files/1/0454/5845/6736/files/Izumezina_Olhal_12_Black.jpg?v=1731423839,g,,,
anzol-izumezina,,,,,,,,,8#,,,Pata,,,Preto,,'41037218,3.0,,-6,deny,manual,8.40,,true,false,,,,,,https://cdn.shopify.com/s/files/1/0454/5845/6736/files/Izumezina_Olhal_12_Black.jpg?v=1731423839,5,"",,,,,,,,,,,,,,,,,,,,https://cdn.shopify.com/s/files/1/0454/5845/6736/files/Anzol_Izumezina_Pata_8_Black.jpg?v=1731423839,g,,,
anzol-izumezina,,,,,,,,,9#,,,Pata,,,Preto,,'41037219,3.0,,0,deny,manual,8.40,,true,false,,,,,,https://cdn.shopify.com/s/files/1/0454/5845/6736/files/Izumezina_olhal_13_Black.jpg?v=1731423839,6,"",,,,,,,,,,,,,,,,,,,,https://cdn.shopify.com/s/files/1/0454/5845/6736/files/Anzol_Izumezina_Pata_9_Black.jpg?v=1731423839,g,,,
anzol-izumezina,,,,,,,,,10#,,,Pata,,,Preto,,'410372110,3.0,,-6,deny,manual,8.40,,true,false,,,,,,https://cdn.shopify.com/s/files/1/0454/5845/6736/files/Anzol_Izumezina_Pata_8_Black.jpg?v=1731423839,7,"",,,,,,,,,,,,,,,,,,,,https://cdn.shopify.com/s/files/1/0454/5845/6736/files/Anzol_Izumezina_Pata_10_Black.jpg?v=1731423839,g,,,
anzol-izumezina,,,,,,,,,11#,,,Pata,,,Preto,,'410372111,3.0,,0,deny,manual,8.40,,true,false,,,,,,https://cdn.shopify.com/s/files/1/0454/5845/6736/files/Anzol_Izumezina_Pata_9_Black.jpg?v=1731423839,8,"",,,,,,,,,,,,,,,,,,,,https://cdn.shopify.com/s/files/1/0454/5845/6736/files/Anzol_Izumezina_Pata_11_Black.jpg?v=1731423839,g,,,
anzol-izumezina,,,,,,,,,12#,,,Pata,,,Preto,,'410372112,4.0,,0,deny,manual,8.40,,true,false,,,,,,https://cdn.shopify.com/s/files/1/0454/5845/6736/files/Anzol_Izumezina_Pata_10_Black.jpg?v=1731423839,9,"",,,,,,,,,,,,,,,,,,,,,g,,,
anzol-izumezina,,,,,,,,,,,,,,,,,,,,,,,,,,,,,,,,https://cdn.shopify.com/s/files/1/0454/5845/6736/files/Anzol_Izumezina_Pata_11_Black.jpg?v=1731423839,10,"",,,,,,,,,,,,,,,,,,,,,,,,
anzol-izumezina,,,,,,,,,,,,,,,,,,,,,,,,,,,,,,,,https://cdn.shopify.com/s/files/1/0454/5845/6736/files/Anzol_Izumezina_Olhal_8_Black.jpg?v=1731423839,11,"",,,,,,,,,,,,,,,,,,,,,,,,
anzol-izumezina,,,,,,,,,,,,,,,,,,,,,,,,,,,,,,,,https://cdn.shopify.com/s/files/1/0454/5845/6736/files/Izumezina_Olhal_11_Black.jpg?v=1731423839,12,"",,,,,,,,,,,,,,,,,,,,,,,,
anzol-keiryu,Anzol Keiryu (Pct com 15),"<p>O Anzol Keiryu  é o aliado perfeito para pescadores que valorizam resistência, afiação e versatilidade. Amplamente utilizado na pesca de praia, também é excelente para a captura de tilápias em rios e pesqueiros e tainhas nas plataformas de pesca quando há a incidência dessa espécie (utilizando minhoca de praia e pedaços pequenos de carne adicionando corante vermelho alimentício), sendo indispensável para pescadores esportivos e profissionais.  </p>
<p>Os tamanhos menores do Keiryu  são especialmente eficazes na pesca de tainhas, destacando-se em plataformas de pesca, onde a precisão e a segurança do anzol fazem toda a diferença. Sua fisga curvada para dentro garante que o peixe permaneça firmemente preso, reduzindo perdas e aumentando suas chances de sucesso.  </p>
<p>Seja em montagens de sistemas de pesca de praia ou em situações específicas, como plataformas de pesca, o Keyriu é a escolha confiável para capturas variadas.</p>",Chumbada Oficial,Artigos esportivos > Atividades ao ar livre > Pesca > Equipamento de pesca > Anzóis para pesca,Anzol,"Anzol, Keiryu, Margem, Pata, Preto, todos",true,Tamanho,8#,,Cor,Preto,,,,,'41038218,3.0,shopify,-1,deny,manual,9.10,,true,false,,,,,"",https://cdn.shopify.com/s/files/1/0454/5845/6736/files/keiryu_1.jpg?v=1731423847,1,"",false,,,,,,,,,,,,,,,,,,,https://cdn.shopify.com/s/files/1/0454/5845/6736/files/Anzol_Keiryu_Pata_8_Black.jpg?v=1731423847,g,,,active
anzol-keiryu,,,,,,,,,9#,,,Preto,,,,,'41038219,3.0,shopify,-5,deny,manual,9.10,,true,false,,,,,"",https://cdn.shopify.com/s/files/1/0454/5845/6736/files/Anzol_Keiryu_Pata_8_Black.jpg?v=1731423847,2,Anzol Keiryu (Pct com 15),,,,,,,,,,,,,,,,,,,,https://cdn.shopify.com/s/files/1/0454/5845/6736/files/Anzol_Keiryu_Pata_9_Black.jpg?v=1731423847,g,,,
anzol-keiryu,,,,,,,,,10#,,,Preto,,,,,'410382110,3.0,,-48,deny,manual,9.10,,true,false,,,,,,https://cdn.shopify.com/s/files/1/0454/5845/6736/files/Anzol_Keiryu_Pata_9_Black.jpg?v=1731423847,3,"",,,,,,,,,,,,,,,,,,,,https://cdn.shopify.com/s/files/1/0454/5845/6736/files/Keiryu-Pata-10_182d1356-d8ee-47ad-abdd-a2ccf2e5a5ff.png?v=1731423847,g,,,
anzol-keiryu,,,,,,,,,,,,,,,,,,,,,,,,,,,,,,,,https://cdn.shopify.com/s/files/1/0454/5845/6736/files/Keiryu-Pata-10_182d1356-d8ee-47ad-abdd-a2ccf2e5a5ff.png?v=1731423847,4,"",,,,,,,,,,,,,,,,,,,,,,,,
anzol-kitsune,Anzol Kitsune (Pct com 15),"<p>O Anzol Kitsune é o equilíbrio perfeito entre resistência, versatilidade e eficiência, seu design o posiciona entre os modelos Akita Kitsune (morte baixa e ideal para peixes de boca pequena ) e Maruseigo (design coringa e muito resistente na maioria das modalidades de pesca). </p>
<p>Com uma haste ligeiramente alongada, oferece praticidade na montagem e possibilidade de auxiliar a iscada nele mesmo sem atrapalhar a fisga. Sua morte baixa, porém eficaz, é ideal para segurar a isca de maneira firme sem comprometer a naturalidade da apresentação. Além disso, sua estrutura robusta garante resistência mesmo diante de espécies de maior porte.  </p>
<p>O Anzol Kitsune é perfeito para iscas um pouco mais generosas (lembrando de usar mais sua haste principalmente na pesca de praia), sendo a escolha ideal para pescadores que buscam um equipamento confiável e adaptável a diversas situações de pesca. Seja em água doce ou salgada, ele proporciona performance e eficiência para aumentar suas chances de fisgada.  </p>
<p>Destaques:<br>- Haste comprida: facilita a montagem e manuseio.  <br>- Morte baixa: agilidade na fisgada.  <br>- Estrutura resistente: suporta peixes de maior porte.  <br>- Versatilidade: ideal para iscas generosas e diversas modalidades de pesca.  </p>
<p>O Anzol Kitsune é a escolha certa para quem deseja unir força e funcionalidade em um único modelo de anzol.</p>",Chumbada Oficial,Artigos esportivos > Atividades ao ar livre > Pesca > Equipamento de pesca > Anzóis para pesca,Anzol,"Anzol, Kitsune, Margem, Pata, Preto, todos",true,Tamanho,1#,,Variações,Pata,,Cor,Níquel,,MRev2340,3.0,,-8,deny,manual,9.10,,true,false,,,,,"",https://cdn.shopify.com/s/files/1/0454/5845/6736/files/kitsune_1.jpg?v=1731423861,1,"",false,,,,,,,,,,,,,,,,,,,https://cdn.shopify.com/s/files/1/0454/5845/6736/files/kitsune_pata_1.jpg?v=1744724501,g,,,active
anzol-kitsune,,,,,,,,,4#,,,Pata,,,Níquel,,'41039224,3.0,shopify,-5,deny,manual,9.10,,true,false,,,,,,https://cdn.shopify.com/s/files/1/0454/5845/6736/files/kitsune.png?v=1731423861,2,Anzol Kitsune (Pct com 15),,,,,,,,,,,,,,,,,,,,https://cdn.shopify.com/s/files/1/0454/5845/6736/files/KitsunePata4Niquel.png?v=1731423861,g,,,
anzol-kitsune,,,,,,,,,6#,,,Pata,,,Níquel,,'41039226,3.0,shopify,-8,deny,manual,9.10,,true,false,,,,,"",https://cdn.shopify.com/s/files/1/0454/5845/6736/files/Anzol_Kitsune_Pata_6_Niquel.jpg?v=1731423861,3,Anzol Kitsune (Pct com 15),,,,,,,,,,,,,,,,,,,,https://cdn.shopify.com/s/files/1/0454/5845/6736/files/Anzol_Kitsune_Pata_6_Niquel.jpg?v=1731423861,g,,,
anzol-kitsune,,,,,,,,,6#,,,Pata,,,Preto,,'41038216,3.0,,-33,deny,manual,9.10,,true,false,,,,,,https://cdn.shopify.com/s/files/1/0454/5845/6736/files/Kitsune_Pata_6_Black.jpg?v=1731423861,4,"",,,,,,,,,,,,,,,,,,,,https://cdn.shopify.com/s/files/1/0454/5845/6736/files/Kitsune_Pata_6_Black.jpg?v=1731423861,g,,,
anzol-kitsune,,,,,,,,,7#,,,Pata,,,Preto,,'41038217,3.0,,-62,deny,manual,9.10,,true,false,,,,,"",https://cdn.shopify.com/s/files/1/0454/5845/6736/files/Kitsune_Pata_7_Black.jpg?v=1731423861,5,"",,,,,,,,,,,,,,,,,,,,https://cdn.shopify.com/s/files/1/0454/5845/6736/files/Kitsune_Pata_7_Black.jpg?v=1731423861,g,,,
anzol-kitsune,,,,,,,,,9#,,,Pata,,,Preto,,'41039219,3.0,,-43,deny,manual,9.10,,true,false,,,,,,https://cdn.shopify.com/s/files/1/0454/5845/6736/files/Kitsune_Pata_9_Black.jpg?v=1731423861,6,"",,,,,,,,,,,,,,,,,,,,https://cdn.shopify.com/s/files/1/0454/5845/6736/files/Kitsune_Pata_9_Black.jpg?v=1731423861,g,,,
anzol-kitsune,,,,,,,,,10#,,,Pata,,,Preto,,'410392110,4.0,,-36,deny,manual,9.10,,true,false,,,,,,https://cdn.shopify.com/s/files/1/0454/5845/6736/files/KitsunePata4Niquel.png?v=1731423861,7,"",,,,,,,,,,,,,,,,,,,,https://cdn.shopify.com/s/files/1/0454/5845/6736/files/Kitsune-Pata-10_6d403ff2-3be8-46b3-9fcc-9bab16b04d55.png?v=1731423861,g,,,
anzol-kitsune,,,,,,,,,,,,,,,,,,,,,,,,,,,,,,,,https://cdn.shopify.com/s/files/1/0454/5845/6736/files/Kitsune-Pata-10_6d403ff2-3be8-46b3-9fcc-9bab16b04d55.png?v=1731423861,8,"",,,,,,,,,,,,,,,,,,,,,,,,
anzol-kitsune,,,,,,,,,,,,,,,,,,,,,,,,,,,,,,,,https://cdn.shopify.com/s/files/1/0454/5845/6736/files/kitsune_pata_1.jpg?v=1744724501,9,"",,,,,,,,,,,,,,,,,,,,,,,,
anzol-maruseigo,Anzol Maruseigo (Pct com 15),"<p>Versatilidade e Resistência para Todas as Pescarias</p>
<p>O anzol Maruseigo é uma verdadeira coringa no mundo da pesca, sendo amplamente reconhecido por suas atividades e desempenho em diversas modalidades. Seja em pescarias oceânicas, de praia, em rios, lagos ou costões, o Maruseigo é a escolha ideal para pescadores que buscam eficiência e confiabilidade.</p>
<p>Fabricado com materiais de alta qualidade, o Maruseigo é um anzol robusto e resistente, projetado para enfrentar as batalhas mais desafiadoras com os peixes. Sua haste possui um comprimento balanceado, oferecendo praticidade no uso e garantindo facilidade para iscar. A fisga apresenta uma morte média, proporcionando excelente poder de penetração sem dificuldades a retirada do anzol, o que o torna funcional para diferentes espécies e tamanhos de peixes.</p>
<p>Este modelo é famoso pela sua durabilidade e adaptação às diferentes condições de pesca, tornando-se uma ferramenta essencial no arsenal de qualquer pescador. Escolha o Anzol Maruseigo e aproveite a combinação perfeita de resistência, desempenho e características em suas aventuras de pesca.</p>",Chumbada Oficial,Artigos esportivos > Atividades ao ar livre > Pesca > Equipamento de pesca > Anzóis para pesca,Anzol,"Anzol, Margem, Maruseigo, Olhal, Preto, todos",true,Tamanho,8#,,Variações,Olhal,,Cor,Preto,,'410310118,3.0,,-18,deny,manual,9.80,,true,false,,,,,,https://cdn.shopify.com/s/files/1/0454/5845/6736/files/maruseigo_1.jpg?v=1731423905,1,"",false,,,,,,,,,,,,,,,,,,,https://cdn.shopify.com/s/files/1/0454/5845/6736/files/Maruseigo_Olhal_8_Black_52fa9013-b831-4a56-b2d6-3d179a60517f.jpg?v=1731423905,g,,,active
anzol-maruseigo,,,,,,,,,8#,,,Pata,,,Preto,,'410310218,2.0,shopify,0,deny,manual,9.10,,true,false,,,,,"",https://cdn.shopify.com/s/files/1/0454/5845/6736/files/maruseigo_84d4fddf-0e36-44b4-a205-3da206651469.png?v=1731423905,2,Anzol Maruseigo (Pct com 15),,,,,,,,,,,,,,,,,,,,https://cdn.shopify.com/s/files/1/0454/5845/6736/files/Maruseigo_Pata_8_Black_cb7ffd36-e0cb-4ab2-a2de-5d7ef26d0d9a.jpg?v=1731423906,g,,,
anzol-maruseigo,,,,,,,,,9#,,,Olhal,,,Preto,,'410310119,3.0,,-16,deny,manual,9.80,,true,false,,,,,,https://cdn.shopify.com/s/files/1/0454/5845/6736/files/Maruseigo_Olhal_8_Black_52fa9013-b831-4a56-b2d6-3d179a60517f.jpg?v=1731423905,3,Anzol Maruseigo (Pct com 15),,,,,,,,,,,,,,,,,,,,https://cdn.shopify.com/s/files/1/0454/5845/6736/files/Maruseigo_Olhal_9_Black_ce8af4b6-28ec-47da-86ae-31ee740b6e29.jpg?v=1731423906,g,,,
anzol-maruseigo,,,,,,,,,9#,,,Pata,,,Preto,,'410310219,3.0,,0,deny,manual,9.10,,true,false,,,,,,https://cdn.shopify.com/s/files/1/0454/5845/6736/files/Maruseigo_Olhal_9_Black_ce8af4b6-28ec-47da-86ae-31ee740b6e29.jpg?v=1731423906,4,"",,,,,,,,,,,,,,,,,,,,https://cdn.shopify.com/s/files/1/0454/5845/6736/files/Maruseigo_Pata_9_Black_1a11b3cd-c344-470c-b8e2-675d7b4e70ea.jpg?v=1731423906,g,,,
anzol-maruseigo,,,,,,,,,10#,,,Olhal,,,Preto,,'4103101110,2.0,shopify,-15,deny,manual,9.80,,true,false,,,,,"",https://cdn.shopify.com/s/files/1/0454/5845/6736/files/Maruseigo_Olhal_10_Black_f06bf8ae-4ad6-40d4-9ce2-1331b7c68cdf.jpg?v=1731423906,5,"",,,,,,,,,,,,,,,,,,,,https://cdn.shopify.com/s/files/1/0454/5845/6736/files/Maruseigo_Olhal_10_Black_f06bf8ae-4ad6-40d4-9ce2-1331b7c68cdf.jpg?v=1731423906,g,,,
anzol-maruseigo,,,,,,,,,10#,,,Pata,,,Preto,,MRev0070,2.0,,-28,deny,manual,9.80,,true,false,,,,,,https://cdn.shopify.com/s/files/1/0454/5845/6736/files/Maruseigo_Olhal_11_Black.jpg?v=1731423906,6,"",,,,,,,,,,,,,,,,,,,,https://cdn.shopify.com/s/files/1/0454/5845/6736/files/Maruseigo_Pata_10_Black_62f276d4-6264-4839-a65e-dc5981709618.jpg?v=1731423906,g,,,
anzol-maruseigo,,,,,,,,,11#,,,Pata,,,Preto,,'4103102111,3.0,shopify,-5,deny,manual,9.10,,true,false,,,,,"",https://cdn.shopify.com/s/files/1/0454/5845/6736/files/Maruseigo_Olhal_13_Black_501a125b-8050-4aa8-b510-16ad86da7a73.jpg?v=1731423906,7,"",,,,,,,,,,,,,,,,,,,,https://cdn.shopify.com/s/files/1/0454/5845/6736/files/Maruseigo_Pata_11_Black.jpg?v=1731423906,g,,,
anzol-maruseigo,,,,,,,,,12#,,,Olhal,,,Preto,,MRev0069,3.0,,-114,deny,manual,9.80,,true,false,,,,,,https://cdn.shopify.com/s/files/1/0454/5845/6736/files/Maruseigo_Olhal_14_Black_61eba3be-a046-437b-bf7c-30d9dec33d01.jpg?v=1731423906,8,"",,,,,,,,,,,,,,,,,,,,https://cdn.shopify.com/s/files/1/0454/5845/6736/files/Maruseigo_Olhal_12_Black.jpg?v=1731423906,g,,,
anzol-maruseigo,,,,,,,,,13#,,,Pata,,,Preto,,'4103102113,4.0,,-11,deny,manual,9.10,,true,false,,,,,,https://cdn.shopify.com/s/files/1/0454/5845/6736/files/Anzol_Maruseigo_Olhal_15_Black.jpg?v=1731423906,9,"",,,,,,,,,,,,,,,,,,,,https://cdn.shopify.com/s/files/1/0454/5845/6736/files/Maruseigo_Pata_13_Black_6653a927-5cfe-4d48-a5d9-38e36f98b789.jpg?v=1731423906,g,,,
anzol-maruseigo,,,,,,,,,13#,,,Olhal,,,Preto,,'4103101113,4.0,,-122,deny,manual,9.80,,true,false,,,,,,https://cdn.shopify.com/s/files/1/0454/5845/6736/files/Maruseigo_Olhal_16_Black_e645744b-21f3-4406-b73d-560c324288df.jpg?v=1731423906,10,"",,,,,,,,,,,,,,,,,,,,https://cdn.shopify.com/s/files/1/0454/5845/6736/files/Maruseigo_Olhal_13_Black_501a125b-8050-4aa8-b510-16ad86da7a73.jpg?v=1731423906,g,,,
anzol-maruseigo,,,,,,,,,14#,,,Olhal,,,Preto,,'4103101114,4.0,shopify,-103,deny,manual,9.80,,true,false,,,,,"",https://cdn.shopify.com/s/files/1/0454/5845/6736/files/Maruseigo_Olhal_17_Black_e76d0735-fdf1-4edd-aa4a-14534bf0fb9c.jpg?v=1731423906,11,"",,,,,,,,,,,,,,,,,,,,https://cdn.shopify.com/s/files/1/0454/5845/6736/files/Maruseigo_Olhal_14_Black_61eba3be-a046-437b-bf7c-30d9dec33d01.jpg?v=1731423906,g,,,
anzol-maruseigo,,,,,,,,,14#,,,Pata,,,Preto,,MRev0071,2.0,,-54,deny,manual,9.80,,true,false,,,,,,https://cdn.shopify.com/s/files/1/0454/5845/6736/files/Maruseigo_Pata_8_Black_cb7ffd36-e0cb-4ab2-a2de-5d7ef26d0d9a.jpg?v=1731423906,12,"",,,,,,,,,,,,,,,,,,,,https://cdn.shopify.com/s/files/1/0454/5845/6736/files/Maruseigo_Pata_14_Black_fd722a7b-e871-4e4a-97c7-bd60087588ca.jpg?v=1731423906,g,,,
anzol-maruseigo,,,,,,,,,15#,,,Pata,,,Preto,,'4103102115,5.0,shopify,0,deny,manual,9.10,,true,false,,,,,,https://cdn.shopify.com/s/files/1/0454/5845/6736/files/Maruseigo_Pata_9_Black_1a11b3cd-c344-470c-b8e2-675d7b4e70ea.jpg?v=1731423906,13,"",,,,,,,,,,,,,,,,,,,,https://cdn.shopify.com/s/files/1/0454/5845/6736/files/Maruseigo_Pata_15_Black_2_b9b7ad73-ce82-4e92-bbcd-e7ee5d511123.jpg?v=1731423906,g,,,
anzol-maruseigo,,,,,,,,,16#,,,Pata,,,Preto,,'4103102116,5.0,,-27,deny,manual,9.10,,true,false,,,,,,https://cdn.shopify.com/s/files/1/0454/5845/6736/files/Maruseigo_Pata_11_Black.jpg?v=1731423906,14,"",,,,,,,,,,,,,,,,,,,,https://cdn.shopify.com/s/files/1/0454/5845/6736/files/Maruseigo_Pata_16_Black_6e0d2d5f-cf8e-446b-b3d4-37da976664a1.jpg?v=1731423906,g,,,
anzol-maruseigo,,,,,,,,,17#,,,Olhal,,,Preto,,'4103101117,6.0,shopify,-5,deny,manual,9.80,,true,false,,,,,,https://cdn.shopify.com/s/files/1/0454/5845/6736/files/Maruseigo_Pata_12_Black.jpg?v=1731423906,15,"",,,,,,,,,,,,,,,,,,,,https://cdn.shopify.com/s/files/1/0454/5845/6736/files/Maruseigo_Olhal_17_Black_e76d0735-fdf1-4edd-aa4a-14534bf0fb9c.jpg?v=1731423906,g,,,
anzol-maruseigo,,,,,,,,,17#,,,Pata,,,Preto,,'4103102117,6.0,,0,deny,manual,9.10,,true,false,,,,,,https://cdn.shopify.com/s/files/1/0454/5845/6736/files/Maruseigo_Pata_13_Black_6653a927-5cfe-4d48-a5d9-38e36f98b789.jpg?v=1731423906,16,"",,,,,,,,,,,,,,,,,,,,https://cdn.shopify.com/s/files/1/0454/5845/6736/files/Maruseigo_Pata_17_Black_ed509bb6-be2a-4d4a-a273-364565ccde17.jpg?v=1731423906,g,,,
anzol-maruseigo,,,,,,,,,18#,,,Olhal,,,Preto,,'4103101118,7.0,shopify,-5,deny,manual,9.80,,true,false,,,,,"",https://cdn.shopify.com/s/files/1/0454/5845/6736/files/Maruseigo_Pata_15_Black_2_b9b7ad73-ce82-4e92-bbcd-e7ee5d511123.jpg?v=1731423906,17,"",,,,,,,,,,,,,,,,,,,,https://cdn.shopify.com/s/files/1/0454/5845/6736/files/Maruseigo_Olhal_18_Black_9fccf549-9d58-49fe-b778-94cff87f032a.jpg?v=1731423906,g,,,
anzol-maruseigo,,,,,,,,,18#,,,Pata,,,Preto,,'4103102118,7.0,,-2,deny,manual,10.50,,true,false,,,,,,https://cdn.shopify.com/s/files/1/0454/5845/6736/files/Maruseigo_Pata_16_Black_6e0d2d5f-cf8e-446b-b3d4-37da976664a1.jpg?v=1731423906,18,"",,,,,,,,,,,,,,,,,,,,https://cdn.shopify.com/s/files/1/0454/5845/6736/files/Maruseigo_Pata_18_Black_dcb5398e-5b55-4781-8c7f-1bdeb53ac82c.jpg?v=1731423906,g,,,
anzol-maruseigo,,,,,,,,,12#,,,Pata,,,Preto,,'4103102112,3.0,,-19,deny,manual,9.10,,true,false,,,,,,https://cdn.shopify.com/s/files/1/0454/5845/6736/files/Maruseigo_Pata_17_Black_ed509bb6-be2a-4d4a-a273-364565ccde17.jpg?v=1731423906,19,"",,,,,,,,,,,,,,,,,,,,https://cdn.shopify.com/s/files/1/0454/5845/6736/files/Maruseigo_Pata_12_Black.jpg?v=1731423906,g,,,
anzol-maruseigo,,,,,,,,,11#,,,Olhal,,,Preto,,'4103101111,3.0,,-31,deny,manual,9.80,,true,false,,,,,,https://cdn.shopify.com/s/files/1/0454/5845/6736/files/Maruseigo_Pata_18_Black_dcb5398e-5b55-4781-8c7f-1bdeb53ac82c.jpg?v=1731423906,20,"",,,,,,,,,,,,,,,,,,,,https://cdn.shopify.com/s/files/1/0454/5845/6736/files/Maruseigo_Olhal_11_Black.jpg?v=1731423906,g,,,
anzol-maruseigo,,,,,,,,,16#,,,Olhal,,,Preto,,'4103101116,5.0,,-161,deny,manual,9.80,,true,false,,,,,,https://cdn.shopify.com/s/files/1/0454/5845/6736/files/Maruseigo_Pata_10_Black_62f276d4-6264-4839-a65e-dc5981709618.jpg?v=1731423906,21,"",,,,,,,,,,,,,,,,,,,,https://cdn.shopify.com/s/files/1/0454/5845/6736/files/Maruseigo_Olhal_16_Black_e645744b-21f3-4406-b73d-560c324288df.jpg?v=1731423906,g,,,
anzol-maruseigo,,,,,,,,,,,,,,,,,,,,,,,,,,,,,,,,https://cdn.shopify.com/s/files/1/0454/5845/6736/files/Maruseigo_Olhal_12_Black.jpg?v=1731423906,22,"",,,,,,,,,,,,,,,,,,,,,,,,
anzol-maruseigo,,,,,,,,,,,,,,,,,,,,,,,,,,,,,,,,https://cdn.shopify.com/s/files/1/0454/5845/6736/files/Maruseigo_Pata_14_Black_fd722a7b-e871-4e4a-97c7-bd60087588ca.jpg?v=1731423906,23,"",,,,,,,,,,,,,,,,,,,,,,,,
anzol-maruseigo,,,,,,,,,,,,,,,,,,,,,,,,,,,,,,,,https://cdn.shopify.com/s/files/1/0454/5845/6736/files/Maruseigo_Olhal_18_Black_9fccf549-9d58-49fe-b778-94cff87f032a.jpg?v=1731423906,24,"",,,,,,,,,,,,,,,,,,,,,,,,
anzol-maruseigo-xc,Anzol Maruseigo XC (Pct com 15),<p>Anzol Maruseigo XC (Pct com 15)</p>,Chumbada Oficial,Artigos esportivos > Atividades ao ar livre > Pesca > Equipamento de pesca > Anzóis para pesca,Anzol,"Anzol, Margem, Maruseigo-XC, Pata, Preto, todos",true,Tamanho,12#,,Variações,Pata,,Cor,Preto,,'4103122112,0.0,shopify,-65,deny,manual,11.20,,true,false,,,,,,https://cdn.shopify.com/s/files/1/0454/5845/6736/files/maruseigo-xc_1.jpg?v=1731423917,1,"",false,,,,,,,,,,,,,,,,,,,https://cdn.shopify.com/s/files/1/0454/5845/6736/files/Anzol_Maruseigo_XC_Pata_12_Black.jpg?v=1731423917,g,,,active
anzol-maruseigo-xc,,,,,,,,,14#,,,Pata,,,Preto,,'4103122114,0.0,,-61,deny,manual,11.20,,true,false,,,,,,https://cdn.shopify.com/s/files/1/0454/5845/6736/files/maruseigo-xc.png?v=1731423917,2,Anzol Maruseigo XC (Pct com 15),,,,,,,,,,,,,,,,,,,,https://cdn.shopify.com/s/files/1/0454/5845/6736/files/Anzol_Maruseigo_XC_Pata_14_Black.jpg?v=1731423917,g,,,
anzol-maruseigo-xc,,,,,,,,,16#,,,Pata,,,Preto,,'4103122116,0.0,,-35,deny,manual,11.20,,true,false,,,,,,https://cdn.shopify.com/s/files/1/0454/5845/6736/files/Anzol_Maruseigo_XC_Pata_10_Black.jpg?v=1731423917,3,Anzol Maruseigo XC (Pct com 15),,,,,,,,,,,,,,,,,,,,,g,,,
anzol-maruseigo-xc,,,,,,,,,,,,,,,,,,,,,,,,,,,,,,,,https://cdn.shopify.com/s/files/1/0454/5845/6736/files/Anzol_Maruseigo_XC_Pata_12_Black.jpg?v=1731423917,4,"",,,,,,,,,,,,,,,,,,,,,,,,
anzol-maruseigo-xc,,,,,,,,,,,,,,,,,,,,,,,,,,,,,,,,https://cdn.shopify.com/s/files/1/0454/5845/6736/files/Anzol_Maruseigo_XC_Pata_14_Black.jpg?v=1731423917,5,"",,,,,,,,,,,,,,,,,,,,,,,,
anzol-sode,Anzol Sode (Pct com 15),"<p>Versatilidade e Confiabilidade para Sua Pescaria</p>
<p>O anzol SODE é um dos favoritos entre os pescadores, especialmente nas pescarias de praia, mas suas características permitem seu uso também em rios e pesqueiros. Com um design cuidadosamente projetado, o SODE combina eficiência e precisão, sendo ideal para a captura de espécies como o carapicu, a carapeba e até mesmo sargos.</p>
<p>Características:<br>Morte Bem Aberta: Seu formato proporciona maior área de captura, garantindo fisgadas mais eficazes e a possibilidade de carregar iscas generosas.<br>Fisga Paralela à Haste: Esse detalhe no design aumenta a confiabilidade na fisgada<br>Haste Ligeiramente Comprida: Ideal para peixes com dentes (se atentar aos tamanhos dos peixes locais).<br>Leveza e Afiamento Extremo: Facilitando a penetração, mesmo em espécies com boca mais dura.<br>Perfil Compacto: A morte aberta e baixa, torna-o discreto e eficiente na água e em meio a isca.<br>O anzol SODE é perfeito para quem busca alta performance, seja em praias, rios ou pesqueiros. Um equipamento confiável que tem nível e precisão, pronto para elevar o nível de sua pescaria</p>",Chumbada Oficial,Artigos esportivos > Atividades ao ar livre > Pesca > Equipamento de pesca > Anzóis para pesca,Anzol,"Anzol, Margem, Sode, todos",true,Tamanho,5#,,Variações,Pata,,Cor,Níquel,,'410311225,2.0,,-20,deny,manual,8.40,,true,false,,,,,,https://cdn.shopify.com/s/files/1/0454/5845/6736/files/sode_1.jpg?v=1731431010,1,"",false,,,,,,,,,,,,,,,,,,,https://cdn.shopify.com/s/files/1/0454/5845/6736/files/Anzol_Sode_Pata_5_Niquel.jpg?v=1731431010,g,,,active
anzol-sode,,,,,,,,,5#,,,Pata,,,Preto,,'410311215,2.0,,-33,deny,manual,8.40,,true,false,,,,,,https://cdn.shopify.com/s/files/1/0454/5845/6736/files/sode.png?v=1731431010,2,Anzol Sode (Pct com 15),,,,,,,,,,,,,,,,,,,,https://cdn.shopify.com/s/files/1/0454/5845/6736/files/Anzol_Sode_Pata_5_Black_c163d61c-12f1-4923-9cc5-ce3c896b5503.jpg?v=1731431010,g,,,
anzol-sode,,,,,,,,,6#,,,Pata,,,Níquel,,'410311226,2.0,shopify,-20,deny,manual,8.40,,true,false,,,,,,https://cdn.shopify.com/s/files/1/0454/5845/6736/files/Anzol_Sode_Pata_5_Niquel.jpg?v=1731431010,3,Anzol Sode (Pct com 15),,,,,,,,,,,,,,,,,,,,https://cdn.shopify.com/s/files/1/0454/5845/6736/files/Anzol_Sode_Pata_6_Niquel.jpg?v=1731431010,g,,,
anzol-sode,,,,,,,,,7#,,,Pata,,,Níquel,,'410311227,3.0,,-40,deny,manual,8.40,,true,false,,,,,,https://cdn.shopify.com/s/files/1/0454/5845/6736/files/Anzol_Sode_Pata_6_Niquel.jpg?v=1731431010,4,"",,,,,,,,,,,,,,,,,,,,https://cdn.shopify.com/s/files/1/0454/5845/6736/files/Anzol_Sode_Pata_7_Niquel_2ac97b6b-1c6b-441d-9c62-0df5c9c7dbc5.jpg?v=1731431010,g,,,
anzol-sode,,,,,,,,,7#,,,Pata,,,Preto,,'410311217,2.0,,-10,deny,manual,8.40,,true,false,,,,,,https://cdn.shopify.com/s/files/1/0454/5845/6736/files/Anzol_Sode_Pata_7_Black.jpg?v=1731431010,5,"",,,,,,,,,,,,,,,,,,,,https://cdn.shopify.com/s/files/1/0454/5845/6736/files/Anzol_Sode_Pata_7_Black.jpg?v=1731431010,g,,,
anzol-sode,,,,,,,,,8#,,,Pata,,,Níquel,,'410311228,3.0,shopify,-40,deny,manual,8.40,,true,false,,,,,,https://cdn.shopify.com/s/files/1/0454/5845/6736/files/Anzol_Sode_Pata_8_Niquel.jpg?v=1731431010,6,"",,,,,,,,,,,,,,,,,,,,https://cdn.shopify.com/s/files/1/0454/5845/6736/files/Anzol_Sode_Pata_8_Niquel.jpg?v=1731431010,g,,,
anzol-sode,,,,,,,,,8#,,,Pata,,,Preto,,'410311218,3.0,,-27,deny,manual,8.40,,true,false,,,,,,https://cdn.shopify.com/s/files/1/0454/5845/6736/files/Anzol_Sode_Pata_8_Black.jpg?v=1731431010,7,"",,,,,,,,,,,,,,,,,,,,https://cdn.shopify.com/s/files/1/0454/5845/6736/files/Anzol_Sode_Pata_8_Black.jpg?v=1731431010,g,,,
anzol-sode,,,,,,,,,9#,,,Pata,,,Níquel,,'410311229,3.0,shopify,-13,deny,manual,8.40,,true,false,,,,,,https://cdn.shopify.com/s/files/1/0454/5845/6736/files/Anzol_Sode_Pata_9_Niquel.jpg?v=1731431010,8,"",,,,,,,,,,,,,,,,,,,,https://cdn.shopify.com/s/files/1/0454/5845/6736/files/Anzol_Sode_Pata_9_Niquel.jpg?v=1731431010,g,,,
anzol-sode,,,,,,,,,9#,,,Pata,,,Preto,,'410311219,3.0,,-14,deny,manual,8.40,,true,false,,,,,,https://cdn.shopify.com/s/files/1/0454/5845/6736/files/Anzol_Sode_Pata_9_Black.jpg?v=1731431010,9,"",,,,,,,,,,,,,,,,,,,,https://cdn.shopify.com/s/files/1/0454/5845/6736/files/Anzol_Sode_Pata_9_Black.jpg?v=1731431010,g,,,
anzol-sode,,,,,,,,,10#,,,Pata,,,Níquel,,'4103112210,3.0,shopify,-20,deny,manual,8.40,,true,false,,,,,,https://cdn.shopify.com/s/files/1/0454/5845/6736/files/Anzol_Sode_Pata_10_Niquel.jpg?v=1731431010,10,"",,,,,,,,,,,,,,,,,,,,https://cdn.shopify.com/s/files/1/0454/5845/6736/files/Anzol_Sode_Pata_10_Niquel.jpg?v=1731431010,g,,,
anzol-sode,,,,,,,,,10#,,,Pata,,,Preto,,'4103112110,3.0,,-34,deny,manual,8.40,,true,false,,,,,"",https://cdn.shopify.com/s/files/1/0454/5845/6736/files/Anzol_Sode_Pata_5_Black_c163d61c-12f1-4923-9cc5-ce3c896b5503.jpg?v=1731431010,11,"",,,,,,,,,,,,,,,,,,,,,g,,,
anzol-sode,,,,,,,,,11#,,,Pata,,,Níquel,,'4103112211,2.0,shopify,0,deny,manual,8.40,,true,false,,,,,"",https://cdn.shopify.com/s/files/1/0454/5845/6736/files/Anzol_Sode_Pata_7_Niquel_2ac97b6b-1c6b-441d-9c62-0df5c9c7dbc5.jpg?v=1731431010,12,"",,,,,,,,,,,,,,,,,,,,https://cdn.shopify.com/s/files/1/0454/5845/6736/files/AnzolSodePata11Niquel.jpg?v=1731431853,g,,,
anzol-sode,,,,,,,,,6#,,,Pata,,,Black Níquel,,MRev2318,2.0,,-15,deny,manual,8.40,,true,false,,,,,"",https://cdn.shopify.com/s/files/1/0454/5845/6736/files/AnzolSodePata11Niquel.jpg?v=1731431853,13,"",,,,,,,,,,,,,,,,,,,,https://cdn.shopify.com/s/files/1/0454/5845/6736/files/Anzol_Sode_Pata_6_Niquel.jpg?v=1731431010,g,,,
kit-jig-head-esferico-individual,Kit Jig Head Esférico Individual,<p>O Kit Jig Head Esférico Individual contém:</p><p>-2 jig heads esféricos.</p>,Chumbada Oficial,Sem categoria,"","Esférico, Individual, Kit Jig Head, Kit Jig Head Esférico, Margem, todos",true,Cor,Amarelo,,Anzol,2/0,,Peso,8g,,KitCh0128,16.0,shopify,-20,deny,manual,7.50,,true,false,,,,,,https://cdn.shopify.com/s/files/1/0454/5845/6736/files/KitJHEsf12g2-0Laranja_09f8e45b-43cd-418a-bdf2-f898b2f91743.jpg?v=1732040812,1,"",false,,,,,,,,,,,,,,,,,,,,g,,,active
kit-jig-head-esferico-individual,,,,,,,,,Amarelo,,,2/0,,,10g,,KitCh0129,20.0,shopify,-10,deny,manual,9.22,,true,false,,,,,,https://cdn.shopify.com/s/files/1/0454/5845/6736/files/KitJHEsf12g2-0AzulBic_db17a756-9089-4817-8904-e5484937b431.jpg?v=1732040812,2,"",,,,,,,,,,,,,,,,,,,,https://cdn.shopify.com/s/files/1/0454/5845/6736/files/KitJHEsf10g2-0Amarelo_4_ebb3485a-1864-40d8-8633-1662131e4a19.jpg?v=1732040813,g,,,
kit-jig-head-esferico-individual,,,,,,,,,Amarelo,,,2/0,,,12g,,KitCh0130,24.0,shopify,0,deny,manual,9.22,,true,false,,,,,,https://cdn.shopify.com/s/files/1/0454/5845/6736/files/KitJHEsf12g3-0Laranja_383fd255-620a-483b-bdbf-881ed2521018.jpg?v=1732040812,3,"",,,,,,,,,,,,,,,,,,,,https://cdn.shopify.com/s/files/1/0454/5845/6736/files/KitJHEsf12g2-0Amarelo_2_fcbb428d-27bd-460b-993a-85c1620ae2b8.jpg?v=1732040813,g,,,
kit-jig-head-esferico-individual,,,,,,,,,Amarelo,,,3/0,,,8g,,KitCh0158,16.0,,-5,deny,manual,7.50,,true,false,,,,,,https://cdn.shopify.com/s/files/1/0454/5845/6736/files/KitJHEsf12g3-0AzulBic_07d6330e-a232-47c0-b36f-3cb836693002.jpg?v=1732040812,4,"",,,,,,,,,,,,,,,,,,,,https://cdn.shopify.com/s/files/1/0454/5845/6736/files/KitJHEsf8g3-0Amarelo_03d624de-7b78-4280-b061-39d205cc5b4e.jpg?v=1732040813,g,,,
kit-jig-head-esferico-individual,,,,,,,,,Amarelo,,,3/0,,,10g,,KitCh0159,20.0,,-5,deny,manual,9.22,,true,false,,,,,,https://cdn.shopify.com/s/files/1/0454/5845/6736/files/KitJHEsf12g3-0AzulBebe_2_efcd5954-50a8-411c-a0df-88eec29d1465.jpg?v=1732040812,5,"",,,,,,,,,,,,,,,,,,,,,g,,,
kit-jig-head-esferico-individual,,,,,,,,,Amarelo,,,3/0,,,12g,,KitCh0160,24.0,,-34,deny,manual,9.22,,true,false,,,,,,https://cdn.shopify.com/s/files/1/0454/5845/6736/files/KitJHEsf12g2-0Verde_2_0b6d49e2-96ad-4284-880b-663c1fe19af4.jpg?v=1732040812,6,"",,,,,,,,,,,,,,,,,,,,https://cdn.shopify.com/s/files/1/0454/5845/6736/files/KitJHEsf12g3-0Amarelo_2_9385f0c3-c339-427d-accb-f56e77be2548.jpg?v=1732040813,g,,,
kit-jig-head-esferico-individual,,,,,,,,,Laranja,,,2/0,,,8g,,KitCh0137,16.0,shopify,-5,deny,manual,7.50,,true,false,,,,,,https://cdn.shopify.com/s/files/1/0454/5845/6736/files/KitJHEsf12g2-0Vermelho_2_9ee88951-cb8b-4d40-9b02-7b3e72d10061.jpg?v=1732040813,7,"",,,,,,,,,,,,,,,,,,,,,g,,,
kit-jig-head-esferico-individual,,,,,,,,,Laranja,,,2/0,,,10g,,KitCh0138,20.0,shopify,-5,deny,manual,9.22,,true,false,,,,,,https://cdn.shopify.com/s/files/1/0454/5845/6736/files/KitJHEsf12g2-0Violeta_2_9a7d4218-ce6c-45aa-8923-258e7bdc49d2.jpg?v=1732040813,8,"",,,,,,,,,,,,,,,,,,,,,g,,,
kit-jig-head-esferico-individual,,,,,,,,,Laranja,,,2/0,,,12g,,KitCh0139,24.0,shopify,0,deny,manual,9.22,,true,false,,,,,,https://cdn.shopify.com/s/files/1/0454/5845/6736/files/KitJHEsf12g3-0Amarelo_2_9385f0c3-c339-427d-accb-f56e77be2548.jpg?v=1732040813,9,"",,,,,,,,,,,,,,,,,,,,https://cdn.shopify.com/s/files/1/0454/5845/6736/files/KitJHEsf12g2-0Laranja_09f8e45b-43cd-418a-bdf2-f898b2f91743.jpg?v=1732040812,g,,,
kit-jig-head-esferico-individual,,,,,,,,,Laranja,,,3/0,,,8g,,KitCh0167,16.0,,-15,deny,manual,7.50,,true,false,,,,,,https://cdn.shopify.com/s/files/1/0454/5845/6736/files/KitJHEsf12g2-0Preto_ccde70c7-1e7d-483e-b505-7e41e9534f28.jpg?v=1732040813,10,"",,,,,,,,,,,,,,,,,,,,,g,,,
kit-jig-head-esferico-individual,,,,,,,,,Laranja,,,3/0,,,10g,,KitCh0168,20.0,,-5,deny,manual,9.22,,true,false,,,,,,https://cdn.shopify.com/s/files/1/0454/5845/6736/files/KitJHEsf12g2-0Natural_1876b548-a883-4656-ac64-f2a0b6bb0e4e.jpg?v=1732040813,11,"",,,,,,,,,,,,,,,,,,,,https://cdn.shopify.com/s/files/1/0454/5845/6736/files/KitJHEsf10g3-0Laranja_2_709eb324-5208-4675-b692-bcb430686529.jpg?v=1732040813,g,,,
kit-jig-head-esferico-individual,,,,,,,,,Laranja,,,3/0,,,12g,,KitCh0169,24.0,,0,deny,manual,9.22,,true,false,,,,,,https://cdn.shopify.com/s/files/1/0454/5845/6736/files/KitJHEsf12g2-0Amarelo_2_fcbb428d-27bd-460b-993a-85c1620ae2b8.jpg?v=1732040813,12,"",,,,,,,,,,,,,,,,,,,,https://cdn.shopify.com/s/files/1/0454/5845/6736/files/KitJHEsf12g3-0Laranja_383fd255-620a-483b-bdbf-881ed2521018.jpg?v=1732040812,g,,,
kit-jig-head-esferico-individual,,,,,,,,,Natural,,,2/0,,,8g,,KitCh0105,24.0,shopify,-6,deny,manual,5.90,,true,false,,,,,,https://cdn.shopify.com/s/files/1/0454/5845/6736/files/KitJHEsf12g2-0Branco_85e4a171-5240-41bb-b3a9-8bd826512662.jpg?v=1732040813,13,"",,,,,,,,,,,,,,,,,,,,,g,,,
kit-jig-head-esferico-individual,,,,,,,,,Natural,,,2/0,,,10g,,KitCh0106,30.0,shopify,0,deny,manual,6.82,,true,false,,,,,,https://cdn.shopify.com/s/files/1/0454/5845/6736/files/KitJHEsf10g3-0Vermelho_3_ae140543-c92e-4291-9e24-e9b3e2981131.jpg?v=1732040813,14,"",,,,,,,,,,,,,,,,,,,,,g,,,
kit-jig-head-esferico-individual,,,,,,,,,Natural,,,2/0,,,12g,,KitCh0107,36.0,shopify,0,deny,manual,6.82,,true,false,,,,,,https://cdn.shopify.com/s/files/1/0454/5845/6736/files/KitJHEsf10g3-0AzulBebe_2_ce8aaf05-4426-4e32-90a7-18a6e475b13f.jpg?v=1732040813,15,"",,,,,,,,,,,,,,,,,,,,https://cdn.shopify.com/s/files/1/0454/5845/6736/files/KitJHEsf12g2-0Natural_1876b548-a883-4656-ac64-f2a0b6bb0e4e.jpg?v=1732040813,g,,,
kit-jig-head-esferico-individual,,,,,,,,,Natural,,,3/0,,,8g,,KitCh0108,24.0,,0,deny,manual,8.10,,true,false,,,,,,https://cdn.shopify.com/s/files/1/0454/5845/6736/files/KitJHEsf10g3-0AzulBic_2_a5ea1bc9-bee9-4349-9cee-56504290b90b.jpg?v=1732040813,16,"",,,,,,,,,,,,,,,,,,,,,g,,,
kit-jig-head-esferico-individual,,,,,,,,,Natural,,,3/0,,,10g,,KitCh0109,30.0,,-4,deny,manual,9.48,,true,false,,,,,,https://cdn.shopify.com/s/files/1/0454/5845/6736/files/KitJHEsf10g3-0Laranja_2_709eb324-5208-4675-b692-bcb430686529.jpg?v=1732040813,17,"",,,,,,,,,,,,,,,,,,,,,g,,,
kit-jig-head-esferico-individual,,,,,,,,,Natural,,,3/0,,,12g,,KitCh0110,36.0,,-4,deny,manual,9.48,,true,false,,,,,,https://cdn.shopify.com/s/files/1/0454/5845/6736/files/KitJHEsf10g3-0Preto_2_880614da-f798-4e1d-a141-2011cc9abd2c.jpg?v=1732040813,18,"",,,,,,,,,,,,,,,,,,,,https://cdn.shopify.com/s/files/1/0454/5845/6736/files/KitJHEsf12g2-0Natural_1876b548-a883-4656-ac64-f2a0b6bb0e4e.jpg?v=1732040813,g,,,
kit-jig-head-esferico-individual,,,,,,,,,Preto,,,2/0,,,8g,,KitCh0116,16.0,shopify,0,deny,manual,7.50,,true,false,,,,,,https://cdn.shopify.com/s/files/1/0454/5845/6736/files/KitJHEsf10g3-0Verde_3_dd847b36-02ce-422c-8de8-e2e0bef7bc8c.jpg?v=1732040813,19,"",,,,,,,,,,,,,,,,,,,,,g,,,
kit-jig-head-esferico-individual,,,,,,,,,Preto,,,2/0,,,10g,,KitCh0117,20.0,shopify,0,deny,manual,9.22,,true,false,,,,,,https://cdn.shopify.com/s/files/1/0454/5845/6736/files/KitJHEsf10g2-0Amarelo_4_ebb3485a-1864-40d8-8633-1662131e4a19.jpg?v=1732040813,20,"",,,,,,,,,,,,,,,,,,,,,g,,,
kit-jig-head-esferico-individual,,,,,,,,,Preto,,,2/0,,,12g,,KitCh0118,24.0,shopify,0,deny,manual,9.22,,true,false,,,,,,https://cdn.shopify.com/s/files/1/0454/5845/6736/files/KitJHEsf8g3-0AzulBic_873b7a9b-8492-437b-9362-0cb0dd20fbc9.jpg?v=1732040813,21,"",,,,,,,,,,,,,,,,,,,,https://cdn.shopify.com/s/files/1/0454/5845/6736/files/KitJHEsf12g2-0Preto_ccde70c7-1e7d-483e-b505-7e41e9534f28.jpg?v=1732040813,g,,,
kit-jig-head-esferico-individual,,,,,,,,,Preto,,,3/0,,,8g,,KitCh0146,16.0,,0,deny,manual,7.50,,true,false,,,,,,https://cdn.shopify.com/s/files/1/0454/5845/6736/files/KitJHEsf8g3-0AzulBebe_eb408a15-fd26-4433-b949-159f10d6b990.jpg?v=1732040813,22,"",,,,,,,,,,,,,,,,,,,,,g,,,
kit-jig-head-esferico-individual,,,,,,,,,Preto,,,3/0,,,10g,,KitCh0147,20.0,,0,deny,manual,9.22,,true,false,,,,,,https://cdn.shopify.com/s/files/1/0454/5845/6736/files/KitJHEsf8g3-0Amarelo_03d624de-7b78-4280-b061-39d205cc5b4e.jpg?v=1732040813,23,"",,,,,,,,,,,,,,,,,,,,https://cdn.shopify.com/s/files/1/0454/5845/6736/files/KitJHEsf10g3-0Preto_2_880614da-f798-4e1d-a141-2011cc9abd2c.jpg?v=1732040813,g,,,
kit-jig-head-esferico-individual,,,,,,,,,Preto,,,3/0,,,12g,,KitCh0148,24.0,,0,deny,manual,9.22,,true,false,,,,,,https://cdn.shopify.com/s/files/1/0454/5845/6736/files/KitJHEsf8g2-0Violeta_3_98174142-ec24-4163-b333-5efacf5c5222.jpg?v=1732040813,24,"",,,,,,,,,,,,,,,,,,,,,g,,,
kit-jig-head-esferico-individual,,,,,,,,,Vermelho,,,2/0,,,8g,,KitCh0119,16.0,shopify,0,deny,manual,7.50,,true,false,,,,,,https://cdn.shopify.com/s/files/1/0454/5845/6736/files/KitJHEsf8g2-0Vermelho_2_1a6ba779-fc47-43d9-ab88-f92e79537303.jpg?v=1732040813,25,"",,,,,,,,,,,,,,,,,,,,https://cdn.shopify.com/s/files/1/0454/5845/6736/files/KitJHEsf8g2-0Vermelho_2_1a6ba779-fc47-43d9-ab88-f92e79537303.jpg?v=1732040813,g,,,
kit-jig-head-esferico-individual,,,,,,,,,Vermelho,,,2/0,,,10g,,KitCh0120,20.0,shopify,0,deny,manual,9.22,,true,false,,,,,,https://cdn.shopify.com/s/files/1/0454/5845/6736/files/KitJHEsf8g2-0Verde_0a95ba47-9ad3-4feb-9698-be9a76253a65.jpg?v=1732040813,26,"",,,,,,,,,,,,,,,,,,,,,g,,,
kit-jig-head-esferico-individual,,,,,,,,,Vermelho,,,2/0,,,12g,,KitCh0121,24.0,shopify,0,deny,manual,9.22,,true,false,,,,,,https://cdn.shopify.com/s/files/1/0454/5845/6736/files/KitJHEsf8g2-0Amarelo_527d5cba-c1dd-49bd-964d-e4d7cfef21f6.jpg?v=1732040813,27,"",,,,,,,,,,,,,,,,,,,,https://cdn.shopify.com/s/files/1/0454/5845/6736/files/KitJHEsf12g2-0Vermelho_2_9ee88951-cb8b-4d40-9b02-7b3e72d10061.jpg?v=1732040813,g,,,
kit-jig-head-esferico-individual,,,,,,,,,Vermelho,,,3/0,,,8g,,KitCh0149,16.0,,0,deny,manual,7.50,,true,false,,,,,,https://cdn.shopify.com/s/files/1/0454/5845/6736/files/KitJHEsf10g3-0Amarelo_2_733d88ea-bc0f-4d43-8e7e-a71308260db9.jpg?v=1732040813,28,"",,,,,,,,,,,,,,,,,,,,,g,,,
kit-jig-head-esferico-individual,,,,,,,,,Vermelho,,,3/0,,,10g,,KitCh0150,20.0,,0,deny,manual,9.22,,true,false,,,,,,https://cdn.shopify.com/s/files/1/0454/5845/6736/files/KitJHEsf8g2-0Laranja_ad81874b-1ea8-4bca-9158-7e8067bf1d27.jpg?v=1732040812,29,"",,,,,,,,,,,,,,,,,,,,https://cdn.shopify.com/s/files/1/0454/5845/6736/files/KitJHEsf10g3-0Vermelho_3_ae140543-c92e-4291-9e24-e9b3e2981131.jpg?v=1732040813,g,,,
kit-jig-head-esferico-individual,,,,,,,,,Vermelho,,,3/0,,,12g,,KitCh0151,24.0,,0,deny,manual,9.22,,true,false,,,,,,https://cdn.shopify.com/s/files/1/0454/5845/6736/files/KitJHEsf10g2-0Laranja_b6dacaff-99c2-4ab3-88fc-b07cab453d78.jpg?v=1732040812,30,"",,,,,,,,,,,,,,,,,,,,,g,,,
kit-jig-head-esferico-individual,,,,,,,,,,,,,,,,,,,,,,,,,,,,,,,,https://cdn.shopify.com/s/files/1/0454/5845/6736/files/KitJHEsf8g3-0Laranja_9f822902-faff-439e-9534-6bce44874fdc.jpg?v=1732040813,31,"",,,,,,,,,,,,,,,,,,,,,,,,
kit-jig-head-esferico-individual,,,,,,,,,,,,,,,,,,,,,,,,,,,,,,,,https://cdn.shopify.com/s/files/1/0454/5845/6736/files/KitJHEsf8g2-0Natural_2_494958b4-d660-4682-bf6a-262c1d84dbe1.jpg?v=1732040813,32,"",,,,,,,,,,,,,,,,,,,,,,,,
kit-jig-head-esferico-individual,,,,,,,,,,,,,,,,,,,,,,,,,,,,,,,,https://cdn.shopify.com/s/files/1/0454/5845/6736/files/KitJHEsf10g2-0Natural_2_589bc448-fc0e-4b53-a801-4c7e31dc9cf6.jpg?v=1732040813,33,"",,,,,,,,,,,,,,,,,,,,,,,,
kit-jig-head-esferico-individual,,,,,,,,,,,,,,,,,,,,,,,,,,,,,,,,https://cdn.shopify.com/s/files/1/0454/5845/6736/files/KitJHEsf8g2-0Preto_78135c9d-a2d3-4626-824b-419e19c60a3d.jpg?v=1732040813,34,"",,,,,,,,,,,,,,,,,,,,,,,,
kit-jig-head-esferico-individual,,,,,,,,,,,,,,,,,,,,,,,,,,,,,,,,https://cdn.shopify.com/s/files/1/0454/5845/6736/files/KitJHEsf10g2-0Preto_c462601d-7e8b-431c-beca-86e8c1c40d81.jpg?v=1732040813,35,"",,,,,,,,,,,,,,,,,,,,,,,,
kit-jig-head-esferico-individual,,,,,,,,,,,,,,,,,,,,,,,,,,,,,,,,https://cdn.shopify.com/s/files/1/0454/5845/6736/files/KitJHEsf8g3-0Preto_910ecf57-f815-40c9-af79-bfc5a5caeb8d.jpg?v=1732040813,36,"",,,,,,,,,,,,,,,,,,,,,,,,
kit-jig-head-esferico-individual,,,,,,,,,,,,,,,,,,,,,,,,,,,,,,,,https://cdn.shopify.com/s/files/1/0454/5845/6736/files/KitJHEsf12g3-0Preto_e1698297-7225-4159-821b-88892218da67.jpg?v=1732040812,37,"",,,,,,,,,,,,,,,,,,,,,,,,
kit-jig-head-esferico-individual,,,,,,,,,,,,,,,,,,,,,,,,,,,,,,,,https://cdn.shopify.com/s/files/1/0454/5845/6736/files/KitJHEsf10g2-0Vermelho_7bf902da-1117-4f2c-9904-7f29322867fe.jpg?v=1732040813,38,"",,,,,,,,,,,,,,,,,,,,,,,,
kit-jig-head-esferico-individual,,,,,,,,,,,,,,,,,,,,,,,,,,,,,,,,https://cdn.shopify.com/s/files/1/0454/5845/6736/files/KitJHEsf8g3-0Vermelho_c742fd01-266b-4b98-8d57-d2c7eb13e470.jpg?v=1732040813,39,"",,,,,,,,,,,,,,,,,,,,,,,,
kit-jig-head-esferico-individual,,,,,,,,,,,,,,,,,,,,,,,,,,,,,,,,https://cdn.shopify.com/s/files/1/0454/5845/6736/files/KitJHEsf12g3-0Vermelho_638f6cac-3e05-47c6-bebc-45bc0ca9a542.jpg?v=1732040812,40,"",,,,,,,,,,,,,,,,,,,,,,,,
kit-jig-head-esferico-misto,Kit Jig Head Esférico Misto,"<p>O Kit Jig Head Esférico Peso Misto contém:</p><p>-Coloridas 1 Jig Head Esférico de cada peso de 8g, 10g, 12g</p><p>-Natural 2 Jig Heads Esféricos de cada peso de 8g, 10g, 12g</p>",Chumbada Oficial,Sem categoria,"","10g, 12g, 2/0, 8g, Esférico, Kit Jig Head, Kit Jig Head Esférico, Margem, Misto, todos",true,Cor,Amarelo,,Anzol,2/0,,Peso,"8g,10g,12g",,KitCh0178,30.0,shopify,-4,deny,manual,12.22,,true,false,,,,,,https://cdn.shopify.com/s/files/1/0454/5845/6736/files/KitJHEsfMisto3-0Violeta_e79c07c8-73da-48fe-89c6-ff86749fd64e.jpg?v=1732040839,1,"",false,,,,,,,,,,,,,,,,,,,https://cdn.shopify.com/s/files/1/0454/5845/6736/files/KitJHEsfMisto2-0Amarelo_2_90238807-d316-4e09-b82b-95917e3dcb9e.jpg?v=1732040840,g,,,active
kit-jig-head-esferico-misto,,,,,,,,,Amarelo,,,3/0,,,"8g,10g,12g",,KitCh0188,30.0,,-8,deny,manual,12.22,,true,false,,,,,,https://cdn.shopify.com/s/files/1/0454/5845/6736/files/KitJHEsfMisto3-0Rosa_39f58cbe-a60b-4f5d-b7c3-711b149de287.jpg?v=1732040839,2,"",,,,,,,,,,,,,,,,,,,,https://cdn.shopify.com/s/files/1/0454/5845/6736/files/KitJHEsfMisto2-0Amarelo_2_90238807-d316-4e09-b82b-95917e3dcb9e.jpg?v=1732040840,g,,,
kit-jig-head-esferico-misto,,,,,,,,,Laranja,,,2/0,,,"8g,10g,12g",,KitCh0181,30.0,shopify,0,deny,manual,12.22,,true,false,,,,,,https://cdn.shopify.com/s/files/1/0454/5845/6736/files/KitJHEsfMisto2-0Vermelho_2_813d3d76-f4cd-4b59-82d2-7efd076d24c1.jpg?v=1732040840,3,"",,,,,,,,,,,,,,,,,,,,,g,,,
kit-jig-head-esferico-misto,,,,,,,,,Laranja,,,3/0,,,"8g,10g,12g",,KitCh0191,30.0,,-6,deny,manual,12.22,,true,false,,,,,,https://cdn.shopify.com/s/files/1/0454/5845/6736/files/KitJHEsfMisto2-0Verde_2_87c36ea3-d0b0-4ac5-9f1f-1a35c700cb77.jpg?v=1732040840,4,"",,,,,,,,,,,,,,,,,,,,,g,,,
kit-jig-head-esferico-misto,,,,,,,,,Natural,,,2/0,,,"8g,10g,12g",,KitCh0111,60.0,shopify,0,deny,manual,16.54,,true,false,,,,,,https://cdn.shopify.com/s/files/1/0454/5845/6736/files/KitJHEsfMisto2-0Preto_47ae4271-92e4-4cb8-bd72-24afbdf134a4.jpg?v=1732040840,5,"",,,,,,,,,,,,,,,,,,,,https://cdn.shopify.com/s/files/1/0454/5845/6736/files/KitJHEsfMisto2-0Natural_a55788d9-1d02-4e73-a3a7-a8800681416a.jpg?v=1732040840,g,,,
kit-jig-head-esferico-misto,,,,,,,,,Natural,,,3/0,,,"8g,10g,12g",,KitCh0112,30.0,,-1,deny,manual,16.54,,true,false,,,,,,https://cdn.shopify.com/s/files/1/0454/5845/6736/files/KitJHEsfMisto2-0Natural_a55788d9-1d02-4e73-a3a7-a8800681416a.jpg?v=1732040840,6,"",,,,,,,,,,,,,,,,,,,,https://cdn.shopify.com/s/files/1/0454/5845/6736/files/KitJHEsfMisto2-0Natural_a55788d9-1d02-4e73-a3a7-a8800681416a.jpg?v=1732040840,g,,,
kit-jig-head-esferico-misto,,,,,,,,,Preto,,,2/0,,,"8g,10g,12g",,KitCh0174,30.0,shopify,0,deny,manual,12.22,,true,false,,,,,,https://cdn.shopify.com/s/files/1/0454/5845/6736/files/KitJHEsfMisto2-0Branco_2_c63c099b-9652-4af6-920b-11239031579e.jpg?v=1732040840,7,"",,,,,,,,,,,,,,,,,,,,https://cdn.shopify.com/s/files/1/0454/5845/6736/files/KitJHEsfMisto2-0Preto_47ae4271-92e4-4cb8-bd72-24afbdf134a4.jpg?v=1732040840,g,,,
kit-jig-head-esferico-misto,,,,,,,,,Preto,,,3/0,,,"8g,10g,12g",,KitCh0184,30.0,,0,deny,manual,12.22,,true,false,,,,,,https://cdn.shopify.com/s/files/1/0454/5845/6736/files/KitJHEsfMisto2-0Amarelo_2_90238807-d316-4e09-b82b-95917e3dcb9e.jpg?v=1732040840,8,"",,,,,,,,,,,,,,,,,,,,https://cdn.shopify.com/s/files/1/0454/5845/6736/files/KitJHEsfMisto2-0Preto_47ae4271-92e4-4cb8-bd72-24afbdf134a4.jpg?v=1732040840,g,,,
kit-jig-head-esferico-misto,,,,,,,,,Vermelho,,,2/0,,,"8g,10g,12g",,KitCh0175,30.0,shopify,0,deny,manual,12.22,,true,false,,,,,,https://cdn.shopify.com/s/files/1/0454/5845/6736/files/KitJHEsfMisto2-0Laranja_e69f346d-aaa7-42a5-bbfb-26256ff5d608.jpg?v=1732040839,9,"",,,,,,,,,,,,,,,,,,,,https://cdn.shopify.com/s/files/1/0454/5845/6736/files/KitJHEsfMisto2-0Vermelho_2_813d3d76-f4cd-4b59-82d2-7efd076d24c1.jpg?v=1732040840,g,,,
kit-jig-head-esferico-misto,,,,,,,,,Vermelho,,,3/0,,,"8g,10g,12g",,KitCh0185,30.0,,0,deny,manual,12.22,,true,false,,,,,,,,,,,,,,,,,,,,,,,,,,,,https://cdn.shopify.com/s/files/1/0454/5845/6736/files/KitJHEsfMisto2-0Vermelho_2_813d3d76-f4cd-4b59-82d2-7efd076d24c1.jpg?v=1732040840,g,,,
anzol-akita-kitsune-premium-quimipoint,Anzol Akita Kitsune Premium QUIMIPOINT (Pct com 15),"<p>Anzol Akita Kitsune Premium Quimipoint</p>
<p>O Akita Kitsune Premium Quimipoint representa o que há de mais moderno no mundo da pesca esportiva. Equipado com a tecnologia de afiação química mais avançada disponível atualmente no mercado mundial, este anzol é feito para quem leva a pesca a sério — especialmente atletas que participam de campeonatos e competições de alto nível, onde cada fisgada faz a diferença.</p>
<p>Sua ponta ultrafina, afiada por processo químico de última geração, garante fisgadas instantâneas e extremamente precisas, mesmo com os toques mais sutis. Essa precisão é essencial em torneios, onde tempo de reação e aproveitamento de ataque são cruciais para o sucesso.</p>
<p>Fabricado com aço de alta resistência, este modelo foi projetado para suportar combates intensos com peixes fortes, sem abrir ou deformar. Ainda assim, mantém uma leveza estratégica, que favorece a apresentação da isca em meia água ou superfície usando atrativos ou boias, evitando que ela afunde na areia e perca eficiência.</p>
<p>Seu formato técnico, com haste curta, abertura reduzida e ponta em ângulo negativo, é ideal para espécies de boca menor e técnicas refinadas, ampliando as chances de fisgada durante a sucção da isca.</p>
<p>O Akita Kitsune Premium Quimipoint é a escolha certa para pescadores exigentes, técnicos e competitivos, que buscam excelência em cada detalhe da pescaria.</p>
<p>Precisão, resistência e tecnologia de ponta – tudo em um só anzol.</p>",Chumbada Oficial,Artigos esportivos > Atividades ao ar livre > Pesca > Equipamento de pesca > Anzóis para pesca > Anzóis de pesca individuais,"","akita kitsune, Anzois, Anzol, premium, Quimipoint, Todos",true,Tamanho,2.5,,Pacote,15 Unidades,,,,,PA12736,10.0,,-22,deny,manual,24.00,,true,false,,,,,"",https://cdn.shopify.com/s/files/1/0454/5845/6736/files/5-akita-kitsune-quimipoint-medida.jpg?v=1765979240,1,"",false,,,,,,,,,,,,,,,,,,,https://cdn.shopify.com/s/files/1/0454/5845/6736/files/2_5-akita-kitsune-quimipoint-medida.jpg?v=1765979240,kg,,,active
anzol-akita-kitsune-premium-quimipoint,,,,,,,,,3,,,15 Unidades,,,,,PA12737,10.0,,-30,deny,manual,24.00,,true,false,,,,,"",https://cdn.shopify.com/s/files/1/0454/5845/6736/files/2_5-akita-kitsune-quimipoint-medida.jpg?v=1765979240,2,"",,,,,,,,,,,,,,,,,,,,https://cdn.shopify.com/s/files/1/0454/5845/6736/files/3-akita-kitsune-quimipoint-medida.jpg?v=1765979240,kg,,,
anzol-akita-kitsune-premium-quimipoint,,,,,,,,,4,,,15 Unidades,,,,,PA12739,0.0,,-29,deny,manual,24.00,,true,false,,,,,"",https://cdn.shopify.com/s/files/1/0454/5845/6736/files/3-akita-kitsune-quimipoint-medida.jpg?v=1765979240,3,"",,,,,,,,,,,,,,,,,,,,https://cdn.shopify.com/s/files/1/0454/5845/6736/files/4-akita-kitsune-quimipoint-medida.jpg?v=1765979240,kg,,,
anzol-akita-kitsune-premium-quimipoint,,,,,,,,,5,,,15 Unidades,,,,,PA12738,0.0,,-35,deny,manual,24.00,,true,false,,,,,"",https://cdn.shopify.com/s/files/1/0454/5845/6736/files/4-akita-kitsune-quimipoint-medida.jpg?v=1765979240,4,"",,,,,,,,,,,,,,,,,,,,https://cdn.shopify.com/s/files/1/0454/5845/6736/files/5-akita-kitsune-quimipoint-medida.jpg?v=1765979240,kg,,,
anzol-akita-kitsune-premium-quimipoint,,,,,,,,,,,,,,,,,,,,,,,,,,,,,,,,https://cdn.shopify.com/s/files/1/0454/5845/6736/files/2_5-akita-kitsune-quimipoint.jpg?v=1765979240,5,"",,,,,,,,,,,,,,,,,,,,,,,,
anzol-akita-kitsune-premium-quimipoint,,,,,,,,,,,,,,,,,,,,,,,,,,,,,,,,https://cdn.shopify.com/s/files/1/0454/5845/6736/files/3-akita-kitsune-quimipoint.jpg?v=1765979240,6,"",,,,,,,,,,,,,,,,,,,,,,,,
anzol-akita-kitsune-premium-quimipoint,,,,,,,,,,,,,,,,,,,,,,,,,,,,,,,,https://cdn.shopify.com/s/files/1/0454/5845/6736/files/4-akita-kitsune-quimipoint.jpg?v=1765979240,7,"",,,,,,,,,,,,,,,,,,,,,,,,
anzol-akita-kitsune-premium-quimipoint,,,,,,,,,,,,,,,,,,,,,,,,,,,,,,,,https://cdn.shopify.com/s/files/1/0454/5845/6736/files/5-akita-kitsune-quimipoint.jpg?v=1765979240,8,"",,,,,,,,,,,,,,,,,,,,,,,,
anzol-kisu-libero-premium-quimipoint-pct-com-15,Anzol Kisu Libero Premium QUIMIPOINT (Pct com 15),"<p>Anzol Kisu Libero Quimipoint – Precisão e Potência para Longas Distâncias</p>
<p>O Kisu Libero Quimipoint foi desenvolvido para pescadores que exigem performance em cada arremesso. Com haste mais longa que o padrão, permite o uso de mais isca, como camarão, minhoca ou lula, proporcionando atratividade extra aos peixes, especialmente em pescarias de praia.</p>
<p>Sua morte alta oferece firmeza na fisgada, impedindo que o peixe escape com facilidade. Aliada à tecnologia Quimipoint, que proporciona um afiamento químico de altíssima precisão, a fisgada se torna instantânea.</p>
<p>Ideal para lançamentos longos, o Kisu Libero garante não só alcance, mas também a segurança de trazer o peixe até a areia com firmeza. Seja para peixes rápidos ou mais cautelosos, essa é a combinação perfeita entre engenharia e eficiência na pesca de praia.</p>",Chumbada Oficial,Artigos esportivos > Atividades ao ar livre > Pesca > Equipamento de pesca > Anzóis para pesca > Anzóis de pesca individuais,"","akita kitsune, Anzois, Anzol, Todos",true,Tamanho,4,,Pacote,15 unidades,,,,,IPA10232,0.0,,-24,deny,manual,24.00,,true,false,,,,,"",https://cdn.shopify.com/s/files/1/0454/5845/6736/files/kisu_libero_4.jpg?v=1765979041,1,"",false,,,,,,,,,,,,,,,,,,,https://cdn.shopify.com/s/files/1/0454/5845/6736/files/kisu_libero_4.jpg?v=1765979041,kg,,,active
anzol-kisu-libero-premium-quimipoint-pct-com-15,,,,,,,,,5,,,15 unidades,,,,,IPA10233,0.0,,-18,deny,manual,24.00,,true,false,,,,,"",https://cdn.shopify.com/s/files/1/0454/5845/6736/files/photo_2025-03-31_16-41-25.jpg?v=1765979041,2,"",,,,,,,,,,,,,,,,,,,,https://cdn.shopify.com/s/files/1/0454/5845/6736/files/kisu_libero_5.jpg?v=1765979041,kg,,,
anzol-kisu-libero-premium-quimipoint-pct-com-15,,,,,,,,,6,,,15 unidades,,,,,IPA10234,0.0,,-24,deny,manual,24.00,,true,false,,,,,"",https://cdn.shopify.com/s/files/1/0454/5845/6736/files/photo_2025-03-31_16-41-26.jpg?v=1765979041,3,"",,,,,,,,,,,,,,,,,,,,https://cdn.shopify.com/s/files/1/0454/5845/6736/files/kisu_libero_6.jpg?v=1765979041,kg,,,
anzol-kisu-libero-premium-quimipoint-pct-com-15,,,,,,,,,7,,,15 unidades,,,,,IPA10235,0.0,,-15,deny,manual,24.00,,true,false,,,,,"",https://cdn.shopify.com/s/files/1/0454/5845/6736/files/photo_2025-03-31_16-41-29.jpg?v=1765979041,4,"",,,,,,,,,,,,,,,,,,,,https://cdn.shopify.com/s/files/1/0454/5845/6736/files/kisu_libero_7.jpg?v=1765979041,kg,,,
anzol-kisu-libero-premium-quimipoint-pct-com-15,,,,,,,,,8,,,15 unidades,,,,,IPA10236,0.0,,-17,deny,manual,24.00,,true,false,,,,,"",https://cdn.shopify.com/s/files/1/0454/5845/6736/files/photo_2025-03-31_16-41-24.jpg?v=1765979041,5,"",,,,,,,,,,,,,,,,,,,,https://cdn.shopify.com/s/files/1/0454/5845/6736/files/kisu_libero_8.jpg?v=1765979041,kg,,,
anzol-kisu-libero-premium-quimipoint-pct-com-15,,,,,,,,,,,,,,,,,,,,,,,,,,,,,,,,https://cdn.shopify.com/s/files/1/0454/5845/6736/files/photo_2025-03-31_16-41-27.jpg?v=1765979041,6,"",,,,,,,,,,,,,,,,,,,,,,,,
anzol-kisu-libero-premium-quimipoint-pct-com-15,,,,,,,,,,,,,,,,,,,,,,,,,,,,,,,,https://cdn.shopify.com/s/files/1/0454/5845/6736/files/kisu_libero_5.jpg?v=1765979041,7,"",,,,,,,,,,,,,,,,,,,,,,,,
anzol-kisu-libero-premium-quimipoint-pct-com-15,,,,,,,,,,,,,,,,,,,,,,,,,,,,,,,,https://cdn.shopify.com/s/files/1/0454/5845/6736/files/kisu_libero_6.jpg?v=1765979041,8,"",,,,,,,,,,,,,,,,,,,,,,,,
anzol-kisu-libero-premium-quimipoint-pct-com-15,,,,,,,,,,,,,,,,,,,,,,,,,,,,,,,,https://cdn.shopify.com/s/files/1/0454/5845/6736/files/kisu_libero_7.jpg?v=1765979041,9,"",,,,,,,,,,,,,,,,,,,,,,,,
anzol-kisu-libero-premium-quimipoint-pct-com-15,,,,,,,,,,,,,,,,,,,,,,,,,,,,,,,,https://cdn.shopify.com/s/files/1/0454/5845/6736/files/kisu_libero_8.jpg?v=1765979041,10,"",,,,,,,,,,,,,,,,,,,,,,,,
anzol-kisu-libero-premium-quimipoint-pct-com-15-copia,Anzol Atleta Kisu Premium QUIMIPOINT,"<p><span data-sheets-root=""1"">Anzol Atleta Kisu Premium Quimipoint – Chumbada Oficial <br><br>O Atleta Kisu Premium Quimipoint, da Chumbada Oficial, é o anzol ideal para quem busca versatilidade, resistência e alto desempenho em qualquer tipo de pescaria. Com design próprio e cuidadosamente desenvolvido, ele combina força, precisão e eficiência em um único modelo. <br><br>Com formato muito parecido ao consagrado Akita Kitsune, o Atleta Kisu se diferencia por ter um gap levemente maior, oferecendo uma fisgada ainda mais certeira, além de ser mais resistente, suportando bem peixes mais fortes ou briguentos. <br><br>Características principais: <br>• Formato Coringa: Um anzol universal, que se adapta perfeitamente a diversos tipos de pesca e espécies. Seja no rio, mar ou pesqueiro, ele entrega resultado. <br>• Gap Levemente Maior: Ideal para o uso com iscas como camarão, lula e outras menores, favorecendo a apresentação da isca e aumentando a eficiência da fisgada. <br>• Alta Resistência: Estrutura reforçada, com ponta Quimipoint super afiada, garantindo penetração fácil e segura. <br>• Revestimento Anticorrosivo: Excelente durabilidade em ambientes de água salgada e doce. <br><br>O Atleta Kisu Premium Quimipoint é aquele anzol que não pode faltar no seu estojo: forte, afiado e pronto para qualquer situação. <br>Tamanhos disponíveis: #4#5#6#7#8#9</span></p>",Chumbada Oficial,Artigos esportivos > Atividades ao ar livre > Pesca > Equipamento de pesca > Anzóis para pesca > Anzóis de pesca individuais,"","Anzois, Anzol, Atleta Kisu, premium, Quimipoint, Todos",true,Tamanho,4,,Pacote,15 unidades,,,,,IPA10240,0.0,shopify,39,deny,manual,24.00,,true,false,,,,,,https://cdn.shopify.com/s/files/1/0454/5845/6736/files/Atleta_kisu_9.jpg?v=1765978727,1,"",false,,,,,,,,,,,,,,,,,,,https://cdn.shopify.com/s/files/1/0454/5845/6736/files/Atleta_kisu_4.jpg?v=1765978727,kg,,,active
anzol-kisu-libero-premium-quimipoint-pct-com-15-copia,,,,,,,,,5,,,15 unidades,,,,,IPA10241,0.0,shopify,44,deny,manual,24.00,,true,false,,,,,,https://cdn.shopify.com/s/files/1/0454/5845/6736/files/Atleta_kisu_6.jpg?v=1765978727,2,"",,,,,,,,,,,,,,,,,,,,https://cdn.shopify.com/s/files/1/0454/5845/6736/files/Atleta_kisu_55.jpg?v=1765978727,kg,,,
anzol-kisu-libero-premium-quimipoint-pct-com-15-copia,,,,,,,,,6,,,15 unidades,,,,,IPA10242,0.0,shopify,43,deny,manual,24.00,,true,false,,,,,,https://cdn.shopify.com/s/files/1/0454/5845/6736/files/Atleta_kisu_4.jpg?v=1765978727,3,"",,,,,,,,,,,,,,,,,,,,https://cdn.shopify.com/s/files/1/0454/5845/6736/files/Atleta_kisu_6.jpg?v=1765978727,kg,,,
anzol-kisu-libero-premium-quimipoint-pct-com-15-copia,,,,,,,,,7,,,15 unidades,,,,,IPA10243,0.0,shopify,45,deny,manual,24.00,,true,false,,,,,,https://cdn.shopify.com/s/files/1/0454/5845/6736/files/Atleta_kisu_7.jpg?v=1765978727,4,"",,,,,,,,,,,,,,,,,,,,https://cdn.shopify.com/s/files/1/0454/5845/6736/files/Atleta_kisu_7.jpg?v=1765978727,kg,,,
anzol-kisu-libero-premium-quimipoint-pct-com-15-copia,,,,,,,,,8,,,15 unidades,,,,,IPA10244,0.0,shopify,43,deny,manual,24.00,,true,false,,,,,,https://cdn.shopify.com/s/files/1/0454/5845/6736/files/Atleta_kisu_8.jpg?v=1765978727,5,"",,,,,,,,,,,,,,,,,,,,https://cdn.shopify.com/s/files/1/0454/5845/6736/files/Atleta_kisu_8.jpg?v=1765978727,kg,,,
anzol-kisu-libero-premium-quimipoint-pct-com-15-copia,,,,,,,,,9,,,15 unidades,,,,,IPA10245,0.0,shopify,51,deny,manual,24.00,,true,false,,,,,"",https://cdn.shopify.com/s/files/1/0454/5845/6736/files/Atleta_kisu_55.jpg?v=1765978727,6,"",,,,,,,,,,,,,,,,,,,,https://cdn.shopify.com/s/files/1/0454/5845/6736/files/Atleta_kisu_9.jpg?v=1765978727,kg,,,
anzol-first-kisu-premium-quimipoint-pct-com-15,Anzol First Kisu Premium (Pct com 15),"<style type=""text/css""><!--br {mso-data-placement:same-cell;}--></style>
<style type=""text/css""><!--br {mso-data-placement:same-cell;}--></style>
<p><span data-sheets-root=""1"">Anzol First Kisu – Precisão e Desempenho em Cada Fisgada<br>O First Kisu é um anzol de alta performance, desenvolvido com foco em competições de pesca, onde cada detalhe faz a diferença. Extremamente afiado e com ponta envenenada, oferece fisgadas rápidas e precisas mesmo com os toques mais sutis.<br><br>A ponta envenenada consiste em uma leve inclinação lateral da ponta do anzol em relação à haste, o que proporciona uma fisgada instantânea no momento exato em que o peixe sente o anzol e cospe a isca. Essa torção sutil transforma o comportamento natural do peixe em uma vantagem para o pescador, fisgando no reflexo da tentativa de escapar.<br><br>Seu formato foi pensado para oferecer o equilíbrio ideal entre resistência e sensibilidade. Leve, discreto e com excelente penetração, é perfeito para pescarias técnicas, especialmente em praias ou pesqueiros que exigem precisão.<br><br>Disponível em embalagem com 15 unidades, o First Kisu é o anzol ideal para quem busca desempenho profissional em qualquer tipo de pescaria.</span><br></p>",Chumbada Oficial,Artigos esportivos > Atividades ao ar livre > Pesca > Equipamento de pesca > Anzóis para pesca > Anzóis de pesca individuais,"","Anzois, Anzol, First Kisu, premium, Todos",true,Tamanho,5,,Pacote,15 unidades,,,,,IPA10267,0.0,shopify,-42,deny,manual,24.00,,true,false,,,,,,https://cdn.shopify.com/s/files/1/0454/5845/6736/files/IMG_7673.jpg?v=1765978477,1,"",false,,,,,,,,,,,,,,,,,,,https://cdn.shopify.com/s/files/1/0454/5845/6736/files/IMG_7673.jpg?v=1765978477,kg,,,active
anzol-first-kisu-premium-quimipoint-pct-com-15,,,,,,,,,6,,,15 unidades,,,,,IPA10268,0.0,,-37,deny,manual,24.00,,true,false,,,,,,https://cdn.shopify.com/s/files/1/0454/5845/6736/files/IMG_7674.jpg?v=1765978477,2,"",,,,,,,,,,,,,,,,,,,,https://cdn.shopify.com/s/files/1/0454/5845/6736/files/IMG_7679.jpg?v=1765978477,kg,,,
anzol-first-kisu-premium-quimipoint-pct-com-15,,,,,,,,,7,,,15 unidades,,,,,IPA10269,0.0,,-53,deny,manual,24.00,,true,false,,,,,,https://cdn.shopify.com/s/files/1/0454/5845/6736/files/IMG_7675.jpg?v=1765978477,3,"",,,,,,,,,,,,,,,,,,,,https://cdn.shopify.com/s/files/1/0454/5845/6736/files/IMG_7680.jpg?v=1765978477,kg,,,
anzol-first-kisu-premium-quimipoint-pct-com-15,,,,,,,,,8,,,15 unidades,,,,,IPA10270,0.0,shopify,-33,deny,manual,24.00,,true,false,,,,,,https://cdn.shopify.com/s/files/1/0454/5845/6736/files/IMG_7676.jpg?v=1765978477,4,"",,,,,,,,,,,,,,,,,,,,https://cdn.shopify.com/s/files/1/0454/5845/6736/files/IMG_7678.jpg?v=1765978477,kg,,,
anzol-first-kisu-premium-quimipoint-pct-com-15,,,,,,,,,,,,,,,,,,,,,,,,,,,,,,,,https://cdn.shopify.com/s/files/1/0454/5845/6736/files/IMG_7677.jpg?v=1765978477,5,"",,,,,,,,,,,,,,,,,,,,,,,,
anzol-first-kisu-premium-quimipoint-pct-com-15,,,,,,,,,,,,,,,,,,,,,,,,,,,,,,,,https://cdn.shopify.com/s/files/1/0454/5845/6736/files/IMG_7678_1.jpg?v=1765978477,6,"",,,,,,,,,,,,,,,,,,,,,,,,
anzol-first-kisu-premium-quimipoint-pct-com-15,,,,,,,,,,,,,,,,,,,,,,,,,,,,,,,,https://cdn.shopify.com/s/files/1/0454/5845/6736/files/IMG_7678.jpg?v=1765978477,7,"",,,,,,,,,,,,,,,,,,,,,,,,
anzol-first-kisu-premium-quimipoint-pct-com-15,,,,,,,,,,,,,,,,,,,,,,,,,,,,,,,,https://cdn.shopify.com/s/files/1/0454/5845/6736/files/IMG_7679.jpg?v=1765978477,8,"",,,,,,,,,,,,,,,,,,,,,,,,
anzol-first-kisu-premium-quimipoint-pct-com-15,,,,,,,,,,,,,,,,,,,,,,,,,,,,,,,,https://cdn.shopify.com/s/files/1/0454/5845/6736/files/IMG_7680.jpg?v=1765978477,9,"",,,,,,,,,,,,,,,,,,,,,,,,
anzol-a1-kisu-premium-quimipoint-pct-com-15,Anzol A1 Kisu Premium QUIMIPOINT (Pct com 15),"<style type=""text/css""><!--br {mso-data-placement:same-cell;}--></style>
<p><span data-sheets-root=""1"">Anzol A1 Kisu Premium Quimipoint<br>O A1 Kisu Premium Quimipoint foi desenvolvido para pescadores que buscam alto desempenho, precisão e confiabilidade, mesmo em condições desafiadoras. Ele combina afiação extrema com resistência superior, oferecendo um dos melhores custos-benefícios do mercado para pesca técnica e refinada.<br><br>Sua principal inovação está na tecnologia Quimipoint, um avançado processo de afiação química que resulta em uma ponta extremamente fina e penetrante. Essa tecnologia proporciona o mais alto nível de afiação disponível atualmente, garantindo fisgadas rápidas e seguras mesmo com toques sutis dos peixes.<br><br>A composição metálica da linha A1 utiliza uma liga especial de tungstênio e vanádio, que confere ao anzol:<br><br>Até 20% mais resistência à tração em comparação com ligas convencionais;<br><br>25% mais dureza, mantendo a ponta afiada por muito mais tempo;<br><br>100% mais resistência ao desgaste, assegurando durabilidade superior mesmo após várias pescarias.<br><br>Outro diferencial importante é sua haste prolongada, que permite iscar com maior quantidade ou comprimento de isca, mesmo se tratando de um anzol de tamanho pequeno. Essa característica aumenta a atratividade da isca e melhora a apresentação ao peixe, sem comprometer a sutileza necessária em pescarias mais técnicas.<br><br>Tamanhos disponíveis:<br>#2,5 – #4 – #5 – #6 – #7 – #8<br><br>O A1 Kisu Premium Quimipoint é indicado para pescarias que exigem sensibilidade, precisão e firmeza, como pesca de praia, rios e tilápias, com iscas naturais ou artificiais de pequeno porte</span></p>",Chumbada Oficial,Artigos esportivos > Atividades ao ar livre > Pesca > Equipamento de pesca > Anzóis para pesca > Anzóis de pesca individuais,"","Anzois, Anzol, premium, Quimipoint, Todos",true,Pacote,15 unidades,,Tamanho,2.5,,,,,PA12741,0.0,,-40,deny,manual,24.00,,true,false,,,,,"",https://cdn.shopify.com/s/files/1/0454/5845/6736/files/a1_kisu_7a.jpg?v=1765978068,1,"",false,,,3359,,,,,,,,,,,,,,,,https://cdn.shopify.com/s/files/1/0454/5845/6736/files/a1_kisu_2.5.jpg?v=1765978068,kg,,,active
anzol-a1-kisu-premium-quimipoint-pct-com-15,,,,,,,,,15 unidades,,,4,,,,,IPA10246,0.0,,-34,deny,manual,24.00,,true,false,,,,,"",https://cdn.shopify.com/s/files/1/0454/5845/6736/files/a1_kisu_25.jpg?v=1765978068,2,"",,,,,,,,,,,,,,,,,,,,https://cdn.shopify.com/s/files/1/0454/5845/6736/files/a1_kisu_4a.jpg?v=1765978068,kg,,,
anzol-a1-kisu-premium-quimipoint-pct-com-15,,,,,,,,,15 unidades,,,5,,,,,IPA10247,0.0,,-30,deny,manual,24.00,,true,false,,,,,"",https://cdn.shopify.com/s/files/1/0454/5845/6736/files/a1_kisu_4a.jpg?v=1765978068,3,"",,,,,,,,,,,,,,,,,,,,https://cdn.shopify.com/s/files/1/0454/5845/6736/files/a1_kisu_5a.jpg?v=1765978068,kg,,,
anzol-a1-kisu-premium-quimipoint-pct-com-15,,,,,,,,,15 unidades,,,6,,,,,IPA10248,0.0,,-25,deny,manual,24.00,,true,false,,,,,"",https://cdn.shopify.com/s/files/1/0454/5845/6736/files/a1_kisu_6a.jpg?v=1765978068,4,"",,,,,,,,,,,,,,,,,,,,https://cdn.shopify.com/s/files/1/0454/5845/6736/files/a1_kisu_6a.jpg?v=1765978068,kg,,,
anzol-a1-kisu-premium-quimipoint-pct-com-15,,,,,,,,,15 unidades,,,7,,,,,IPA10249,0.0,,-25,deny,manual,24.00,,true,false,,,,,"",https://cdn.shopify.com/s/files/1/0454/5845/6736/files/a1_kisu_5a.jpg?v=1765978068,5,"",,,,,,,,,,,,,,,,,,,,https://cdn.shopify.com/s/files/1/0454/5845/6736/files/a1_kisu_7a.jpg?v=1765978068,kg,,,
anzol-a1-kisu-premium-quimipoint-pct-com-15,,,,,,,,,15 unidades,,,8,,,,,IPA10250,0.0,shopify,-25,deny,manual,24.00,,true,false,,,,,"",https://cdn.shopify.com/s/files/1/0454/5845/6736/files/a1_kisu_2.5.jpg?v=1765978068,6,"",,,,,,,,,,,,,,,,,,,,https://cdn.shopify.com/s/files/1/0454/5845/6736/files/a1_kisu_8a.jpg?v=1765978068,kg,,,
anzol-a1-kisu-premium-quimipoint-pct-com-15,,,,,,,,,,,,,,,,,,,,,,,,,,,,,,,,https://cdn.shopify.com/s/files/1/0454/5845/6736/files/a1_kisu_8a.jpg?v=1765978068,7,"",,,,,,,,,,,,,,,,,,,,,,,,
anzol-a1-kisu-premium-quimipoint-pct-com-15,,,,,,,,,,,,,,,,,,,,,,,,,,,,,,,,https://cdn.shopify.com/s/files/1/0454/5845/6736/files/a1_kisu_6.jpg?v=1765978068,8,"",,,,,,,,,,,,,,,,,,,,,,,,
anzol-a1-kisu-premium-quimipoint-pct-com-15,,,,,,,,,,,,,,,,,,,,,,,,,,,,,,,,https://cdn.shopify.com/s/files/1/0454/5845/6736/files/a1_kisu_4.jpg?v=1765978068,9,"",,,,,,,,,,,,,,,,,,,,,,,,
anzol-a1-kisu-premium-quimipoint-pct-com-15,,,,,,,,,,,,,,,,,,,,,,,,,,,,,,,,https://cdn.shopify.com/s/files/1/0454/5845/6736/files/a1_kisu_8.jpg?v=1765978068,10,"",,,,,,,,,,,,,,,,,,,,,,,,
anzol-a1-kisu-premium-quimipoint-pct-com-15,,,,,,,,,,,,,,,,,,,,,,,,,,,,,,,,https://cdn.shopify.com/s/files/1/0454/5845/6736/files/a1_kisu_7.jpg?v=1765978068,11,"",,,,,,,,,,,,,,,,,,,,,,,,
anzol-a1-kisu-premium-quimipoint-pct-com-15,,,,,,,,,,,,,,,,,,,,,,,,,,,,,,,,https://cdn.shopify.com/s/files/1/0454/5845/6736/files/a1_kisu_5.jpg?v=1765978068,12,"",,,,,,,,,,,,,,,,,,,,,,,,
anzol-a5-kisu-premium-quimipoint-pacote-com-15,Anzol A5 Kisu Premium Quimipoint (Pct com 15),"<p><span data-sheets-root=""1"">Anzol Chumbada Oficial A5 Kisu Premium Quimipoint – Fisgada Rápida, Peixe na Mão<br><br>O A5 Kisu Premium Quimipoint, da Chumbada Oficial, é um anzol desenvolvido para quem busca máxima eficiência na fisgada e mínimo risco de escape. Com a avançada tecnologia Quimipoint, sua ponta é afiada quimicamente, proporcionando penetração imediata, mesmo nos toques mais leves.<br><br>Seu grande diferencial está no design, que segura o peixe com firmeza, evitando que ele escape após a fisgada — uma vantagem decisiva, principalmente em pescarias em praias de tombo, onde muitos peixes se soltam antes de serem recolhidos. Ideal para competições.<br><br>Por ser um anzol delicado e preciso, ele não comporta muita isca, sendo ideal para pescarias de longa distância, onde é necessário leveza e aerodinâmica. Também se destaca nas pescarias de tilápia, sendo extremamente sensível e eficiente.<br><br>Destaques do A5 Kisu Premium Quimipoint:<br><br>Tecnologia Quimipoint: ponta afiada quimicamente para fisgadas certeiras<br><br>Design Kisu com alta retenção: o peixe bate e fica<br><br>Ideal para pesca de praia (tombo) e longos arremessos<br><br>Excelente para tilápias e peixes que exigem sensibilidade<br><br>Aço carbono de alta resistência e acabamento anti-reflexo<br><br>Chumbada Oficial A5 Kisu – Fisgada rápida. Segurança total. Peixe garantido</span></p>",Chumbada Oficial,Artigos esportivos > Atividades ao ar livre > Pesca > Equipamento de pesca > Anzóis para pesca,"","A5 Kisu, Anzois, Anzol, premium, Quimipoint, Todos",true,Tamanho,4,,,,,,,,IPA10259,0.0,shopify,106,deny,manual,24.00,,true,false,,,,,"",https://cdn.shopify.com/s/files/1/0454/5845/6736/files/A5_kisu_6a.jpg?v=1765977548,1,"",false,,,3359,,,,,,,,,,,,,,,,https://cdn.shopify.com/s/files/1/0454/5845/6736/files/A5_kisu_5a.jpg?v=1765977548,kg,,,active
anzol-a5-kisu-premium-quimipoint-pacote-com-15,,,,,,,,,5,,,,,,,,IPA10258,0.0,shopify,98,deny,manual,24.00,,true,false,,,,,"",https://cdn.shopify.com/s/files/1/0454/5845/6736/files/A5_kisu_4.jpg?v=1765977548,2,"",,,,,,,,,,,,,,,,,,,,https://cdn.shopify.com/s/files/1/0454/5845/6736/files/A5_kisu_5a.jpg?v=1765977548,kg,,,
anzol-a5-kisu-premium-quimipoint-pacote-com-15,,,,,,,,,6,,,,,,,,IPA10257,0.0,shopify,104,deny,manual,24.00,,true,false,,,,,"",https://cdn.shopify.com/s/files/1/0454/5845/6736/files/A5_kisu_4a.jpg?v=1765977548,3,"",,,,,,,,,,,,,,,,,,,,https://cdn.shopify.com/s/files/1/0454/5845/6736/files/A5_kisu_6a.jpg?v=1765977548,kg,,,
anzol-a5-kisu-premium-quimipoint-pacote-com-15,,,,,,,,,7,,,,,,,,IPA10256,0.0,shopify,100,deny,manual,24.00,,true,false,,,,,"",https://cdn.shopify.com/s/files/1/0454/5845/6736/files/A5_kisu_5.jpg?v=1765977548,4,"",,,,,,,,,,,,,,,,,,,,https://cdn.shopify.com/s/files/1/0454/5845/6736/files/A5_kisu_7a.jpg?v=1765977548,kg,,,
anzol-a5-kisu-premium-quimipoint-pacote-com-15,,,,,,,,,8,,,,,,,,IPA10260,0.0,shopify,123,deny,manual,24.00,,true,false,,,,,"",https://cdn.shopify.com/s/files/1/0454/5845/6736/files/A5_kisu_5a.jpg?v=1765977548,5,"",,,,,,,,,,,,,,,,,,,,https://cdn.shopify.com/s/files/1/0454/5845/6736/files/A5_kisu_8a.jpg?v=1765977548,kg,,,
anzol-a5-kisu-premium-quimipoint-pacote-com-15,,,,,,,,,9,,,,,,,,IPA10262,0.0,shopify,123,deny,manual,24.00,,true,false,,,,,"",https://cdn.shopify.com/s/files/1/0454/5845/6736/files/A5_kisu_6.jpg?v=1765977548,6,"",,,,,,,,,,,,,,,,,,,,https://cdn.shopify.com/s/files/1/0454/5845/6736/files/A5_kisu_9a.jpg?v=1765977548,kg,,,
anzol-a5-kisu-premium-quimipoint-pacote-com-15,,,,,,,,,10,,,,,,,,IPA10261,0.0,shopify,94,deny,manual,24.00,,true,false,,,,,"",https://cdn.shopify.com/s/files/1/0454/5845/6736/files/A5_kisu_7.jpg?v=1765977548,7,"",,,,,,,,,,,,,,,,,,,,https://cdn.shopify.com/s/files/1/0454/5845/6736/files/A5_kisu_10a.jpg?v=1765977548,kg,,,
anzol-a5-kisu-premium-quimipoint-pacote-com-15,,,,,,,,,,,,,,,,,,,,,,,,,,,,,,,,https://cdn.shopify.com/s/files/1/0454/5845/6736/files/A5_kisu_7a.jpg?v=1765977548,8,"",,,,,,,,,,,,,,,,,,,,,,,,
anzol-a5-kisu-premium-quimipoint-pacote-com-15,,,,,,,,,,,,,,,,,,,,,,,,,,,,,,,,https://cdn.shopify.com/s/files/1/0454/5845/6736/files/A5_kisu_8.jpg?v=1765977548,9,"",,,,,,,,,,,,,,,,,,,,,,,,
anzol-a5-kisu-premium-quimipoint-pacote-com-15,,,,,,,,,,,,,,,,,,,,,,,,,,,,,,,,https://cdn.shopify.com/s/files/1/0454/5845/6736/files/A5_kisu_8a.jpg?v=1765977548,10,"",,,,,,,,,,,,,,,,,,,,,,,,
anzol-a5-kisu-premium-quimipoint-pacote-com-15,,,,,,,,,,,,,,,,,,,,,,,,,,,,,,,,https://cdn.shopify.com/s/files/1/0454/5845/6736/files/A5_kisu_9.jpg?v=1765977548,11,"",,,,,,,,,,,,,,,,,,,,,,,,
anzol-a5-kisu-premium-quimipoint-pacote-com-15,,,,,,,,,,,,,,,,,,,,,,,,,,,,,,,,https://cdn.shopify.com/s/files/1/0454/5845/6736/files/A5_kisu_9a.jpg?v=1765977548,12,"",,,,,,,,,,,,,,,,,,,,,,,,
anzol-a5-kisu-premium-quimipoint-pacote-com-15,,,,,,,,,,,,,,,,,,,,,,,,,,,,,,,,https://cdn.shopify.com/s/files/1/0454/5845/6736/files/A5_kisu_10.jpg?v=1765977548,13,"",,,,,,,,,,,,,,,,,,,,,,,,
anzol-a5-kisu-premium-quimipoint-pacote-com-15,,,,,,,,,,,,,,,,,,,,,,,,,,,,,,,,https://cdn.shopify.com/s/files/1/0454/5845/6736/files/A5_kisu_10a.jpg?v=1765977548,14,"",,,,,,,,,,,,,,,,,,,,,,,,
anzol-a4-kisu-premium-quimipoint-pct-com-15,Anzol A4 Kisu Premium Quimipoint (Pct com 15),"<p>A4 KISU Premium Quimipoint – Chumbada Oficial</p>
<p>O A4 KISU Premium Quimipoint da Chumbada Oficial é a escolha ideal para pescarias de alto nível e competições. Disponível nos tamanhos 4, 5, 6, 7 e 8, ele é fabricado com aço super reforçado e conta com uma haste longa, perfeita para carregar mais isca e garantir uma apresentação impecável.</p>
<p>Seu gap possui o tamanho ideal para fisgadas firmes, enquanto a morte curta foi desenvolvida especialmente para capturar peixes rápidos de passagem, otimizando o desempenho nas pescarias mais exigentes.</p>
<p>Equipado com a inovadora tecnologia Quimipoint, o A4 KISU Premium entrega uma ponta extremamente afiada, utilizando o que há de mais moderno no mercado mundial em termos de afiação. A precisão e a durabilidade da ponta garantem fisgadas rápidas, eficazes e muito mais produtividade.</p>
<p>Características principais:<br> • Estrutura super reforçada para grandes desafios<br> • Haste longa para maior carga de isca<br> • Gap com tamanho ideal para competições<br> • Morte curta para peixes rápidos de passagem<br> • Tecnologia Quimipoint: ponta ultraafiada com a mais avançada tecnologia de afiação do mercado mundial<br> • Alta durabilidade e resistência ao desgaste</p>",Chumbada Oficial,Artigos esportivos > Atividades ao ar livre > Pesca > Equipamento de pesca > Anzóis para pesca,"","a4 kisu, Anzois, Anzol, premium, Quimipoint, Todos",true,Tamanho,4,,,,,,,,IPA10221,0.0,,-24,deny,manual,24.00,,true,false,,,,,,https://cdn.shopify.com/s/files/1/0454/5845/6736/files/a4_kisu_7a.jpg?v=1765976966,1,"",false,,,3359,,,,,,,,,,,,,,,,https://cdn.shopify.com/s/files/1/0454/5845/6736/files/a4_kisu_4a.jpg?v=1765976966,kg,,,active
anzol-a4-kisu-premium-quimipoint-pct-com-15,,,,,,,,,5,,,,,,,,IPA10222,0.0,,-16,deny,manual,24.00,,true,false,,,,,,https://cdn.shopify.com/s/files/1/0454/5845/6736/files/a4_kisu_4a.jpg?v=1765976966,2,"",,,,,,,,,,,,,,,,,,,,https://cdn.shopify.com/s/files/1/0454/5845/6736/files/a4_kisu_5a.jpg?v=1765976966,kg,,,
anzol-a4-kisu-premium-quimipoint-pct-com-15,,,,,,,,,6,,,,,,,,IPA10223,0.0,,-10,deny,manual,24.00,,true,false,,,,,,https://cdn.shopify.com/s/files/1/0454/5845/6736/files/a4_kisu_5a.jpg?v=1765976966,3,"",,,,,,,,,,,,,,,,,,,,https://cdn.shopify.com/s/files/1/0454/5845/6736/files/a4_kisu_6a.jpg?v=1765976966,kg,,,
anzol-a4-kisu-premium-quimipoint-pct-com-15,,,,,,,,,7,,,,,,,,IPA10224,0.0,,-6,deny,manual,24.00,,true,false,,,,,,https://cdn.shopify.com/s/files/1/0454/5845/6736/files/a4_kisu_6a.jpg?v=1765976966,4,"",,,,,,,,,,,,,,,,,,,,https://cdn.shopify.com/s/files/1/0454/5845/6736/files/a4_kisu_7a.jpg?v=1765976966,kg,,,
anzol-a4-kisu-premium-quimipoint-pct-com-15,,,,,,,,,8,,,,,,,,IPA10225,0.0,,-25,deny,manual,24.00,,true,false,,,,,,https://cdn.shopify.com/s/files/1/0454/5845/6736/files/a4_kisu_8a.jpg?v=1765976966,5,"",,,,,,,,,,,,,,,,,,,,https://cdn.shopify.com/s/files/1/0454/5845/6736/files/a4_kisu_8a.jpg?v=1765976966,kg,,,
anzol-aji-sendou-premium-pct-com-15,Anzol Aji Sendou Premium,"<p><span data-sheets-root=""1"">Aji Sendou Premium – Chumbada Oficial <br><br>O Aji Sendou Premium da Chumbada Oficial é um anzol especialmente desenvolvido para pescadores exigentes que buscam alto desempenho nas pescarias de praia. Seu design combina curvatura acentuada com haste curta, proporcionando fisgadas precisas, geralmente no “canivete” do peixe – ponto que aumenta as chances de captura e reduz o risco de o peixe escapar durante o recolhimento. Além disso, esse formato ajuda a evitar que o peixe engula o anzol, facilitando tanto o manuseio quanto a soltura quando necessário. <br><br>Produzido com aço de alta resistência e acabamento na cor verde, o anzol não só é durável e resistente à corrosão, como também se destaca como um atrativo visual para os peixes, simulando o brilho de pequenos organismos marinhos. Sua robustez permite o uso de iscas maiores como tatuíra, corrupto, camarão e outras mais volumosas, sendo ideal para quem busca peixes de médio a grande porte com eficiência e segurança. <br><br>Com o Aji Sendou Premium, você tem mais do que um anzol: tem uma ferramenta de confiança nas condições mais exigentes da pesca esportiva. <br>Tamanhos disponíveis: #9 #10 #11</span></p>",Chumbada Oficial,Artigos esportivos > Atividades ao ar livre > Pesca > Equipamento de pesca > Anzóis para pesca,"","aji sendou, Anzois, Anzol, premium, Todos",true,Tamanho,9,,Quantidade,Pacote com 15un,,,,,IPA10237,0.0,,-92,deny,manual,24.00,,true,false,,,,,"",https://cdn.shopify.com/s/files/1/0454/5845/6736/files/IMG_8086_7d42fece-60b4-438e-9e34-95b29d70143f.jpg?v=1765976176,1,"",false,,,3359,,,,,,,,,,,,,,,,https://cdn.shopify.com/s/files/1/0454/5845/6736/files/IMG_8088_3f08cce3-5b08-4211-95d8-4e94d8f17dc4.jpg?v=1765976176,kg,,,active
anzol-aji-sendou-premium-pct-com-15,,,,,,,,,10,,,Pacote com 15un,,,,,IPA10238,0.0,,-73,deny,manual,24.00,,true,false,,,,,"",https://cdn.shopify.com/s/files/1/0454/5845/6736/files/IMG_8088.jpg?v=1765976176,2,"",,,,,,,,,,,,,,,,,,,,https://cdn.shopify.com/s/files/1/0454/5845/6736/files/IMG_8087_89266ca9-741d-4f0b-935b-78b6e203037e.jpg?v=1765976176,kg,,,
anzol-aji-sendou-premium-pct-com-15,,,,,,,,,11,,,Pacote com 15un,,,,,IPA10239,0.0,,-67,deny,manual,24.00,,true,false,,,,,"",https://cdn.shopify.com/s/files/1/0454/5845/6736/files/IMG_8086.jpg?v=1765976176,3,"",,,,,,,,,,,,,,,,,,,,https://cdn.shopify.com/s/files/1/0454/5845/6736/files/IMG_8086_7d42fece-60b4-438e-9e34-95b29d70143f.jpg?v=1765976176,kg,,,
anzol-aji-sendou-premium-pct-com-15,,,,,,,,,,,,,,,,,,,,,,,,,,,,,,,,https://cdn.shopify.com/s/files/1/0454/5845/6736/files/IMG_8087.jpg?v=1765976176,4,"",,,,,,,,,,,,,,,,,,,,,,,,
anzol-aji-sendou-premium-pct-com-15,,,,,,,,,,,,,,,,,,,,,,,,,,,,,,,,https://cdn.shopify.com/s/files/1/0454/5845/6736/files/IMG_8088_3f08cce3-5b08-4211-95d8-4e94d8f17dc4.jpg?v=1765976176,5,"",,,,,,,,,,,,,,,,,,,,,,,,
anzol-aji-sendou-premium-pct-com-15,,,,,,,,,,,,,,,,,,,,,,,,,,,,,,,,https://cdn.shopify.com/s/files/1/0454/5845/6736/files/IMG_8087_89266ca9-741d-4f0b-935b-78b6e203037e.jpg?v=1765976176,6,"",,,,,,,,,,,,,,,,,,,,,,,,
anzol-fune-karei-premium-quimipoint-pct-com-15,Anzol Fune Karei Premium QUIMIPOINT,"<p><span data-sheets-root=""1"">O Anzol Fune Karei Premium Quimipoint da Chumbada Oficial foi desenvolvido com precisão e tecnologia de ponta para oferecer desempenho superior, resistência e versatilidade ao pescador moderno. <br><br>Principais características: <br>• Afiação Química Quimipoint: Uma das tecnologias mais inovadoras do mundo da pesca atualmente, garante uma ponta extremamente afiada, com penetração rápida e fisgadas precisas. <br>• Design de Pata: Haste reta e sem olho, ideal para amarração direta da linha. <br>• Cor: Preto, discreto e eficiente para pescarias em fundos variados. <br>• Alta Resistência: Fabricado com aço de altíssima qualidade, suporta tração intensa e é ideal para uso com iscas grandes e captura de peixes de grande porte. <br>• Versátil: Pode ser utilizado em pescarias de rio, praia, pesqueiros e também na pesca embarcada. <br><br>O Fune Karei Premium Quimipoint é a escolha ideal para quem busca performance, inovação e resistência em qualquer tipo de pescaria. <br>Tamanhos disponíveis: #11#13#14#15</span></p>",Chumbada Oficial,Artigos esportivos > Atividades ao ar livre > Pesca > Equipamento de pesca > Anzóis para pesca,"","Anzois, Anzol, fune karei, premium, Quimipoint, Todos",true,Tamanho,11,,Quantidade,Pacote com 15un,,,,,IPA10251,0.0,shopify,-30,deny,manual,24.00,,true,false,,,,,"",https://cdn.shopify.com/s/files/1/0454/5845/6736/files/fune_karei_11a.jpg?v=1765975803,1,"",false,,,3359,,,,,,,,,,,,,,,,https://cdn.shopify.com/s/files/1/0454/5845/6736/files/fune_karei_11a.jpg?v=1765975803,kg,,,active
anzol-fune-karei-premium-quimipoint-pct-com-15,,,,,,,,,13,,,Pacote com 15un,,,,,IPA10252,0.0,shopify,-25,deny,manual,24.00,,true,false,,,,,"",https://cdn.shopify.com/s/files/1/0454/5845/6736/files/fune_karei_13a.jpg?v=1765975803,2,"",,,,,,,,,,,,,,,,,,,,https://cdn.shopify.com/s/files/1/0454/5845/6736/files/fune_karei_13a.jpg?v=1765975803,kg,,,
anzol-fune-karei-premium-quimipoint-pct-com-15,,,,,,,,,14,,,Pacote com 15un,,,,,IPA10253,0.0,shopify,-23,deny,manual,24.00,,true,false,,,,,"",https://cdn.shopify.com/s/files/1/0454/5845/6736/files/fune_karei_14a.jpg?v=1765975803,3,"",,,,,,,,,,,,,,,,,,,,https://cdn.shopify.com/s/files/1/0454/5845/6736/files/fune_karei_14a.jpg?v=1765975803,kg,,,
anzol-fune-karei-premium-quimipoint-pct-com-15,,,,,,,,,15,,,Pacote com 15un,,,,,IPA10254,0.0,shopify,-20,deny,manual,24.00,,true,false,,,,,"",https://cdn.shopify.com/s/files/1/0454/5845/6736/files/fune_karei_15a.jpg?v=1765975803,4,"",,,,,,,,,,,,,,,,,,,,https://cdn.shopify.com/s/files/1/0454/5845/6736/files/fune_karei_15a.jpg?v=1765975803,kg,,,
anzol-yamame-premium-quimipoint-pct-com-15-copia,Anzol Yamame Premium QUIMIPOINT,"<p><span data-sheets-root=""1"">Anzol Yamame Premium Quimipoint – Chumbada Oficial <br><br>O Anzol Yamame Premium Quimipoint da Chumbada Oficial é meticulosamente projetado para pescadores que buscam máxima eficiência ao utilizar iscas maiores, como o corrupto pequeno. Seu design inovador apresenta um gap amplo, facilitando a acomodação de iscas volumosas e garantindo fisgadas mais eficazes. <br><br>A ponta elevada do anzol simplifica o processo de iscagem e é especialmente adequada para a captura de espécies com bocas de maior abertura, como pampo, parati e cangoa. Essa configuração aumenta significativamente a taxa de sucesso nas fisgadas, tornando-o um aliado indispensável na pesca dessas espécies. <br><br>Incorporando a tecnologia de afiação química Quimipoint, o Yamame Premium Quimipoint apresenta pontas ultrafinas e extremamente afiadas, garantindo fisgadas instantâneas e precisas, mesmo em toques sutis. Essa tecnologia assegura que o anzol penetre rapidamente, reduzindo a chance de o peixe escapar. <br><br>Além disso, o anzol possui um microfarpa que mantém o peixe seguro durante a recuperação, mas facilita a soltura quando necessário, ideal para pescadores que praticam o pesque e solte. Sua construção robusta e leve favorece a apresentação natural da isca, evitando que ela afunde na areia e perca eficiência. <br><br>Em resumo, o Anzol Yamame Premium Quimipoint combina design avançado, materiais de alta qualidade e tecnologia de ponta para oferecer uma experiência de pesca superior, especialmente ao lidar com iscas maiores e espécies de bocas amplas. <br>Tamanhos disponíveis: #3 #4 #5 #6 #7 #8</span></p>",Chumbada Oficial,Artigos esportivos > Atividades ao ar livre > Pesca > Equipamento de pesca > Anzóis para pesca,"","Anzois, Anzol, Quimipoint, Todos, Yamame",true,Tamanho,3,,Quantidade,Pacote com 15 unidades,,,,,IPA10226,0.0,,-15,deny,manual,24.00,,true,false,,,,,,https://cdn.shopify.com/s/files/1/0454/5845/6736/files/yamame_8a.jpg?v=1765978276,1,"",false,,,3359,,,,,,,,,,,,,,,,https://cdn.shopify.com/s/files/1/0454/5845/6736/files/yamame_3a.jpg?v=1765978276,kg,,,active
anzol-yamame-premium-quimipoint-pct-com-15-copia,,,,,,,,,4,,,Pacote com 15 unidades,,,,,IPA10227,0.0,,-15,deny,manual,24.00,,true,false,,,,,,https://cdn.shopify.com/s/files/1/0454/5845/6736/files/yamame_3a.jpg?v=1765978276,2,"",,,,,,,,,,,,,,,,,,,,https://cdn.shopify.com/s/files/1/0454/5845/6736/files/yamame_4a.jpg?v=1765978276,kg,,,
anzol-yamame-premium-quimipoint-pct-com-15-copia,,,,,,,,,5,,,Pacote com 15 unidades,,,,,IPA10228,0.0,,-6,deny,manual,24.00,,true,false,,,,,,https://cdn.shopify.com/s/files/1/0454/5845/6736/files/yamame_4a.jpg?v=1765978276,3,"",,,,,,,,,,,,,,,,,,,,https://cdn.shopify.com/s/files/1/0454/5845/6736/files/yamame_5a.jpg?v=1765978276,kg,,,
anzol-yamame-premium-quimipoint-pct-com-15-copia,,,,,,,,,6,,,Pacote com 15 unidades,,,,,IPA10229,0.0,,-16,deny,manual,24.00,,true,false,,,,,,https://cdn.shopify.com/s/files/1/0454/5845/6736/files/yamame_5a.jpg?v=1765978276,4,"",,,,,,,,,,,,,,,,,,,,https://cdn.shopify.com/s/files/1/0454/5845/6736/files/yamame_6a.jpg?v=1765978276,kg,,,
anzol-yamame-premium-quimipoint-pct-com-15-copia,,,,,,,,,7,,,Pacote com 15 unidades,,,,,IPA10230,0.0,,-15,deny,manual,24.00,,true,false,,,,,"",https://cdn.shopify.com/s/files/1/0454/5845/6736/files/yamame_6a.jpg?v=1765978276,5,"",,,,,,,,,,,,,,,,,,,,https://cdn.shopify.com/s/files/1/0454/5845/6736/files/yamame_7a.jpg?v=1765978276,kg,,,
anzol-yamame-premium-quimipoint-pct-com-15-copia,,,,,,,,,8,,,Pacote com 15 unidades,,,,,IPA10231,0.0,,-20,deny,manual,24.00,,true,false,,,,,"",https://cdn.shopify.com/s/files/1/0454/5845/6736/files/yamame_7a.jpg?v=1765978276,6,"",,,,,,,,,,,,,,,,,,,,https://cdn.shopify.com/s/files/1/0454/5845/6736/files/yamame_8a.jpg?v=1765978276,kg,,,
jighead-aji,Jig Head AJI,"<p>JigHead AJI – Precisão na modalidade Ajing</p>
<p>O JigHead modelo AJI foi desenvolvido especialmente para a modalidade Ajing, garantindo máxima eficiência na pescaria ultrafinesse.</p>
<p>Atualmente disponível no #4 e nos pesos de 1g, 1.5g, 1.75g, 2g e 3 gramas, ele se destaca por seu anzol exclusivo, projetado para proporcionar fisgadas mais precisas e seguras:<br> • 🔹 Ultra afiado e super resistente – ideal para peixes que exigem sensibilidade e firmeza.<br> • 🔹 Olhal invertido – ao contrário dos anzóis comuns, libera mais espaço para o gap de fisgada, aumentando a eficiência.<br> • 🔹 Ponta aberta – desenvolvida para fisgar o peixe no exato momento em que ele tenta cuspir a isca, muitas vezes prendendo no céu da boca.</p>
<p>Mesmo sendo pequeno, o JigHead AJI tem um poder de fisgada surpreendente, tornando-se indispensável para quem busca produtividade e resultados consistentes na pescaria leve.</p>
<p>#Ajing #JigHeadAJI #UltraFinesse #PescaLeve #ChumbadaOficial #SoftBaits #IscasSoft #PescariaProdutiva #FishingLife #PescaEsportiva</p>",Chumbada Oficial,Artigos esportivos > Atividades ao ar livre > Pesca > Equipamento de pesca > Anzóis para pesca > Anzóis de pesca individuais,"","Aji, Anzois, Anzol, Jig Head, Todos",true,Tamanho,Ajing #4,,Peso,1g,,,,,JH420507010100004,0.0,,-229,deny,manual,3.89,,true,false,,,,,"",https://cdn.shopify.com/s/files/1/0454/5845/6736/files/jig-aji.jpg?v=1773839853,1,"",false,,,,,,,,,,,,,,,,,,,,kg,,,active
jighead-aji,,,,,,,,,Ajing #4,,,1.5g,,,,,JH420507010150004,0.0,,-771,deny,manual,3.97,,true,false,,,,,"",,,,,,,,,,,,,,,,,,,,,,,,kg,,,
jighead-aji,,,,,,,,,Ajing #4,,,1.75g,,,,,JH420507010175004,0.0,,-255,deny,manual,3.99,,true,false,,,,,"",,,,,,,,,,,,,,,,,,,,,,,,kg,,,
jighead-aji,,,,,,,,,Ajing #4,,,2g,,,,,JH420507010200004,0.0,,-646,deny,manual,4.05,,true,false,,,,,"",,,,,,,,,,,,,,,,,,,,,,,,kg,,,
jighead-aji,,,,,,,,,Ajing #4,,,3g,,,,,JH420507010300004,0.0,,-576,deny,manual,4.10,,true,false,,,,,"",,,,,,,,,,,,,,,,,,,,,,,,kg,,,
jig-head-de-olho,Jig Head de Olho 90°,"<p>🎯 JIG DE OLHO – MAIS ATAQUES, MAIS RESULTADOS!</p>
<p>O Jig de Olho da Chumbada Oficial é um jig head que leva um grande diferencial: um olho estrategicamente posicionado para aumentar o apelo visual da montagem, chamando mais a atenção dos peixes e estimulando ainda mais os ataques.</p>
<p>Mas não é apenas a presença do olho que faz a diferença. Enquanto muitos modelos possuem o olho centralizado, no Jig de Olho da Chumbada Oficial ele foi deslocado do centro de forma inteligente. Isso permite deixar o gap do anzol mais livre, melhorando a exposição da ponta e favorecendo fisgadas mais eficientes.</p>
<p>✅ Mais atratividade visual<br>✅ Mais ataques<br>✅ Gap do anzol mais livre<br>✅ Melhor eficiência na fisgada<br>✅ Ideal para diversas modalidades com iscas soft</p>
<p>Pequenos detalhes fazem grandes diferenças na pescaria. Experimente o Jig de Olho da Chumbada Oficial e aumente suas chances de sucesso a cada arremesso!<br></p>",Chumbada Oficial,Sem categoria,"","90 Graus, Isca, isca artificial, Jig Head, olho",true,Peso,10g,,Anzol,1/0,,Cor,Natural,,JH01011510101,11.0,,0,deny,manual,4.50,,true,true,,,,,,https://cdn.shopify.com/s/files/1/0454/5845/6736/files/jigdeolho.png?v=1780951080,1,"",false,,,,,,,,,,,,,,,,,,,https://cdn.shopify.com/s/files/1/0454/5845/6736/files/jig_head_de_olho_natural.jpg?v=1781701879,kg,,,active
jig-head-de-olho,,,,,,,,,10g,,,1/0,,,Amarelo,,JH01010810101,11.0,,0,deny,manual,6.00,,true,true,,,,,,https://cdn.shopify.com/s/files/1/0454/5845/6736/files/jig_head_de_olho_natural.jpg?v=1781701879,2,"",,,,,,,,,,,,,,,,,,,,https://cdn.shopify.com/s/files/1/0454/5845/6736/files/jigdeolho.png?v=1780951080,kg,,,
jig-head-de-olho,,,,,,,,,10g,,,1/0,,,Laranja,,JH01011610101,11.0,,0,deny,manual,6.00,,true,true,,,,,,https://cdn.shopify.com/s/files/1/0454/5845/6736/files/jig_head_de_olho_90_preto.jpg?v=1781701878,3,"",,,,,,,,,,,,,,,,,,,,,kg,,,
jig-head-de-olho,,,,,,,,,10g,,,1/0,,,Preto,,JH01011910101,11.0,,0,deny,manual,6.00,,true,true,,,,,,https://cdn.shopify.com/s/files/1/0454/5845/6736/files/jig_head_de_olho_natural_90_vermelho.jpg?v=1781701879,4,"",,,,,,,,,,,,,,,,,,,,https://cdn.shopify.com/s/files/1/0454/5845/6736/files/jig_head_de_olho_90_preto.jpg?v=1781701878,kg,,,
jig-head-de-olho,,,,,,,,,10g,,,1/0,,,Vermelho,,JH01011810101,11.0,,0,deny,manual,6.00,,true,true,,,,,,,,,,,,,,,,,,,,,,,,,,,,https://cdn.shopify.com/s/files/1/0454/5845/6736/files/jig_head_de_olho_natural_90_vermelho.jpg?v=1781701879,kg,,,
jig-head-de-olho,,,,,,,,,10g,,,2/0,,,Natural,,JH01011510202,11.0,,-2,deny,manual,4.50,,true,true,,,,,,,,,,,,,,,,,,,,,,,,,,,,https://cdn.shopify.com/s/files/1/0454/5845/6736/files/jig_head_de_olho_natural.jpg?v=1781701879,kg,,,
jig-head-de-olho,,,,,,,,,10g,,,2/0,,,Amarelo,,JH01010810202,11.0,,0,deny,manual,6.00,,true,true,,,,,,,,,,,,,,,,,,,,,,,,,,,,https://cdn.shopify.com/s/files/1/0454/5845/6736/files/jigdeolho.png?v=1780951080,kg,,,
jig-head-de-olho,,,,,,,,,10g,,,2/0,,,Laranja,,JH01011610202,11.0,,0,deny,manual,6.00,,true,true,,,,,,,,,,,,,,,,,,,,,,,,,,,,,kg,,,
jig-head-de-olho,,,,,,,,,10g,,,2/0,,,Preto,,JH01011910202,11.0,,0,deny,manual,6.00,,true,true,,,,,,,,,,,,,,,,,,,,,,,,,,,,https://cdn.shopify.com/s/files/1/0454/5845/6736/files/jig_head_de_olho_90_preto.jpg?v=1781701878,kg,,,
jig-head-de-olho,,,,,,,,,10g,,,2/0,,,Vermelho,,JH01011810202,11.0,,0,deny,manual,6.00,,true,true,,,,,,,,,,,,,,,,,,,,,,,,,,,,https://cdn.shopify.com/s/files/1/0454/5845/6736/files/jig_head_de_olho_natural_90_vermelho.jpg?v=1781701879,kg,,,
jig-head-de-olho,,,,,,,,,10g,,,3/0,,,Natural,,JH01011510303,11.0,,-2,deny,manual,4.50,,true,true,,,,,,,,,,,,,,,,,,,,,,,,,,,,https://cdn.shopify.com/s/files/1/0454/5845/6736/files/jig_head_de_olho_natural.jpg?v=1781701879,kg,,,
jig-head-de-olho,,,,,,,,,10g,,,3/0,,,Amarelo,,JH01010810303,11.0,,0,deny,manual,6.00,,true,true,,,,,,,,,,,,,,,,,,,,,,,,,,,,https://cdn.shopify.com/s/files/1/0454/5845/6736/files/jigdeolho.png?v=1780951080,kg,,,
jig-head-de-olho,,,,,,,,,10g,,,3/0,,,Laranja,,JH01011610303,11.0,,0,deny,manual,6.00,,true,true,,,,,,,,,,,,,,,,,,,,,,,,,,,,,kg,,,
jig-head-de-olho,,,,,,,,,10g,,,3/0,,,Preto,,JH01011910303,11.0,,0,deny,manual,6.00,,true,true,,,,,,,,,,,,,,,,,,,,,,,,,,,,https://cdn.shopify.com/s/files/1/0454/5845/6736/files/jig_head_de_olho_90_preto.jpg?v=1781701878,kg,,,
jig-head-de-olho,,,,,,,,,10g,,,3/0,,,Vermelho,,JH01011810303,11.0,,0,deny,manual,6.00,,true,true,,,,,,,,,,,,,,,,,,,,,,,,,,,,https://cdn.shopify.com/s/files/1/0454/5845/6736/files/jig_head_de_olho_natural_90_vermelho.jpg?v=1781701879,kg,,,
jig-head-de-olho,,,,,,,,,10g,,,4/0,,,Natural,,JH01011510404,11.0,,0,deny,manual,4.50,,true,true,,,,,,,,,,,,,,,,,,,,,,,,,,,,https://cdn.shopify.com/s/files/1/0454/5845/6736/files/jig_head_de_olho_natural.jpg?v=1781701879,kg,,,
jig-head-de-olho,,,,,,,,,10g,,,4/0,,,Amarelo,,JH01010810404,11.0,,0,deny,manual,6.00,,true,true,,,,,,,,,,,,,,,,,,,,,,,,,,,,https://cdn.shopify.com/s/files/1/0454/5845/6736/files/jigdeolho.png?v=1780951080,kg,,,
jig-head-de-olho,,,,,,,,,10g,,,4/0,,,Laranja,,JH01011610404,11.0,,0,deny,manual,6.00,,true,true,,,,,,,,,,,,,,,,,,,,,,,,,,,,,kg,,,
jig-head-de-olho,,,,,,,,,10g,,,4/0,,,Preto,,JH01011910404,11.0,,0,deny,manual,6.00,,true,true,,,,,,,,,,,,,,,,,,,,,,,,,,,,https://cdn.shopify.com/s/files/1/0454/5845/6736/files/jig_head_de_olho_90_preto.jpg?v=1781701878,kg,,,
jig-head-de-olho,,,,,,,,,10g,,,4/0,,,Vermelho,,JH01011810404,11.0,,0,deny,manual,6.00,,true,true,,,,,,,,,,,,,,,,,,,,,,,,,,,,https://cdn.shopify.com/s/files/1/0454/5845/6736/files/jig_head_de_olho_natural_90_vermelho.jpg?v=1781701879,kg,,,
jig-head-de-olho,,,,,,,,,10g,,,5/0,,,Natural,,JH01011510505,11.0,,-2,deny,manual,4.50,,true,true,,,,,,,,,,,,,,,,,,,,,,,,,,,,https://cdn.shopify.com/s/files/1/0454/5845/6736/files/jig_head_de_olho_natural.jpg?v=1781701879,kg,,,
jig-head-de-olho,,,,,,,,,10g,,,5/0,,,Amarelo,,JH01010810505,11.0,,0,deny,manual,6.00,,true,true,,,,,,,,,,,,,,,,,,,,,,,,,,,,https://cdn.shopify.com/s/files/1/0454/5845/6736/files/jigdeolho.png?v=1780951080,kg,,,
jig-head-de-olho,,,,,,,,,10g,,,5/0,,,Laranja,,JH01011610505,11.0,,0,deny,manual,6.00,,true,true,,,,,,,,,,,,,,,,,,,,,,,,,,,,,kg,,,
jig-head-de-olho,,,,,,,,,10g,,,5/0,,,Preto,,JH01011910505,11.0,,0,deny,manual,6.00,,true,true,,,,,,,,,,,,,,,,,,,,,,,,,,,,https://cdn.shopify.com/s/files/1/0454/5845/6736/files/jig_head_de_olho_90_preto.jpg?v=1781701878,kg,,,
jig-head-de-olho,,,,,,,,,10g,,,5/0,,,Vermelho,,JH01011810505,11.0,,0,deny,manual,6.00,,true,true,,,,,,,,,,,,,,,,,,,,,,,,,,,,https://cdn.shopify.com/s/files/1/0454/5845/6736/files/jig_head_de_olho_natural_90_vermelho.jpg?v=1781701879,kg,,,
jig-head-de-olho,,,,,,,,,10g,,,6/0,,,Natural,,JH01011510606,11.0,,-2,deny,manual,4.50,,true,true,,,,,,,,,,,,,,,,,,,,,,,,,,,,https://cdn.shopify.com/s/files/1/0454/5845/6736/files/jig_head_de_olho_natural.jpg?v=1781701879,kg,,,
jig-head-de-olho,,,,,,,,,10g,,,6/0,,,Amarelo,,JH01010810606,11.0,,0,deny,manual,6.00,,true,true,,,,,,,,,,,,,,,,,,,,,,,,,,,,https://cdn.shopify.com/s/files/1/0454/5845/6736/files/jigdeolho.png?v=1780951080,kg,,,
jig-head-de-olho,,,,,,,,,10g,,,6/0,,,Laranja,,JH01011610606,11.0,,0,deny,manual,6.00,,true,true,,,,,,,,,,,,,,,,,,,,,,,,,,,,,kg,,,
jig-head-de-olho,,,,,,,,,10g,,,6/0,,,Preto,,JH01011910606,11.0,,0,deny,manual,6.00,,true,true,,,,,,,,,,,,,,,,,,,,,,,,,,,,https://cdn.shopify.com/s/files/1/0454/5845/6736/files/jig_head_de_olho_90_preto.jpg?v=1781701878,kg,,,
jig-head-de-olho,,,,,,,,,10g,,,6/0,,,Vermelho,,JH01011810606,11.0,,0,deny,manual,6.00,,true,true,,,,,,,,,,,,,,,,,,,,,,,,,,,,https://cdn.shopify.com/s/files/1/0454/5845/6736/files/jig_head_de_olho_natural_90_vermelho.jpg?v=1781701879,kg,,,
jig-head-de-olho,,,,,,,,,14g,,,1/0,,,Natural,,JH01011514101,15.0,,0,deny,manual,4.50,,true,true,,,,,,,,,,,,,,,,,,,,,,,,,,,,https://cdn.shopify.com/s/files/1/0454/5845/6736/files/jig_head_de_olho_natural.jpg?v=1781701879,kg,,,
jig-head-de-olho,,,,,,,,,14g,,,1/0,,,Amarelo,,JH01010814101,15.0,,0,deny,manual,6.00,,true,true,,,,,,,,,,,,,,,,,,,,,,,,,,,,https://cdn.shopify.com/s/files/1/0454/5845/6736/files/jigdeolho.png?v=1780951080,kg,,,
jig-head-de-olho,,,,,,,,,14g,,,1/0,,,Laranja,,JH01011614101,15.0,,0,deny,manual,6.00,,true,true,,,,,,,,,,,,,,,,,,,,,,,,,,,,,kg,,,
jig-head-de-olho,,,,,,,,,14g,,,1/0,,,Preto,,JH01011914101,15.0,,0,deny,manual,6.00,,true,true,,,,,,,,,,,,,,,,,,,,,,,,,,,,https://cdn.shopify.com/s/files/1/0454/5845/6736/files/jig_head_de_olho_90_preto.jpg?v=1781701878,kg,,,
jig-head-de-olho,,,,,,,,,14g,,,1/0,,,Vermelho,,JH01011814101,15.0,,0,deny,manual,6.00,,true,true,,,,,,,,,,,,,,,,,,,,,,,,,,,,https://cdn.shopify.com/s/files/1/0454/5845/6736/files/jig_head_de_olho_natural_90_vermelho.jpg?v=1781701879,kg,,,
jig-head-de-olho,,,,,,,,,14g,,,2/0,,,Natural,,JH01011514202,15.0,,0,deny,manual,4.50,,true,true,,,,,,,,,,,,,,,,,,,,,,,,,,,,https://cdn.shopify.com/s/files/1/0454/5845/6736/files/jig_head_de_olho_natural.jpg?v=1781701879,kg,,,
jig-head-de-olho,,,,,,,,,14g,,,2/0,,,Amarelo,,JH01010814202,15.0,,0,deny,manual,6.00,,true,true,,,,,,,,,,,,,,,,,,,,,,,,,,,,https://cdn.shopify.com/s/files/1/0454/5845/6736/files/jigdeolho.png?v=1780951080,kg,,,
jig-head-de-olho,,,,,,,,,14g,,,2/0,,,Laranja,,JH01011614202,15.0,,0,deny,manual,6.00,,true,true,,,,,,,,,,,,,,,,,,,,,,,,,,,,,kg,,,
jig-head-de-olho,,,,,,,,,14g,,,2/0,,,Preto,,JH01011914202,15.0,,0,deny,manual,6.00,,true,true,,,,,,,,,,,,,,,,,,,,,,,,,,,,https://cdn.shopify.com/s/files/1/0454/5845/6736/files/jig_head_de_olho_90_preto.jpg?v=1781701878,kg,,,
jig-head-de-olho,,,,,,,,,14g,,,2/0,,,Vermelho,,JH01011814202,15.0,,0,deny,manual,6.00,,true,true,,,,,,,,,,,,,,,,,,,,,,,,,,,,https://cdn.shopify.com/s/files/1/0454/5845/6736/files/jig_head_de_olho_natural_90_vermelho.jpg?v=1781701879,kg,,,
jig-head-de-olho,,,,,,,,,14g,,,3/0,,,Natural,,JH01011514303,15.0,,0,deny,manual,4.50,,true,true,,,,,,,,,,,,,,,,,,,,,,,,,,,,https://cdn.shopify.com/s/files/1/0454/5845/6736/files/jig_head_de_olho_natural.jpg?v=1781701879,kg,,,
jig-head-de-olho,,,,,,,,,14g,,,3/0,,,Amarelo,,JH01010814303,15.0,,0,deny,manual,6.00,,true,true,,,,,,,,,,,,,,,,,,,,,,,,,,,,https://cdn.shopify.com/s/files/1/0454/5845/6736/files/jigdeolho.png?v=1780951080,kg,,,
jig-head-de-olho,,,,,,,,,14g,,,3/0,,,Laranja,,JH01011614303,15.0,,0,deny,manual,6.00,,true,true,,,,,,,,,,,,,,,,,,,,,,,,,,,,,kg,,,
jig-head-de-olho,,,,,,,,,14g,,,3/0,,,Preto,,JH01011914303,15.0,,0,deny,manual,6.00,,true,true,,,,,,,,,,,,,,,,,,,,,,,,,,,,https://cdn.shopify.com/s/files/1/0454/5845/6736/files/jig_head_de_olho_90_preto.jpg?v=1781701878,kg,,,
jig-head-de-olho,,,,,,,,,14g,,,3/0,,,Vermelho,,JH01011814303,15.0,,0,deny,manual,6.00,,true,true,,,,,,,,,,,,,,,,,,,,,,,,,,,,https://cdn.shopify.com/s/files/1/0454/5845/6736/files/jig_head_de_olho_natural_90_vermelho.jpg?v=1781701879,kg,,,
jig-head-de-olho,,,,,,,,,14g,,,4/0,,,Natural,,JH01011514404,15.0,,0,deny,manual,4.50,,true,true,,,,,,,,,,,,,,,,,,,,,,,,,,,,https://cdn.shopify.com/s/files/1/0454/5845/6736/files/jig_head_de_olho_natural.jpg?v=1781701879,kg,,,
jig-head-de-olho,,,,,,,,,14g,,,4/0,,,Amarelo,,JH01010814404,15.0,,-4,deny,manual,6.00,,true,true,,,,,,,,,,,,,,,,,,,,,,,,,,,,https://cdn.shopify.com/s/files/1/0454/5845/6736/files/jigdeolho.png?v=1780951080,kg,,,
jig-head-de-olho,,,,,,,,,14g,,,4/0,,,Laranja,,JH01011614404,15.0,,0,deny,manual,6.00,,true,true,,,,,,,,,,,,,,,,,,,,,,,,,,,,,kg,,,
jig-head-de-olho,,,,,,,,,14g,,,4/0,,,Preto,,JH01011914404,15.0,,0,deny,manual,6.00,,true,true,,,,,,,,,,,,,,,,,,,,,,,,,,,,https://cdn.shopify.com/s/files/1/0454/5845/6736/files/jig_head_de_olho_90_preto.jpg?v=1781701878,kg,,,
jig-head-de-olho,,,,,,,,,14g,,,4/0,,,Vermelho,,JH01011814404,15.0,,0,deny,manual,6.00,,true,true,,,,,,,,,,,,,,,,,,,,,,,,,,,,https://cdn.shopify.com/s/files/1/0454/5845/6736/files/jig_head_de_olho_natural_90_vermelho.jpg?v=1781701879,kg,,,
jig-head-de-olho,,,,,,,,,14g,,,5/0,,,Natural,,JH01011514505,15.0,,0,deny,manual,4.50,,true,true,,,,,,,,,,,,,,,,,,,,,,,,,,,,https://cdn.shopify.com/s/files/1/0454/5845/6736/files/jig_head_de_olho_natural.jpg?v=1781701879,kg,,,
jig-head-de-olho,,,,,,,,,14g,,,5/0,,,Amarelo,,JH01010814505,15.0,,-4,deny,manual,6.00,,true,true,,,,,,,,,,,,,,,,,,,,,,,,,,,,https://cdn.shopify.com/s/files/1/0454/5845/6736/files/jigdeolho.png?v=1780951080,kg,,,
jig-head-de-olho,,,,,,,,,14g,,,5/0,,,Laranja,,JH01011614505,15.0,,0,deny,manual,6.00,,true,true,,,,,,,,,,,,,,,,,,,,,,,,,,,,,kg,,,
jig-head-de-olho,,,,,,,,,14g,,,5/0,,,Preto,,JH01011914505,15.0,,0,deny,manual,6.00,,true,true,,,,,,,,,,,,,,,,,,,,,,,,,,,,https://cdn.shopify.com/s/files/1/0454/5845/6736/files/jig_head_de_olho_90_preto.jpg?v=1781701878,kg,,,
jig-head-de-olho,,,,,,,,,14g,,,5/0,,,Vermelho,,JH01011814505,15.0,,0,deny,manual,6.00,,true,true,,,,,,,,,,,,,,,,,,,,,,,,,,,,https://cdn.shopify.com/s/files/1/0454/5845/6736/files/jig_head_de_olho_natural_90_vermelho.jpg?v=1781701879,kg,,,
jig-head-de-olho,,,,,,,,,14g,,,6/0,,,Natural,,JH01011514606,15.0,,0,deny,manual,4.50,,true,true,,,,,,,,,,,,,,,,,,,,,,,,,,,,https://cdn.shopify.com/s/files/1/0454/5845/6736/files/jig_head_de_olho_natural.jpg?v=1781701879,kg,,,
jig-head-de-olho,,,,,,,,,14g,,,6/0,,,Amarelo,,JH01010814606,15.0,,0,deny,manual,6.00,,true,true,,,,,,,,,,,,,,,,,,,,,,,,,,,,https://cdn.shopify.com/s/files/1/0454/5845/6736/files/jigdeolho.png?v=1780951080,kg,,,
jig-head-de-olho,,,,,,,,,14g,,,6/0,,,Laranja,,JH01011614606,15.0,,0,deny,manual,6.00,,true,true,,,,,,,,,,,,,,,,,,,,,,,,,,,,,kg,,,
jig-head-de-olho,,,,,,,,,14g,,,6/0,,,Preto,,JH01011914606,15.0,,0,deny,manual,6.00,,true,true,,,,,,,,,,,,,,,,,,,,,,,,,,,,https://cdn.shopify.com/s/files/1/0454/5845/6736/files/jig_head_de_olho_90_preto.jpg?v=1781701878,kg,,,
jig-head-de-olho,,,,,,,,,14g,,,6/0,,,Vermelho,,JH01011814606,15.0,,0,deny,manual,6.00,,true,true,,,,,,,,,,,,,,,,,,,,,,,,,,,,https://cdn.shopify.com/s/files/1/0454/5845/6736/files/jig_head_de_olho_natural_90_vermelho.jpg?v=1781701879,kg,,,
jig-head-de-olho,,,,,,,,,17g,,,1/0,,,Natural,,JH01011517101,17.0,,0,deny,manual,4.50,,true,true,,,,,,,,,,,,,,,,,,,,,,,,,,,,https://cdn.shopify.com/s/files/1/0454/5845/6736/files/jig_head_de_olho_natural.jpg?v=1781701879,kg,,,
jig-head-de-olho,,,,,,,,,17g,,,1/0,,,Amarelo,,JH01010817101,17.0,,0,deny,manual,6.00,,true,true,,,,,,,,,,,,,,,,,,,,,,,,,,,,https://cdn.shopify.com/s/files/1/0454/5845/6736/files/jigdeolho.png?v=1780951080,kg,,,
jig-head-de-olho,,,,,,,,,17g,,,1/0,,,Laranja,,JH01011617101,17.0,,0,deny,manual,6.00,,true,true,,,,,,,,,,,,,,,,,,,,,,,,,,,,,kg,,,
jig-head-de-olho,,,,,,,,,17g,,,1/0,,,Preto,,JH01011917101,17.0,,0,deny,manual,6.00,,true,true,,,,,,,,,,,,,,,,,,,,,,,,,,,,https://cdn.shopify.com/s/files/1/0454/5845/6736/files/jig_head_de_olho_90_preto.jpg?v=1781701878,kg,,,
jig-head-de-olho,,,,,,,,,17g,,,1/0,,,Vermelho,,JH01011817101,17.0,,0,deny,manual,6.00,,true,true,,,,,,,,,,,,,,,,,,,,,,,,,,,,https://cdn.shopify.com/s/files/1/0454/5845/6736/files/jig_head_de_olho_natural_90_vermelho.jpg?v=1781701879,kg,,,
jig-head-de-olho,,,,,,,,,17g,,,2/0,,,Natural,,JH01011517202,17.0,,0,deny,manual,4.50,,true,true,,,,,,,,,,,,,,,,,,,,,,,,,,,,https://cdn.shopify.com/s/files/1/0454/5845/6736/files/jig_head_de_olho_natural.jpg?v=1781701879,kg,,,
jig-head-de-olho,,,,,,,,,17g,,,2/0,,,Amarelo,,JH01010817202,17.0,,0,deny,manual,6.00,,true,true,,,,,,,,,,,,,,,,,,,,,,,,,,,,https://cdn.shopify.com/s/files/1/0454/5845/6736/files/jigdeolho.png?v=1780951080,kg,,,
jig-head-de-olho,,,,,,,,,17g,,,2/0,,,Laranja,,JH01011617202,17.0,,0,deny,manual,6.00,,true,true,,,,,,,,,,,,,,,,,,,,,,,,,,,,,kg,,,
jig-head-de-olho,,,,,,,,,17g,,,2/0,,,Preto,,JH01011917202,17.0,,0,deny,manual,6.00,,true,true,,,,,,,,,,,,,,,,,,,,,,,,,,,,https://cdn.shopify.com/s/files/1/0454/5845/6736/files/jig_head_de_olho_90_preto.jpg?v=1781701878,kg,,,
jig-head-de-olho,,,,,,,,,17g,,,2/0,,,Vermelho,,JH01011817202,17.0,,0,deny,manual,6.00,,true,true,,,,,,,,,,,,,,,,,,,,,,,,,,,,https://cdn.shopify.com/s/files/1/0454/5845/6736/files/jig_head_de_olho_natural_90_vermelho.jpg?v=1781701879,kg,,,
jig-head-de-olho,,,,,,,,,17g,,,3/0,,,Natural,,JH01011517303,17.0,,0,deny,manual,4.50,,true,true,,,,,,,,,,,,,,,,,,,,,,,,,,,,https://cdn.shopify.com/s/files/1/0454/5845/6736/files/jig_head_de_olho_natural.jpg?v=1781701879,kg,,,
jig-head-de-olho,,,,,,,,,17g,,,3/0,,,Amarelo,,JH01010817303,17.0,,0,deny,manual,6.00,,true,true,,,,,,,,,,,,,,,,,,,,,,,,,,,,https://cdn.shopify.com/s/files/1/0454/5845/6736/files/jigdeolho.png?v=1780951080,kg,,,
jig-head-de-olho,,,,,,,,,17g,,,3/0,,,Laranja,,JH01011617303,17.0,,0,deny,manual,6.00,,true,true,,,,,,,,,,,,,,,,,,,,,,,,,,,,,kg,,,
jig-head-de-olho,,,,,,,,,17g,,,3/0,,,Preto,,JH01011917303,17.0,,0,deny,manual,6.00,,true,true,,,,,,,,,,,,,,,,,,,,,,,,,,,,https://cdn.shopify.com/s/files/1/0454/5845/6736/files/jig_head_de_olho_90_preto.jpg?v=1781701878,kg,,,
jig-head-de-olho,,,,,,,,,17g,,,3/0,,,Vermelho,,JH01011817303,17.0,,0,deny,manual,6.00,,true,true,,,,,,,,,,,,,,,,,,,,,,,,,,,,https://cdn.shopify.com/s/files/1/0454/5845/6736/files/jig_head_de_olho_natural_90_vermelho.jpg?v=1781701879,kg,,,
jig-head-de-olho,,,,,,,,,17g,,,4/0,,,Natural,,JH01011517404,17.0,,0,deny,manual,4.50,,true,true,,,,,,,,,,,,,,,,,,,,,,,,,,,,https://cdn.shopify.com/s/files/1/0454/5845/6736/files/jig_head_de_olho_natural.jpg?v=1781701879,kg,,,
jig-head-de-olho,,,,,,,,,17g,,,4/0,,,Amarelo,,JH01010817404,17.0,,0,deny,manual,6.00,,true,true,,,,,,,,,,,,,,,,,,,,,,,,,,,,https://cdn.shopify.com/s/files/1/0454/5845/6736/files/jigdeolho.png?v=1780951080,kg,,,
jig-head-de-olho,,,,,,,,,17g,,,4/0,,,Laranja,,JH01011617404,17.0,,0,deny,manual,6.00,,true,true,,,,,,,,,,,,,,,,,,,,,,,,,,,,,kg,,,
jig-head-de-olho,,,,,,,,,17g,,,4/0,,,Preto,,JH01011917404,17.0,,0,deny,manual,6.00,,true,true,,,,,,,,,,,,,,,,,,,,,,,,,,,,https://cdn.shopify.com/s/files/1/0454/5845/6736/files/jig_head_de_olho_90_preto.jpg?v=1781701878,kg,,,
jig-head-de-olho,,,,,,,,,17g,,,4/0,,,Vermelho,,JH01011817404,17.0,,0,deny,manual,6.00,,true,true,,,,,,,,,,,,,,,,,,,,,,,,,,,,https://cdn.shopify.com/s/files/1/0454/5845/6736/files/jig_head_de_olho_natural_90_vermelho.jpg?v=1781701879,kg,,,
jig-head-de-olho,,,,,,,,,17g,,,5/0,,,Natural,,JH01011517505,17.0,,0,deny,manual,4.50,,true,true,,,,,,,,,,,,,,,,,,,,,,,,,,,,https://cdn.shopify.com/s/files/1/0454/5845/6736/files/jig_head_de_olho_natural.jpg?v=1781701879,kg,,,
jig-head-de-olho,,,,,,,,,17g,,,5/0,,,Amarelo,,JH01010817505,17.0,,0,deny,manual,6.00,,true,true,,,,,,,,,,,,,,,,,,,,,,,,,,,,https://cdn.shopify.com/s/files/1/0454/5845/6736/files/jigdeolho.png?v=1780951080,kg,,,
jig-head-de-olho,,,,,,,,,17g,,,5/0,,,Laranja,,JH01011617505,17.0,,0,deny,manual,6.00,,true,true,,,,,,,,,,,,,,,,,,,,,,,,,,,,,kg,,,
jig-head-de-olho,,,,,,,,,17g,,,5/0,,,Preto,,JH01011917505,17.0,,0,deny,manual,6.00,,true,true,,,,,,,,,,,,,,,,,,,,,,,,,,,,https://cdn.shopify.com/s/files/1/0454/5845/6736/files/jig_head_de_olho_90_preto.jpg?v=1781701878,kg,,,
jig-head-de-olho,,,,,,,,,17g,,,5/0,,,Vermelho,,JH01011817505,17.0,,0,deny,manual,6.00,,true,true,,,,,,,,,,,,,,,,,,,,,,,,,,,,https://cdn.shopify.com/s/files/1/0454/5845/6736/files/jig_head_de_olho_natural_90_vermelho.jpg?v=1781701879,kg,,,
jig-head-de-olho,,,,,,,,,17g,,,6/0,,,Natural,,JH01011517606,17.0,,0,deny,manual,4.50,,true,true,,,,,,,,,,,,,,,,,,,,,,,,,,,,https://cdn.shopify.com/s/files/1/0454/5845/6736/files/jig_head_de_olho_natural.jpg?v=1781701879,kg,,,
jig-head-de-olho,,,,,,,,,17g,,,6/0,,,Amarelo,,JH01010817606,17.0,,0,deny,manual,6.00,,true,true,,,,,,,,,,,,,,,,,,,,,,,,,,,,https://cdn.shopify.com/s/files/1/0454/5845/6736/files/jigdeolho.png?v=1780951080,kg,,,
jig-head-de-olho,,,,,,,,,17g,,,6/0,,,Laranja,,JH01011617606,17.0,,0,deny,manual,6.00,,true,true,,,,,,,,,,,,,,,,,,,,,,,,,,,,,kg,,,
jig-head-de-olho,,,,,,,,,17g,,,6/0,,,Preto,,JH01011917606,17.0,,0,deny,manual,6.00,,true,true,,,,,,,,,,,,,,,,,,,,,,,,,,,,https://cdn.shopify.com/s/files/1/0454/5845/6736/files/jig_head_de_olho_90_preto.jpg?v=1781701878,kg,,,
jig-head-de-olho,,,,,,,,,17g,,,6/0,,,Vermelho,,JH01011817606,17.0,,0,deny,manual,6.00,,true,true,,,,,,,,,,,,,,,,,,,,,,,,,,,,https://cdn.shopify.com/s/files/1/0454/5845/6736/files/jig_head_de_olho_natural_90_vermelho.jpg?v=1781701879,kg,,,
